Year,Region,Country,Crop,Area_hectares,Yield_t_per_ha,Winter_Tmax,Spring_Tmax,Summer_Tmax,Autumn_Tmax,Winter_Tmin,Spring_Tmin,Summer_Tmin,Autumn_Tmin,Spring_Temp_Mean,Summer_Temp_Mean,Flowering_Temp,Grain_Filling_Temp,Summer_Tmax_Peak,Spring_Tmin_Coldest,Spring_Temp_Range,Summer_Temp_Range,Spring_GDD,Summer_GDD,Winter_Rain,Spring_Rain,Summer_Rain,Autumn_Rain,Planting_Rain,Grain_Filling_Rain,Harvest_Rain,Annual_Rain,Rain_Deviation_from_Optimal,Spring_Rain_Squared,Summer_Rain_Squared,Winter_Sun,Spring_Sun,Summer_Sun,Autumn_Sun,Grain_Filling_Sun,Flowering_Sun,Summer_Sun_per_Rain,Winter_Frost,Spring_Frost,Autumn_Frost,Late_Spring_Frost,Spring_Temp_x_Rain,Summer_Temp_x_Rain,Summer_Temp_x_Sun,Heat_Stress,Cold_Spring,Extreme_Summer_Rain,Drought_Spring
2004,England,UK,Wheat,1864591,7.7,7.966666666666668,13.233333333333334,20.4,14.166666666666666,2.1,4.8999999999999995,11.533333333333331,7.4,9.066666666666666,15.966666666666663,13.475,16.375,21.4,2.6,8.333333333333336,8.866666666666665,12.2,32.900000000000006,220.5,169.10000000000002,270.0,230.4,230.4,213.9,200.3,889.9999999999999,30.33416053869223,28594.81000000001,72900.0,191.6,446.9,543.7,304.5,343.4,404.7000000000001,2.013703703703704,29.299999999999997,6.8,4.4,0.9,1533.1733333333334,4311.0,11091.48,0,0,0,0
2005,England,UK,Wheat,1748414,7.9,7.599999999999999,12.866666666666667,20.533333333333335,14.966666666666669,1.7,4.766666666666667,11.1,7.533333333333332,8.816666666666666,15.816666666666666,13.075,16.175,20.9,3.4,8.100000000000001,9.433333333333335,11.45,32.449999999999996,166.0,161.3,174.5,243.8,243.8,120.8,120.7,745.6,174.7341605386921,26017.69,30450.25,189.3,441.9,576.4,325.3,386.0,406.1,3.3031518624641834,27.299999999999997,11.3,11.5,3.1999999999999997,1422.128333333333,2760.008333333333,11835.413333333334,0,0,0,0
2006,England,UK,Wheat,1709042,8.0,7.2,12.133333333333336,22.03333333333333,16.099999999999998,2.0,4.333333333333333,11.866666666666667,8.666666666666668,8.233333333333334,16.95,13.675,17.65,25.2,1.3,7.800000000000002,10.166666666666664,10.1,35.85,191.9,224.3,152.9,275.3,275.3,128.9,161.2,844.4,75.93416053869214,50310.490000000005,23378.410000000003,165.4,429.7,667.4,345.29999999999995,440.2000000000001,399.4,4.364944408109875,26.1,16.200000000000003,3.4,3.8,1846.736666666667,2591.655,14705.046666666663,0,0,0,0
2007,England,UK,Wheat,1690984,7.2,8.733333333333333,14.433333333333332,19.4,14.366666666666667,2.766666666666667,5.366666666666667,10.866666666666664,6.666666666666667,9.9,15.133333333333333,13.275,15.3,20.0,2.9,9.066666666666665,8.533333333333337,14.7,30.4,275.7,173.9,324.4,159.3,159.3,178.6,98.0,933.3,12.965839461307837,30241.210000000003,105235.36,182.7,535.0,532.7,329.5,381.8,314.9,1.6421085080147968,23.0,4.0,5.8,0.7,1721.61,4909.253333333333,10334.380000000005,0,0,0,0
2008,England,UK,Wheat,1934708,8.3,8.333333333333334,13.033333333333331,19.633333333333336,13.366666666666667,1.633333333333333,4.7,11.266666666666666,6.366666666666667,8.866666666666665,15.45,13.475,16.175,20.6,2.4,8.333333333333332,8.36666666666667,11.6,31.35,225.2,218.1,265.6,272.4,272.4,206.5,202.2,981.3,60.96583946130784,47567.61,70543.36000000002,232.5,465.0,505.2000000000001,297.0,305.3,393.4,1.90210843373494,29.6,11.9,7.1,5.8,1933.8199999999997,4103.52,9918.760000000002,0,0,0,0
2009,England,UK,Wheat,1653087,7.9,6.133333333333333,13.866666666666667,20.266666666666666,14.733333333333334,0.4333333333333333,4.866666666666667,11.166666666666666,7.666666666666667,9.366666666666667,15.716666666666663,13.2,16.299999999999997,21.0,2.5,9.0,9.1,13.1,32.150000000000006,228.0,135.0,242.9,268.5,268.5,188.0,89.5,874.4,45.93416053869214,18225.0,59000.41,174.60000000000002,542.2,558.8,303.29999999999995,357.7,416.4,2.3005351996706462,42.400000000000006,6.3999999999999995,0.6,0.6,1264.5,3817.578333333333,11325.013333333332,0,0,0,1
2010,England,UK,Wheat,1791900,7.6,3.9666666666666663,13.0,20.500000000000004,13.166666666666666,-1.7,3.733333333333333,11.1,6.166666666666667,8.366666666666667,15.8,12.775,16.200000000000003,21.6,1.9,9.266666666666667,9.400000000000004,10.1,32.400000000000006,175.9,112.8,194.7,243.1,243.1,158.3,175.8,726.5000000000001,193.834160538692,12723.84,37908.09,165.0,527.4000000000001,547.4000000000001,317.20000000000005,309.6,441.1,2.81150487930149,57.3,14.4,11.9,4.4,943.76,3076.26,11221.700000000004,0,0,0,1
2011,England,UK,Wheat,1816560,7.7,7.9,14.8,19.366666666666667,15.800000000000002,2.3666666666666667,5.266666666666667,10.166666666666666,8.5,10.033333333333331,14.766666666666666,12.975,15.2,19.8,2.2,9.533333333333331,9.2,15.1,29.3,260.3,79.19999999999999,207.5,165.8,165.8,137.6,132.5,712.8000000000001,207.53416053869205,6272.6399999999985,43056.25,148.4,557.7,517.7,325.7,321.79999999999995,400.9,2.4949397590361446,21.9,8.100000000000001,1.2,0.7,794.6399999999999,3064.083333333333,10026.123333333337,0,0,0,1
2012,England,UK,Wheat,1856229,6.7,7.666666666666667,13.3,19.066666666666663,13.199999999999998,1.5,4.466666666666667,11.0,5.8999999999999995,8.883333333333333,15.033333333333331,12.45,15.85,20.8,3.1,8.833333333333332,8.066666666666666,11.65,30.1,242.7,216.9,351.29999999999995,315.0,315.0,203.1,178.0,1125.9,205.56583946130797,47045.61,123411.68999999996,198.7,488.9,440.4,322.2,322.2,312.0,1.2536293766011957,32.3,7.7,6.300000000000001,5.2,1926.795,5281.209999999999,8396.96,0,0,1,0
2013,England,UK,Wheat,1504571,7.4,6.933333333333334,10.6,21.066666666666663,14.166666666666666,1.3,2.733333333333333,11.2,7.133333333333333,6.666666666666666,16.133333333333333,11.900000000000002,17.4,23.6,-0.3,7.866666666666667,9.866666666666664,7.4,33.400000000000006,238.9,168.3,149.5,256.1,256.1,113.9,111.7,812.8,107.53416053869216,28324.890000000003,22350.25,169.89999999999998,432.5,639.8000000000001,289.70000000000005,457.2000000000001,371.1,4.279598662207358,31.299999999999997,26.6,5.4,8.6,1122.0,2411.9333333333334,13478.453333333337,0,1,0,0
2014,England,UK,Wheat,1796730,8.6,8.433333333333335,14.033333333333331,20.6,15.366666666666667,2.533333333333333,5.6000000000000005,11.066666666666668,8.200000000000001,9.816666666666666,15.833333333333332,13.525,16.25,22.7,3.1,8.43333333333333,9.53333333333333,14.45,32.5,357.6,197.9,205.3,222.1,222.1,159.0,122.4,982.9,62.56583946130786,39164.41,42148.09,214.5,459.9,636.3,279.0,433.2,376.1,3.09936678032148,17.200000000000003,5.6000000000000005,2.4,1.1,1942.7183333333332,3250.5833333333335,13107.779999999995,0,0,0,0
2015,England,UK,Wheat,1692939,9.0,8.799999999999999,13.0,19.9,14.533333333333331,2.8666666666666667,4.233333333333333,10.466666666666669,7.1000000000000005,8.616666666666667,15.183333333333334,12.35,15.825,20.4,2.4,8.766666666666666,9.433333333333335,10.85,30.549999999999997,277.5,153.7,206.8,228.8,228.8,171.5,143.2,866.8,53.53416053869216,23623.689999999995,42766.240000000005,187.1,531.3,564.1,297.2,342.7,403.8,2.7277562862669247,22.800000000000004,7.4,2.4,2.3,1324.381666666667,3139.9133333333334,11225.590000000002,0,0,0,0
2016,England,UK,Wheat,1683717,7.9,8.433333333333332,12.6,20.46666666666667,14.3,2.1666666666666665,4.066666666666666,11.699999999999998,7.066666666666666,8.333333333333332,16.083333333333332,13.425,16.75,21.5,1.8,8.533333333333333,8.766666666666671,10.000000000000002,33.25,232.6,192.2,199.7,199.0,199.0,104.4,127.1,823.5,96.83416053869212,36940.84,39880.09,193.0,500.1,530.2,327.6,400.3,338.20000000000005,2.6549824737105663,25.800000000000004,12.2,6.3,5.4,1601.6666666666663,3211.8416666666662,10851.426666666668,0,0,0,0
2004,Wales,UK,Wheat,15423,7.5,7.833333333333333,12.3,18.7,13.3,2.2333333333333334,4.566666666666666,11.033333333333331,7.333333333333333,8.433333333333334,14.866666666666664,12.6,15.225,19.9,2.2,7.7333333333333325,7.666666666666668,10.3,29.6,445.5,238.1,310.0,492.6,492.6,235.9,302.2,1486.2000000000005,565.8658394613084,56691.61,96100.0,180.6,438.4,494.2,256.8,308.0,391.0,1.5941935483870968,27.9,9.2,3.6,1.1,2007.9766666666667,4608.666666666666,9241.54,0,0,0,0
2005,Wales,UK,Wheat,14812,7.1,7.5,12.1,19.066666666666663,14.066666666666668,2.0666666666666664,4.7,10.7,7.266666666666667,8.4,14.883333333333333,12.3,15.2,19.5,3.6,7.4,8.366666666666665,10.2,29.65,315.6,252.5,231.9,503.7999999999999,503.7999999999999,157.3,171.4,1303.8000000000002,383.46583946130806,63756.25,53777.609999999986,154.3,431.1,547.9,283.09999999999997,375.7,380.2,2.3626563173781805,25.5,11.6,12.0,3.7,2121.0,3451.4449999999997,10446.626666666669,0,0,0,0
2006,Wales,UK,Wheat,15524,6.4,6.966666666666666,11.366666666666667,20.4,14.966666666666669,1.9666666666666668,4.233333333333333,11.366666666666667,8.166666666666666,7.800000000000001,15.883333333333336,12.95,16.425,23.1,1.4,7.133333333333334,9.033333333333337,9.0,32.650000000000006,403.9,407.2000000000001,190.1,469.2,469.2,154.7,186.2,1470.4,550.065839461308,165811.84000000003,36138.009999999995,155.7,405.7000000000001,608.9,315.0,386.8,379.9,3.2030510257759075,30.2,15.7,4.3,3.9,3176.1600000000008,3019.4216666666666,12421.56,0,0,0,0
2007,Wales,UK,Wheat,12989,6.6,8.466666666666667,13.699999999999998,17.96666666666667,13.633333333333333,2.8666666666666667,4.966666666666667,10.4,6.933333333333333,9.333333333333332,14.183333333333334,12.625,14.175,18.5,2.7,8.73333333333333,7.566666666666668,13.000000000000002,27.549999999999997,532.7,258.7,447.9,246.6,246.6,279.8,167.5,1485.8999999999996,565.5658394613075,66925.68999999999,200614.40999999997,166.8,544.7,478.1,285.59999999999997,343.70000000000005,318.4,1.067425764679616,23.0,5.000000000000001,5.9,1.3,2414.533333333333,6352.715,8589.863333333335,0,0,1,0
2008,Wales,UK,Wheat,19600,6.8,8.166666666666666,12.3,17.833333333333332,12.6,1.6666666666666667,4.733333333333333,10.733333333333334,6.366666666666667,8.516666666666666,14.283333333333331,12.775,15.025,18.8,2.4,7.5666666666666655,7.099999999999998,10.55,27.85,421.4,298.4,434.4,511.4,511.4,340.2,344.5,1665.6,745.2658394613078,89042.55999999998,188703.36,205.3,451.1,437.2,260.0,247.1,374.9,1.0064456721915285,30.6,11.1,6.1,5.6,2541.373333333333,6204.679999999999,7796.733333333333,0,0,1,0
2009,Wales,UK,Wheat,19646,7.1,6.033333333333334,12.533333333333331,18.5,13.866666666666667,0.4000000000000001,4.633333333333334,10.8,7.333333333333333,8.583333333333334,14.65,12.425,14.975,18.7,2.5,7.9,7.700000000000001,10.750000000000002,28.95,355.2,238.0,402.9,500.7,500.7,328.2,154.9,1496.8000000000002,576.4658394613081,56644.0,162328.41000000003,157.10000000000002,474.9,494.7,258.0,297.2,385.1,1.2278481012658229,41.0,7.6,0.8,1.9,2042.8333333333337,5902.485,9151.95,0,0,1,0
2010,Wales,UK,Wheat,24347,7.1,4.166666666666667,12.233333333333334,18.666666666666668,12.6,-2.1333333333333333,3.2000000000000006,10.533333333333331,5.666666666666667,7.716666666666668,14.6,12.125,14.8,19.3,1.1,9.033333333333331,8.133333333333335,8.150000000000002,28.799999999999997,213.9,196.6,306.3,412.2,412.2,264.1,258.0,1129.0,208.66583946130788,38651.56,93819.69,176.6,541.3,496.6,316.5,260.0,448.0,1.6212863206007182,60.3,20.4,12.7,7.3,1517.0966666666668,4471.9800000000005,9269.866666666669,0,0,0,0
2011,Wales,UK,Wheat,25843,7.5,7.7,13.666666666666666,17.733333333333334,14.633333333333333,2.4,5.1000000000000005,9.533333333333331,8.499999999999998,9.383333333333333,13.633333333333333,11.9,14.15,18.5,1.7,8.566666666666666,8.200000000000001,13.15,25.9,491.0,155.60000000000002,288.5,353.6,353.6,178.5,212.6,1288.6999999999998,368.3658394613077,24211.360000000008,83232.25,134.3,532.1,504.9,263.3,305.8,369.0,1.7500866551126515,22.700000000000003,9.9,1.3,0.3,1460.0466666666669,3933.2166666666662,8953.560000000001,0,0,0,0
2012,Wales,UK,Wheat,25614,5.8,7.533333333333334,12.5,17.533333333333335,12.266666666666666,2.0,4.366666666666666,10.733333333333334,5.733333333333334,8.433333333333334,14.133333333333336,11.825,14.825,18.9,2.9,8.133333333333333,6.800000000000001,10.3,27.4,459.1,277.6,508.1,457.6,457.6,289.5,287.6,1702.4,782.065839461308,77061.76000000001,258165.60999999996,154.0,481.5,397.2000000000001,270.0,278.5,325.8,0.781735878764023,29.6,7.5,6.8,5.6,2341.0933333333337,7181.1466666666665,6964.240000000002,0,0,1,0
2013,Wales,UK,Wheat,15133,6.5,6.933333333333333,9.733333333333334,19.633333333333333,13.5,1.633333333333333,2.3,10.733333333333334,7.266666666666667,6.0166666666666675,15.183333333333334,11.05,16.35,22.4,-0.7,7.4333333333333345,8.899999999999999,5.65,30.55,441.4,255.4,233.6,412.8,412.8,171.2,182.8,1343.2,422.8658394613079,65229.15999999999,54568.96,143.2,442.7000000000001,626.5,234.2,438.5,371.6,2.6819349315068495,32.3,29.9,5.4,10.0,1536.6566666666668,3546.826666666667,12300.283333333333,0,1,0,0
2014,Wales,UK,Wheat,21486,7.6,7.933333333333333,13.0,19.066666666666663,14.633333333333336,2.7000000000000006,5.3,10.433333333333334,7.633333333333333,9.15,14.75,12.75,15.05,20.8,3.0,7.7,8.633333333333333,12.45,29.25,659.1,289.0,257.9,345.0,345.0,200.4,159.70000000000002,1551.0,630.6658394613079,83521.0,66512.40999999999,162.5,417.3,616.0,287.9,395.8,362.9,2.388522683210547,15.3,4.9,2.4,0.5,2644.35,3804.025,11745.066666666666,0,0,0,0
2015,Wales,UK,Wheat,21835,8.1,8.366666666666667,11.933333333333332,17.866666666666664,13.933333333333335,2.966666666666667,3.9,10.0,6.7,7.916666666666666,13.933333333333332,11.425,14.4,18.2,2.0,8.033333333333331,7.866666666666664,8.75,26.799999999999997,609.6,267.4,302.4,389.1,389.1,242.8,200.6,1568.5,648.1658394613079,71502.76,91445.75999999998,148.4,499.2999999999999,533.4,287.1,313.2,382.1,1.7638888888888888,22.6,10.1,2.5,1.9,2116.9166666666665,4213.44,9530.079999999998,0,0,0,0
2016,Wales,UK,Wheat,21410,7.3,8.200000000000001,12.033333333333331,18.766666666666666,13.366666666666667,2.4666666666666663,4.0,11.433333333333332,6.699999999999999,8.016666666666666,15.099999999999998,13.175,15.4,19.4,1.6,8.033333333333333,7.333333333333334,9.05,30.299999999999997,473.7000000000001,277.5,321.4,298.4,298.4,190.0,239.0,1371.0,450.6658394613079,77006.25,103297.96,152.7,512.5999999999999,467.00000000000006,297.9,325.70000000000005,357.6,1.453018046048538,22.799999999999997,14.0,6.6,5.8999999999999995,2224.6249999999995,4853.139999999999,8764.033333333335,0,0,0,0
2004,Scotland,UK,Wheat,101126,8.6,6.5,11.066666666666668,16.666666666666668,11.433333333333332,0.6333333333333333,3.633333333333333,9.533333333333331,5.5,7.35,13.1,11.0,13.6,17.9,1.2,7.433333333333335,7.133333333333335,7.349999999999999,24.299999999999997,505.2999999999999,282.59999999999997,395.7,501.0,501.0,264.5,364.0,1684.6,764.2658394613078,79862.75999999998,156578.49,143.5,396.4,395.2,218.5,277.1,301.0,0.9987364164771292,41.2,12.2,7.2,2.8,2077.1099999999997,5183.67,6586.666666666667,0,0,1,0
2005,Scotland,UK,Wheat,95595,8.6,6.333333333333333,10.366666666666667,16.8,11.9,1.0,3.233333333333333,9.266666666666666,5.733333333333333,6.8,13.033333333333331,10.375,13.325,17.3,2.5,7.133333333333335,7.533333333333335,5.400000000000001,24.1,447.5,350.20000000000005,287.7,493.4,493.4,183.7,273.6,1578.8000000000002,658.4658394613081,122640.04000000004,82771.29,123.0,414.2,414.0,209.4,282.4,313.7,1.4389989572471324,34.5,17.599999999999998,11.9,8.1,2381.36,3749.69,6955.200000000001,0,0,0,0
2006,Scotland,UK,Wheat,99681,8.5,6.3,9.4,18.1,12.800000000000002,0.7666666666666666,1.9666666666666668,9.733333333333333,6.6000000000000005,5.683333333333334,13.916666666666664,10.8,14.5,20.4,-0.5,7.433333333333334,8.366666666666665,4.6,26.75,454.3,361.3,241.9,582.6999999999999,582.6999999999999,167.1,246.2,1640.2,719.8658394613079,130537.69,58515.609999999986,133.4,422.2999999999999,475.5,226.5,304.5,356.2,1.9656883009508064,34.0,26.4,4.5,9.7,2053.3883333333333,3366.4416666666657,8606.55,0,1,0,0
2007,Scotland,UK,Wheat,102744,8.1,6.733333333333333,11.566666666666668,16.0,11.8,1.133333333333333,3.6666666666666665,8.966666666666667,5.566666666666666,7.616666666666667,12.483333333333334,10.425,12.7,16.3,1.7,7.900000000000002,7.033333333333333,7.85,22.450000000000003,511.4,318.3,382.0,354.79999999999995,354.79999999999995,272.4,238.7,1566.4999999999998,646.1658394613077,101314.89,145924.0,128.6,481.5,373.6,219.7,249.0,303.9,0.9780104712041884,33.0,12.6,7.5,4.0,2424.385,4768.633333333334,5977.6,0,0,1,0
2008,Scotland,UK,Wheat,113797,8.3,6.366666666666667,10.533333333333331,16.566666666666666,10.766666666666666,0.1999999999999999,2.8666666666666667,9.433333333333332,4.633333333333334,6.7,13.0,11.05,13.825,17.7,0.4,7.666666666666666,7.133333333333335,6.5,24.0,570.0,288.8,370.7000000000001,487.2,487.2,263.20000000000005,262.6,1716.6999999999998,796.3658394613077,83405.44,137418.49000000002,130.8,469.3,376.1,216.7,232.2,353.20000000000005,1.0145670353385483,41.900000000000006,23.1,14.1,9.5,1934.96,4819.1,6230.723333333333,0,0,1,0
2009,Scotland,UK,Wheat,92482,8.1,4.833333333333333,11.266666666666666,17.066666666666666,11.633333333333333,-0.7999999999999999,3.4333333333333336,9.333333333333334,5.833333333333333,7.35,13.2,10.775,13.7,17.7,1.5,7.833333333333332,7.7333333333333325,7.15,24.6,349.7,349.40000000000003,425.6,554.0,554.0,354.9,327.5,1678.6999999999998,758.3658394613077,122080.36000000004,181135.36,114.9,464.0,485.4,222.49999999999997,283.6,411.8,1.1405075187969924,51.599999999999994,13.3,7.4,4.2,2568.09,5617.92,8284.16,0,0,1,0
2010,Scotland,UK,Wheat,111436,8.2,2.733333333333333,10.3,16.633333333333336,10.433333333333332,-3.366666666666667,2.3000000000000003,9.066666666666666,4.266666666666667,6.300000000000001,12.85,10.575,12.9,17.0,0.3,8.0,7.56666666666667,5.05,23.55,237.1,236.3,306.7,465.6,465.6,267.2,254.8,1245.7,325.3658394613079,55837.69,94064.89,146.9,433.0,409.8,248.5,254.6,343.79999999999995,1.3361591131398762,67.0,24.299999999999997,19.0,11.1,1488.6900000000005,3941.095,6816.340000000001,0,0,0,0
2011,Scotland,UK,Wheat,115412,8.1,5.733333333333334,11.533333333333331,15.766666666666666,12.533333333333331,0.2333333333333333,3.766666666666667,8.066666666666668,6.766666666666667,7.65,11.916666666666668,10.075,12.45,17.0,1.1,7.766666666666666,7.699999999999997,8.450000000000001,20.75,562.5999999999999,369.9,360.9,569.4,569.4,261.4,350.29999999999995,1862.8,942.4658394613078,136826.00999999998,130248.80999999998,118.9,439.6,394.1,205.4,257.29999999999995,312.0,1.0919922416181769,43.1,13.7,3.2,2.7,2829.735,4300.725,6213.643333333333,0,0,1,0
2012,Scotland,UK,Wheat,100637,6.7,5.966666666666666,10.933333333333332,15.633333333333336,10.1,0.6666666666666666,2.9,8.566666666666666,3.8333333333333335,6.916666666666666,12.1,9.65,12.875,17.3,1.3,8.033333333333331,7.066666666666668,5.800000000000001,21.3,499.7,254.4,386.5,455.6,455.6,260.2,280.8,1596.2,675.8658394613079,64719.36,149382.25,122.0,447.1,343.0,244.5,234.1,312.0,0.88745148771022,38.8,19.5,16.9,14.9,1759.6,4676.650000000001,5362.233333333334,0,0,1,0
2013,Scotland,UK,Wheat,86840,7.5,5.966666666666666,8.433333333333334,17.633333333333336,11.3,0.7333333333333334,1.2666666666666668,9.466666666666669,5.166666666666667,4.8500000000000005,13.55,10.05,14.5,19.8,-1.6,7.166666666666667,8.16666666666667,3.4499999999999993,25.65,524.4,285.2,229.4,419.2000000000001,419.2000000000001,169.5,188.7,1458.2,537.8658394613079,81339.04,52624.36,127.1,406.2999999999999,463.7999999999999,219.3,320.7,298.2,2.021795989537925,39.7,36.0,12.9,14.5,1383.22,3108.3700000000003,8178.340000000001,0,1,0,0
2014,Scotland,UK,Wheat,109023,9.1,5.966666666666666,11.2,17.23333333333333,12.4,0.9666666666666665,4.266666666666667,9.3,6.2,7.733333333333334,13.266666666666666,11.375,13.425,19.1,2.3,6.9333333333333345,7.933333333333332,8.2,24.8,652.2,321.29999999999995,341.6,423.2999999999999,423.2999999999999,274.0,227.1,1738.4,818.065839461308,103233.68999999996,116690.56,114.3,359.9,456.80000000000007,204.4,334.9,238.9,1.3372365339578456,31.8,10.1,3.8,3.6,2484.72,4531.893333333333,7872.186666666667,0,0,0,0
2015,Scotland,UK,Wheat,109562,9.3,6.433333333333334,9.933333333333334,15.699999999999998,11.966666666666669,0.8333333333333334,2.2666666666666666,8.233333333333333,5.2,6.1,11.966666666666663,9.125,12.625,16.7,1.0,7.666666666666667,7.466666666666665,3.95,20.9,696.7,400.2,359.2,381.3,381.3,267.5,166.0,1837.4,917.065839461308,160160.03999999998,129024.63999999998,128.0,470.1,388.3,244.1,260.9,293.6,1.0810133630289531,36.8,22.3,6.1000000000000005,11.3,2441.22,4298.426666666666,6096.3099999999995,0,0,1,0
2016,Scotland,UK,Wheat,109594,8.5,6.366666666666667,10.333333333333334,16.566666666666666,11.466666666666669,0.8999999999999999,2.766666666666667,9.366666666666664,4.866666666666666,6.550000000000001,12.966666666666663,11.125,13.275,17.1,1.2,7.566666666666666,7.200000000000001,5.049999999999999,23.9,559.0,261.4,344.8,321.0,321.0,255.4,259.8,1486.2,565.8658394613079,68329.95999999999,118887.04,115.5,452.7999999999999,393.2,254.8,252.1,344.79999999999995,1.140371229698376,38.5,21.9,15.0,11.1,1712.17,4470.906666666666,6514.013333333333,0,0,0,0
2004,Northern Ireland,UK,Wheat,8634,7.5,8.133333333333333,12.433333333333332,18.066666666666663,12.766666666666666,2.0,4.466666666666666,10.566666666666666,6.966666666666666,8.45,14.316666666666666,12.375,14.525,18.9,2.4,7.966666666666666,7.5,10.35,27.949999999999996,290.2,214.0,285.5,299.7,299.7,176.3,219.7,1089.4,169.06583946130797,45796.0,81510.25,174.7,443.7,404.2000000000001,229.3,269.9,317.6,1.4157618213660246,25.6,6.199999999999999,3.0,0.6,1808.3,4087.4083333333338,7302.546666666667,0,0,0,0
2005,Northern Ireland,UK,Wheat,8407,7.4,8.0,12.033333333333331,18.266666666666666,13.466666666666669,2.4333333333333336,4.433333333333334,10.766666666666666,6.8999999999999995,8.233333333333334,14.516666666666666,11.875,14.75,18.7,3.8,7.6,7.5,9.7,28.55,307.9,271.3,193.1,301.7,301.7,137.1,180.3,1074.0,153.66583946130788,73603.69,37287.61,136.1,412.6,370.0,238.40000000000003,245.2,307.4,1.916105644743656,19.3,8.100000000000001,6.6,2.2,2233.703333333334,2803.168333333333,6758.666666666666,0,0,0,0
2006,Northern Ireland,UK,Wheat,8720,7.6,7.9,11.433333333333332,19.533333333333335,14.2,2.0,3.733333333333333,10.733333333333334,7.4,7.583333333333332,15.133333333333336,12.3,15.625,21.7,1.5,7.699999999999999,8.8,7.85,30.4,237.0,329.1,195.4,395.1,395.1,159.2,228.5,1156.6,236.2658394613078,108306.81,38181.15999999999,169.6,440.1,508.3,260.4,318.5,375.4,2.601330603889458,22.1,13.9,2.3,3.6,2495.6749999999997,2957.0533333333333,9928.793333333337,0,0,0,0
2007,Northern Ireland,UK,Wheat,9165,7.4,8.733333333333333,13.5,17.666666666666668,13.833333333333334,2.466666666666667,4.566666666666666,10.033333333333331,7.3,9.033333333333331,13.85,12.075,14.05,17.9,2.2,8.933333333333334,7.633333333333335,12.1,26.549999999999997,328.8,180.3,381.1,200.7,200.7,233.9,162.1,1090.9,170.56583946130797,32508.090000000004,145237.21000000002,150.5,539.3,408.2999999999999,223.2,266.6,366.7999999999999,1.0713723432170033,18.5,6.700000000000001,2.6,1.5,1628.71,5278.235000000001,7213.299999999999,0,0,1,0
2008,Northern Ireland,UK,Wheat,12105,7.9,8.133333333333333,12.6,17.766666666666666,12.300000000000002,1.5,4.233333333333333,10.233333333333333,5.6000000000000005,8.416666666666666,14.0,12.475,14.675,18.3,1.9,8.366666666666667,7.533333333333333,10.25,27.0,326.8,201.6,405.2,341.9,341.9,328.29999999999995,324.29999999999995,1275.4999999999998,355.16583946130766,40642.56,164187.03999999998,153.0,527.4000000000001,346.4,230.3,189.2,393.0,0.8548864758144126,28.799999999999997,9.2,5.0,4.1,1696.7999999999995,5672.8,6154.373333333333,0,0,1,0
2009,Northern Ireland,UK,Wheat,10122,7.2,6.5,12.5,18.366666666666664,13.333333333333334,0.5333333333333333,4.466666666666666,10.133333333333333,6.6000000000000005,8.483333333333333,14.249999999999998,12.05,14.55,18.7,2.4,8.033333333333335,8.23333333333333,10.45,27.749999999999996,250.1,274.0,358.1,373.8,373.8,298.7,205.4,1255.9999999999998,335.66583946130766,75076.0,128235.61000000002,151.2,452.6,494.0,256.1,262.5,425.2,1.3795029321418597,41.5,5.499999999999999,3.7,0.4,2324.433333333333,5102.924999999999,9073.133333333331,0,0,1,0
2010,Northern Ireland,UK,Wheat,10895,8.2,4.300000000000001,12.266666666666666,18.3,12.433333333333332,-2.2666666666666666,3.0666666666666664,10.133333333333333,5.2,7.666666666666666,14.216666666666669,12.125,14.175,18.9,0.5,9.2,8.166666666666668,8.1,27.65,217.40000000000003,207.2,243.9,372.2999999999999,372.2999999999999,198.3,224.0,1040.8,120.46583946130784,42931.84,59487.21000000001,175.2,485.7,451.6,298.2,264.0,386.1,1.851578515785158,58.4,19.6,15.1,7.0,1588.533333333333,3467.445,8264.28,0,0,0,0
2011,Northern Ireland,UK,Wheat,11567,7.8,7.633333333333333,13.3,17.03333333333333,13.833333333333334,1.5,4.833333333333333,8.833333333333334,7.8,9.066666666666666,12.933333333333334,11.2,13.525,17.9,1.6,8.466666666666665,8.199999999999998,12.2,23.799999999999997,358.0,196.6,243.9,463.1,463.1,140.89999999999998,194.2,1261.6,341.2658394613078,38651.56000000001,59487.20999999999,168.5,485.2999999999999,398.2,210.4,251.0,317.6,1.6326363263632635,29.699999999999996,9.4,1.4,0.0,1782.506666666667,3154.4399999999996,6782.673333333332,0,0,0,0
2012,Northern Ireland,UK,Wheat,9395,6.0,8.033333333333333,12.533333333333331,17.2,11.833333333333334,2.6666666666666665,4.166666666666667,9.833333333333334,4.999999999999999,8.35,13.516666666666666,11.175,14.3,18.9,2.4,8.366666666666667,7.366666666666665,10.05,25.549999999999997,315.29999999999995,155.1,395.2999999999999,312.3,312.3,217.1,221.1,1178.0,257.6658394613079,24056.01,156262.08999999997,125.7,466.6,357.0,269.7,262.2,290.5,0.9031115608398684,18.1,9.3,8.200000000000001,6.300000000000001,1295.0849999999998,5343.138333333332,6140.4,0,0,1,0
2013,Northern Ireland,UK,Wheat,7968,7.3,7.5,9.833333333333334,19.333333333333332,13.033333333333331,1.9333333333333336,2.733333333333333,10.699999999999998,6.566666666666666,6.283333333333333,15.016666666666666,11.325,16.0,21.8,-0.0,7.100000000000001,8.633333333333335,6.1,30.05,360.4,270.9,212.09999999999997,291.0,291.0,127.5,123.8,1134.4,214.06583946130797,73386.80999999998,44986.40999999999,145.29999999999998,396.1,497.2,260.20000000000005,335.5,326.4,2.3441772748703444,23.5,23.3,4.6000000000000005,7.1,1702.1549999999995,3185.0349999999994,9612.533333333333,0,0,0,0
2014,Northern Ireland,UK,Wheat,8498,7.5,7.400000000000001,12.866666666666667,18.366666666666667,13.933333333333332,1.7333333333333334,5.266666666666667,10.2,6.566666666666666,9.066666666666666,14.283333333333331,12.5,14.55,20.1,2.7,7.6,8.166666666666668,12.2,27.85,487.19999999999993,219.0,261.2,320.1,320.1,204.4,147.0,1287.5000000000002,367.1658394613081,47961.0,68225.43999999999,151.2,365.2999999999999,473.5,267.2,306.3,275.29999999999995,1.8127871362940275,19.3,8.0,1.6,1.1,1985.6,3730.8066666666664,8696.616666666667,0,0,0,0
2015,Northern Ireland,UK,Wheat,7976,8.0,7.866666666666667,11.7,17.1,13.433333333333332,1.7666666666666666,3.1666666666666665,9.066666666666666,6.333333333333333,7.433333333333334,13.083333333333334,10.675,13.475,17.6,1.6,8.533333333333335,8.033333333333335,7.300000000000001,24.25,443.7999999999999,283.20000000000005,285.29999999999995,305.5,305.5,239.8,166.0,1317.8,397.46583946130784,80202.24000000002,81396.08999999997,152.8,494.4,427.8,266.0,250.0,329.9,1.4994742376445849,25.3,13.8,1.6,4.6,2105.1200000000003,3732.675,7315.380000000001,0,0,0,0
2016,Northern Ireland,UK,Wheat,8616,7.0,8.066666666666666,12.0,18.4,12.9,2.266666666666667,3.766666666666667,10.866666666666667,6.266666666666666,7.883333333333334,14.633333333333333,12.7,14.85,18.6,2.4,8.233333333333333,7.533333333333331,8.649999999999999,28.9,363.4,209.4,254.4,222.3,222.3,165.5,164.2,1049.5,129.16583946130788,43848.35999999999,64719.36,149.39999999999998,481.0,371.4,263.2,240.7,349.0,1.4599056603773584,22.6,11.6,8.6,6.3,1650.77,3722.72,6833.759999999999,0,0,0,0
2004,England,UK,Barley,642362,5.8,7.966666666666668,13.233333333333334,20.4,14.166666666666666,2.1,4.8999999999999995,11.533333333333331,7.4,9.066666666666666,15.966666666666663,13.475,16.375,21.4,2.6,8.333333333333336,8.866666666666665,12.2,32.900000000000006,220.5,169.10000000000002,270.0,230.4,230.4,213.9,200.3,889.9999999999999,30.33416053869223,28594.81000000001,72900.0,191.6,446.9,543.7,304.5,343.4,404.7000000000001,2.013703703703704,29.299999999999997,6.8,4.4,0.9,1533.1733333333334,4311.0,11091.48,0,0,0,0
2005,England,UK,Barley,595527,5.9,7.599999999999999,12.866666666666667,20.533333333333335,14.966666666666669,1.7,4.766666666666667,11.1,7.533333333333332,8.816666666666666,15.816666666666666,13.075,16.175,20.9,3.4,8.100000000000001,9.433333333333335,11.45,32.449999999999996,166.0,161.3,174.5,243.8,243.8,120.8,120.7,745.6,174.7341605386921,26017.69,30450.25,189.3,441.9,576.4,325.3,386.0,406.1,3.3031518624641834,27.299999999999997,11.3,11.5,3.1999999999999997,1422.128333333333,2760.008333333333,11835.413333333334,0,0,0,0
2006,England,UK,Barley,565030,5.9,7.2,12.133333333333336,22.03333333333333,16.099999999999998,2.0,4.333333333333333,11.866666666666667,8.666666666666668,8.233333333333334,16.95,13.675,17.65,25.2,1.3,7.800000000000002,10.166666666666664,10.1,35.85,191.9,224.3,152.9,275.3,275.3,128.9,161.2,844.4,75.93416053869214,50310.490000000005,23378.410000000003,165.4,429.7,667.4,345.29999999999995,440.2000000000001,399.4,4.364944408109875,26.1,16.200000000000003,3.4,3.8,1846.736666666667,2591.655,14705.046666666663,0,0,0,0
2007,England,UK,Barley,576921,5.5,8.733333333333333,14.433333333333332,19.4,14.366666666666667,2.766666666666667,5.366666666666667,10.866666666666664,6.666666666666667,9.9,15.133333333333333,13.275,15.3,20.0,2.9,9.066666666666665,8.533333333333337,14.7,30.4,275.7,173.9,324.4,159.3,159.3,178.6,98.0,933.3,12.965839461307837,30241.210000000003,105235.36,182.7,535.0,532.7,329.5,381.8,314.9,1.6421085080147968,23.0,4.0,5.8,0.7,1721.61,4909.253333333333,10334.380000000005,0,0,0,0
2008,England,UK,Barley,664856,6.1,8.333333333333334,13.033333333333331,19.633333333333336,13.366666666666667,1.633333333333333,4.7,11.266666666666666,6.366666666666667,8.866666666666665,15.45,13.475,16.175,20.6,2.4,8.333333333333332,8.36666666666667,11.6,31.35,225.2,218.1,265.6,272.4,272.4,206.5,202.2,981.3,60.96583946130784,47567.61,70543.36000000002,232.5,465.0,505.2000000000001,297.0,305.3,393.4,1.90210843373494,29.6,11.9,7.1,5.8,1933.8199999999997,4103.52,9918.760000000002,0,0,0,0
2009,England,UK,Barley,759806,5.9,6.133333333333333,13.866666666666667,20.266666666666666,14.733333333333334,0.4333333333333333,4.866666666666667,11.166666666666666,7.666666666666667,9.366666666666667,15.716666666666663,13.2,16.299999999999997,21.0,2.5,9.0,9.1,13.1,32.150000000000006,228.0,135.0,242.9,268.5,268.5,188.0,89.5,874.4,45.93416053869214,18225.0,59000.41,174.60000000000002,542.2,558.8,303.29999999999995,357.7,416.4,2.3005351996706462,42.400000000000006,6.3999999999999995,0.6,0.6,1264.5,3817.578333333333,11325.013333333332,0,0,0,1
2010,England,UK,Barley,586026,5.7,3.9666666666666663,13.0,20.500000000000004,13.166666666666666,-1.7,3.733333333333333,11.1,6.166666666666667,8.366666666666667,15.8,12.775,16.200000000000003,21.6,1.9,9.266666666666667,9.400000000000004,10.1,32.400000000000006,175.9,112.8,194.7,243.1,243.1,158.3,175.8,726.5000000000001,193.834160538692,12723.84,37908.09,165.0,527.4000000000001,547.4000000000001,317.20000000000005,309.6,441.1,2.81150487930149,57.3,14.4,11.9,4.4,943.76,3076.26,11221.700000000004,0,0,0,1
2011,England,UK,Barley,614502,5.6,7.9,14.8,19.366666666666667,15.800000000000002,2.3666666666666667,5.266666666666667,10.166666666666666,8.5,10.033333333333331,14.766666666666666,12.975,15.2,19.8,2.2,9.533333333333331,9.2,15.1,29.3,260.3,79.19999999999999,207.5,165.8,165.8,137.6,132.5,712.8000000000001,207.53416053869205,6272.6399999999985,43056.25,148.4,557.7,517.7,325.7,321.79999999999995,400.9,2.4949397590361446,21.9,8.100000000000001,1.2,0.7,794.6399999999999,3064.083333333333,10026.123333333337,0,0,0,1
2012,England,UK,Barley,622787,5.7,7.666666666666667,13.3,19.066666666666663,13.199999999999998,1.5,4.466666666666667,11.0,5.8999999999999995,8.883333333333333,15.033333333333331,12.45,15.85,20.8,3.1,8.833333333333332,8.066666666666666,11.65,30.1,242.7,216.9,351.29999999999995,315.0,315.0,203.1,178.0,1125.9,205.56583946130797,47045.61,123411.68999999996,198.7,488.9,440.4,322.2,322.2,312.0,1.2536293766011957,32.3,7.7,6.300000000000001,5.2,1926.795,5281.209999999999,8396.96,0,0,1,0
2013,England,UK,Barley,827707,5.9,6.933333333333334,10.6,21.066666666666663,14.166666666666666,1.3,2.733333333333333,11.2,7.133333333333333,6.666666666666666,16.133333333333333,11.900000000000002,17.4,23.6,-0.3,7.866666666666667,9.866666666666664,7.4,33.400000000000006,238.9,168.3,149.5,256.1,256.1,113.9,111.7,812.8,107.53416053869216,28324.890000000003,22350.25,169.89999999999998,432.5,639.8000000000001,289.70000000000005,457.2000000000001,371.1,4.279598662207358,31.299999999999997,26.6,5.4,8.6,1122.0,2411.9333333333334,13478.453333333337,0,1,0,0
2014,England,UK,Barley,708703,6.5,8.433333333333335,14.033333333333331,20.6,15.366666666666667,2.533333333333333,5.6000000000000005,11.066666666666668,8.200000000000001,9.816666666666666,15.833333333333332,13.525,16.25,22.7,3.1,8.43333333333333,9.53333333333333,14.45,32.5,357.6,197.9,205.3,222.1,222.1,159.0,122.4,982.9,62.56583946130786,39164.41,42148.09,214.5,459.9,636.3,279.0,433.2,376.1,3.09936678032148,17.200000000000003,5.6000000000000005,2.4,1.1,1942.7183333333332,3250.5833333333335,13107.779999999995,0,0,0,0
2015,England,UK,Barley,748464,6.9,8.799999999999999,13.0,19.9,14.533333333333331,2.8666666666666667,4.233333333333333,10.466666666666669,7.1000000000000005,8.616666666666667,15.183333333333334,12.35,15.825,20.4,2.4,8.766666666666666,9.433333333333335,10.85,30.549999999999997,277.5,153.7,206.8,228.8,228.8,171.5,143.2,866.8,53.53416053869216,23623.689999999995,42766.240000000005,187.1,531.3,564.1,297.2,342.7,403.8,2.7277562862669247,22.800000000000004,7.4,2.4,2.3,1324.381666666667,3139.9133333333334,11225.590000000002,0,0,0,0
2016,England,UK,Barley,791254,6.0,8.433333333333332,12.6,20.46666666666667,14.3,2.1666666666666665,4.066666666666666,11.699999999999998,7.066666666666666,8.333333333333332,16.083333333333332,13.425,16.75,21.5,1.8,8.533333333333333,8.766666666666671,10.000000000000002,33.25,232.6,192.2,199.7,199.0,199.0,104.4,127.1,823.5,96.83416053869212,36940.84,39880.09,193.0,500.1,530.2,327.6,400.3,338.20000000000005,2.6549824737105663,25.800000000000004,12.2,6.3,5.4,1601.6666666666663,3211.8416666666662,10851.426666666668,0,0,0,0
2004,Wales,UK,Barley,24266,5.2,7.833333333333333,12.3,18.7,13.3,2.2333333333333334,4.566666666666666,11.033333333333331,7.333333333333333,8.433333333333334,14.866666666666664,12.6,15.225,19.9,2.2,7.7333333333333325,7.666666666666668,10.3,29.6,445.5,238.1,310.0,492.6,492.6,235.9,302.2,1486.2000000000005,565.8658394613084,56691.61,96100.0,180.6,438.4,494.2,256.8,308.0,391.0,1.5941935483870968,27.9,9.2,3.6,1.1,2007.9766666666667,4608.666666666666,9241.54,0,0,0,0
2005,Wales,UK,Barley,21766,5.1,7.5,12.1,19.066666666666663,14.066666666666668,2.0666666666666664,4.7,10.7,7.266666666666667,8.4,14.883333333333333,12.3,15.2,19.5,3.6,7.4,8.366666666666665,10.2,29.65,315.6,252.5,231.9,503.7999999999999,503.7999999999999,157.3,171.4,1303.8000000000002,383.46583946130806,63756.25,53777.609999999986,154.3,431.1,547.9,283.09999999999997,375.7,380.2,2.3626563173781805,25.5,11.6,12.0,3.7,2121.0,3451.4449999999997,10446.626666666669,0,0,0,0
2006,Wales,UK,Barley,19129,5.0,6.966666666666666,11.366666666666667,20.4,14.966666666666669,1.9666666666666668,4.233333333333333,11.366666666666667,8.166666666666666,7.800000000000001,15.883333333333336,12.95,16.425,23.1,1.4,7.133333333333334,9.033333333333337,9.0,32.650000000000006,403.9,407.2000000000001,190.1,469.2,469.2,154.7,186.2,1470.4,550.065839461308,165811.84000000003,36138.009999999995,155.7,405.7000000000001,608.9,315.0,386.8,379.9,3.2030510257759075,30.2,15.7,4.3,3.9,3176.1600000000008,3019.4216666666666,12421.56,0,0,0,0
2007,Wales,UK,Barley,19515,5.1,8.466666666666667,13.699999999999998,17.96666666666667,13.633333333333333,2.8666666666666667,4.966666666666667,10.4,6.933333333333333,9.333333333333332,14.183333333333334,12.625,14.175,18.5,2.7,8.73333333333333,7.566666666666668,13.000000000000002,27.549999999999997,532.7,258.7,447.9,246.6,246.6,279.8,167.5,1485.8999999999996,565.5658394613075,66925.68999999999,200614.40999999997,166.8,544.7,478.1,285.59999999999997,343.70000000000005,318.4,1.067425764679616,23.0,5.000000000000001,5.9,1.3,2414.533333333333,6352.715,8589.863333333335,0,0,1,0
2008,Wales,UK,Barley,21549,5.2,8.166666666666666,12.3,17.833333333333332,12.6,1.6666666666666667,4.733333333333333,10.733333333333334,6.366666666666667,8.516666666666666,14.283333333333331,12.775,15.025,18.8,2.4,7.5666666666666655,7.099999999999998,10.55,27.85,421.4,298.4,434.4,511.4,511.4,340.2,344.5,1665.6,745.2658394613078,89042.55999999998,188703.36,205.3,451.1,437.2,260.0,247.1,374.9,1.0064456721915285,30.6,11.1,6.1,5.6,2541.373333333333,6204.679999999999,7796.733333333333,0,0,1,0
2009,Wales,UK,Barley,24275,5.5,6.033333333333334,12.533333333333331,18.5,13.866666666666667,0.4000000000000001,4.633333333333334,10.8,7.333333333333333,8.583333333333334,14.65,12.425,14.975,18.7,2.5,7.9,7.700000000000001,10.750000000000002,28.95,355.2,238.0,402.9,500.7,500.7,328.2,154.9,1496.8000000000002,576.4658394613081,56644.0,162328.41000000003,157.10000000000002,474.9,494.7,258.0,297.2,385.1,1.2278481012658229,41.0,7.6,0.8,1.9,2042.8333333333337,5902.485,9151.95,0,0,1,0
2010,Wales,UK,Barley,20437,5.4,4.166666666666667,12.233333333333334,18.666666666666668,12.6,-2.1333333333333333,3.2000000000000006,10.533333333333331,5.666666666666667,7.716666666666668,14.6,12.125,14.8,19.3,1.1,9.033333333333331,8.133333333333335,8.150000000000002,28.799999999999997,213.9,196.6,306.3,412.2,412.2,264.1,258.0,1129.0,208.66583946130788,38651.56,93819.69,176.6,541.3,496.6,316.5,260.0,448.0,1.6212863206007182,60.3,20.4,12.7,7.3,1517.0966666666668,4471.9800000000005,9269.866666666669,0,0,0,0
2011,Wales,UK,Barley,22780,5.7,7.7,13.666666666666666,17.733333333333334,14.633333333333333,2.4,5.1000000000000005,9.533333333333331,8.499999999999998,9.383333333333333,13.633333333333333,11.9,14.15,18.5,1.7,8.566666666666666,8.200000000000001,13.15,25.9,491.0,155.60000000000002,288.5,353.6,353.6,178.5,212.6,1288.6999999999998,368.3658394613077,24211.360000000008,83232.25,134.3,532.1,504.9,263.3,305.8,369.0,1.7500866551126515,22.700000000000003,9.9,1.3,0.3,1460.0466666666669,3933.2166666666662,8953.560000000001,0,0,0,0
2012,Wales,UK,Barley,21825,4.9,7.533333333333334,12.5,17.533333333333335,12.266666666666666,2.0,4.366666666666666,10.733333333333334,5.733333333333334,8.433333333333334,14.133333333333336,11.825,14.825,18.9,2.9,8.133333333333333,6.800000000000001,10.3,27.4,459.1,277.6,508.1,457.6,457.6,289.5,287.6,1702.4,782.065839461308,77061.76000000001,258165.60999999996,154.0,481.5,397.2000000000001,270.0,278.5,325.8,0.781735878764023,29.6,7.5,6.8,5.6,2341.0933333333337,7181.1466666666665,6964.240000000002,0,0,1,0
2013,Wales,UK,Barley,20394,5.6,6.933333333333333,9.733333333333334,19.633333333333333,13.5,1.633333333333333,2.3,10.733333333333334,7.266666666666667,6.0166666666666675,15.183333333333334,11.05,16.35,22.4,-0.7,7.4333333333333345,8.899999999999999,5.65,30.55,441.4,255.4,233.6,412.8,412.8,171.2,182.8,1343.2,422.8658394613079,65229.15999999999,54568.96,143.2,442.7000000000001,626.5,234.2,438.5,371.6,2.6819349315068495,32.3,29.9,5.4,10.0,1536.6566666666668,3546.826666666667,12300.283333333333,0,1,0,0
2014,Wales,UK,Barley,20683,5.6,7.933333333333333,13.0,19.066666666666663,14.633333333333336,2.7000000000000006,5.3,10.433333333333334,7.633333333333333,9.15,14.75,12.75,15.05,20.8,3.0,7.7,8.633333333333333,12.45,29.25,659.1,289.0,257.9,345.0,345.0,200.4,159.70000000000002,1551.0,630.6658394613079,83521.0,66512.40999999999,162.5,417.3,616.0,287.9,395.8,362.9,2.388522683210547,15.3,4.9,2.4,0.5,2644.35,3804.025,11745.066666666666,0,0,0,0
2015,Wales,UK,Barley,22062,6.0,8.366666666666667,11.933333333333332,17.866666666666664,13.933333333333335,2.966666666666667,3.9,10.0,6.7,7.916666666666666,13.933333333333332,11.425,14.4,18.2,2.0,8.033333333333331,7.866666666666664,8.75,26.799999999999997,609.6,267.4,302.4,389.1,389.1,242.8,200.6,1568.5,648.1658394613079,71502.76,91445.75999999998,148.4,499.2999999999999,533.4,287.1,313.2,382.1,1.7638888888888888,22.6,10.1,2.5,1.9,2116.9166666666665,4213.44,9530.079999999998,0,0,0,0
2016,Wales,UK,Barley,21889,5.6,8.200000000000001,12.033333333333331,18.766666666666666,13.366666666666667,2.4666666666666663,4.0,11.433333333333332,6.699999999999999,8.016666666666666,15.099999999999998,13.175,15.4,19.4,1.6,8.033333333333333,7.333333333333334,9.05,30.299999999999997,473.7000000000001,277.5,321.4,298.4,298.4,190.0,239.0,1371.0,450.6658394613079,77006.25,103297.96,152.7,512.5999999999999,467.00000000000006,297.9,325.70000000000005,357.6,1.453018046048538,22.799999999999997,14.0,6.6,5.8999999999999995,2224.6249999999995,4853.139999999999,8764.033333333335,0,0,0,0
2004,Scotland,UK,Barley,313810,5.9,6.5,11.066666666666668,16.666666666666668,11.433333333333332,0.6333333333333333,3.633333333333333,9.533333333333331,5.5,7.35,13.1,11.0,13.6,17.9,1.2,7.433333333333335,7.133333333333335,7.349999999999999,24.299999999999997,505.2999999999999,282.59999999999997,395.7,501.0,501.0,264.5,364.0,1684.6,764.2658394613078,79862.75999999998,156578.49,143.5,396.4,395.2,218.5,277.1,301.0,0.9987364164771292,41.2,12.2,7.2,2.8,2077.1099999999997,5183.67,6586.666666666667,0,0,1,0
2005,Scotland,UK,Barley,294639,5.9,6.333333333333333,10.366666666666667,16.8,11.9,1.0,3.233333333333333,9.266666666666666,5.733333333333333,6.8,13.033333333333331,10.375,13.325,17.3,2.5,7.133333333333335,7.533333333333335,5.400000000000001,24.1,447.5,350.20000000000005,287.7,493.4,493.4,183.7,273.6,1578.8000000000002,658.4658394613081,122640.04000000004,82771.29,123.0,414.2,414.0,209.4,282.4,313.7,1.4389989572471324,34.5,17.599999999999998,11.9,8.1,2381.36,3749.69,6955.200000000001,0,0,0,0
2006,Scotland,UK,Barley,274401,6.1,6.3,9.4,18.1,12.800000000000002,0.7666666666666666,1.9666666666666668,9.733333333333333,6.6000000000000005,5.683333333333334,13.916666666666664,10.8,14.5,20.4,-0.5,7.433333333333334,8.366666666666665,4.6,26.75,454.3,361.3,241.9,582.6999999999999,582.6999999999999,167.1,246.2,1640.2,719.8658394613079,130537.69,58515.609999999986,133.4,422.2999999999999,475.5,226.5,304.5,356.2,1.9656883009508064,34.0,26.4,4.5,9.7,2053.3883333333333,3366.4416666666657,8606.55,0,1,0,0
2007,Scotland,UK,Barley,278644,6.0,6.733333333333333,11.566666666666668,16.0,11.8,1.133333333333333,3.6666666666666665,8.966666666666667,5.566666666666666,7.616666666666667,12.483333333333334,10.425,12.7,16.3,1.7,7.900000000000002,7.033333333333333,7.85,22.450000000000003,511.4,318.3,382.0,354.79999999999995,354.79999999999995,272.4,238.7,1566.4999999999998,646.1658394613077,101314.89,145924.0,128.6,481.5,373.6,219.7,249.0,303.9,0.9780104712041884,33.0,12.6,7.5,4.0,2424.385,4768.633333333334,5977.6,0,0,1,0
2008,Scotland,UK,Barley,319934,5.9,6.366666666666667,10.533333333333331,16.566666666666666,10.766666666666666,0.1999999999999999,2.8666666666666667,9.433333333333332,4.633333333333334,6.7,13.0,11.05,13.825,17.7,0.4,7.666666666666666,7.133333333333335,6.5,24.0,570.0,288.8,370.7000000000001,487.2,487.2,263.20000000000005,262.6,1716.6999999999998,796.3658394613077,83405.44,137418.49000000002,130.8,469.3,376.1,216.7,232.2,353.20000000000005,1.0145670353385483,41.900000000000006,23.1,14.1,9.5,1934.96,4819.1,6230.723333333333,0,0,1,0
2009,Scotland,UK,Barley,332160,5.7,4.833333333333333,11.266666666666666,17.066666666666666,11.633333333333333,-0.7999999999999999,3.4333333333333336,9.333333333333334,5.833333333333333,7.35,13.2,10.775,13.7,17.7,1.5,7.833333333333332,7.7333333333333325,7.15,24.6,349.7,349.40000000000003,425.6,554.0,554.0,354.9,327.5,1678.6999999999998,758.3658394613077,122080.36000000004,181135.36,114.9,464.0,485.4,222.49999999999997,283.6,411.8,1.1405075187969924,51.599999999999994,13.3,7.4,4.2,2568.09,5617.92,8284.16,0,0,1,0
2010,Scotland,UK,Barley,290374,5.7,2.733333333333333,10.3,16.633333333333336,10.433333333333332,-3.366666666666667,2.3000000000000003,9.066666666666666,4.266666666666667,6.300000000000001,12.85,10.575,12.9,17.0,0.3,8.0,7.56666666666667,5.05,23.55,237.1,236.3,306.7,465.6,465.6,267.2,254.8,1245.7,325.3658394613079,55837.69,94064.89,146.9,433.0,409.8,248.5,254.6,343.79999999999995,1.3361591131398762,67.0,24.299999999999997,19.0,11.1,1488.6900000000005,3941.095,6816.340000000001,0,0,0,0
2011,Scotland,UK,Barley,308425,5.8,5.733333333333334,11.533333333333331,15.766666666666666,12.533333333333331,0.2333333333333333,3.766666666666667,8.066666666666668,6.766666666666667,7.65,11.916666666666668,10.075,12.45,17.0,1.1,7.766666666666666,7.699999999999997,8.450000000000001,20.75,562.5999999999999,369.9,360.9,569.4,569.4,261.4,350.29999999999995,1862.8,942.4658394613078,136826.00999999998,130248.80999999998,118.9,439.6,394.1,205.4,257.29999999999995,312.0,1.0919922416181769,43.1,13.7,3.2,2.7,2829.735,4300.725,6213.643333333333,0,0,1,0
2012,Scotland,UK,Barley,332039,5.2,5.966666666666666,10.933333333333332,15.633333333333336,10.1,0.6666666666666666,2.9,8.566666666666666,3.8333333333333335,6.916666666666666,12.1,9.65,12.875,17.3,1.3,8.033333333333331,7.066666666666668,5.800000000000001,21.3,499.7,254.4,386.5,455.6,455.6,260.2,280.8,1596.2,675.8658394613079,64719.36,149382.25,122.0,447.1,343.0,244.5,234.1,312.0,0.88745148771022,38.8,19.5,16.9,14.9,1759.6,4676.650000000001,5362.233333333334,0,0,1,0
2013,Scotland,UK,Barley,339138,5.9,5.966666666666666,8.433333333333334,17.633333333333336,11.3,0.7333333333333334,1.2666666666666668,9.466666666666669,5.166666666666667,4.8500000000000005,13.55,10.05,14.5,19.8,-1.6,7.166666666666667,8.16666666666667,3.4499999999999993,25.65,524.4,285.2,229.4,419.2000000000001,419.2000000000001,169.5,188.7,1458.2,537.8658394613079,81339.04,52624.36,127.1,406.2999999999999,463.7999999999999,219.3,320.7,298.2,2.021795989537925,39.7,36.0,12.9,14.5,1383.22,3108.3700000000003,8178.340000000001,0,1,0,0
2014,Scotland,UK,Barley,326884,6.3,5.966666666666666,11.2,17.23333333333333,12.4,0.9666666666666665,4.266666666666667,9.3,6.2,7.733333333333334,13.266666666666666,11.375,13.425,19.1,2.3,6.9333333333333345,7.933333333333332,8.2,24.8,652.2,321.29999999999995,341.6,423.2999999999999,423.2999999999999,274.0,227.1,1738.4,818.065839461308,103233.68999999996,116690.56,114.3,359.9,456.80000000000007,204.4,334.9,238.9,1.3372365339578456,31.8,10.1,3.8,3.6,2484.72,4531.893333333333,7872.186666666667,0,0,0,0
2015,Scotland,UK,Barley,307686,6.3,6.433333333333334,9.933333333333334,15.699999999999998,11.966666666666669,0.8333333333333334,2.2666666666666666,8.233333333333333,5.2,6.1,11.966666666666663,9.125,12.625,16.7,1.0,7.666666666666667,7.466666666666665,3.95,20.9,696.7,400.2,359.2,381.3,381.3,267.5,166.0,1837.4,917.065839461308,160160.03999999998,129024.63999999998,128.0,470.1,388.3,244.1,260.9,293.6,1.0810133630289531,36.8,22.3,6.1000000000000005,11.3,2441.22,4298.426666666666,6096.3099999999995,0,0,1,0
2016,Scotland,UK,Barley,286930,5.7,6.366666666666667,10.333333333333334,16.566666666666666,11.466666666666669,0.8999999999999999,2.766666666666667,9.366666666666664,4.866666666666666,6.550000000000001,12.966666666666663,11.125,13.275,17.1,1.2,7.566666666666666,7.200000000000001,5.049999999999999,23.9,559.0,261.4,344.8,321.0,321.0,255.4,259.8,1486.2,565.8658394613079,68329.95999999999,118887.04,115.5,452.7999999999999,393.2,254.8,252.1,344.79999999999995,1.140371229698376,38.5,21.9,15.0,11.1,1712.17,4470.906666666666,6514.013333333333,0,0,0,0
2004,Northern Ireland,UK,Barley,27011,5.1,8.133333333333333,12.433333333333332,18.066666666666663,12.766666666666666,2.0,4.466666666666666,10.566666666666666,6.966666666666666,8.45,14.316666666666666,12.375,14.525,18.9,2.4,7.966666666666666,7.5,10.35,27.949999999999996,290.2,214.0,285.5,299.7,299.7,176.3,219.7,1089.4,169.06583946130797,45796.0,81510.25,174.7,443.7,404.2000000000001,229.3,269.9,317.6,1.4157618213660246,25.6,6.199999999999999,3.0,0.6,1808.3,4087.4083333333338,7302.546666666667,0,0,0,0
2005,Northern Ireland,UK,Barley,25740,4.6,8.0,12.033333333333331,18.266666666666666,13.466666666666669,2.4333333333333336,4.433333333333334,10.766666666666666,6.8999999999999995,8.233333333333334,14.516666666666666,11.875,14.75,18.7,3.8,7.6,7.5,9.7,28.55,307.9,271.3,193.1,301.7,301.7,137.1,180.3,1074.0,153.66583946130788,73603.69,37287.61,136.1,412.6,370.0,238.40000000000003,245.2,307.4,1.916105644743656,19.3,8.100000000000001,6.6,2.2,2233.703333333334,2803.168333333333,6758.666666666666,0,0,0,0
2006,Northern Ireland,UK,Barley,22825,5.0,7.9,11.433333333333332,19.533333333333335,14.2,2.0,3.733333333333333,10.733333333333334,7.4,7.583333333333332,15.133333333333336,12.3,15.625,21.7,1.5,7.699999999999999,8.8,7.85,30.4,237.0,329.1,195.4,395.1,395.1,159.2,228.5,1156.6,236.2658394613078,108306.81,38181.15999999999,169.6,440.1,508.3,260.4,318.5,375.4,2.601330603889458,22.1,13.9,2.3,3.6,2495.6749999999997,2957.0533333333333,9928.793333333337,0,0,0,0
2007,Northern Ireland,UK,Barley,22817,5.2,8.733333333333333,13.5,17.666666666666668,13.833333333333334,2.466666666666667,4.566666666666666,10.033333333333331,7.3,9.033333333333331,13.85,12.075,14.05,17.9,2.2,8.933333333333334,7.633333333333335,12.1,26.549999999999997,328.8,180.3,381.1,200.7,200.7,233.9,162.1,1090.9,170.56583946130797,32508.090000000004,145237.21000000002,150.5,539.3,408.2999999999999,223.2,266.6,366.7999999999999,1.0713723432170033,18.5,6.700000000000001,2.6,1.5,1628.71,5278.235000000001,7213.299999999999,0,0,1,0
2008,Northern Ireland,UK,Barley,25694,5.1,8.133333333333333,12.6,17.766666666666666,12.300000000000002,1.5,4.233333333333333,10.233333333333333,5.6000000000000005,8.416666666666666,14.0,12.475,14.675,18.3,1.9,8.366666666666667,7.533333333333333,10.25,27.0,326.8,201.6,405.2,341.9,341.9,328.29999999999995,324.29999999999995,1275.4999999999998,355.16583946130766,40642.56,164187.03999999998,153.0,527.4000000000001,346.4,230.3,189.2,393.0,0.8548864758144126,28.799999999999997,9.2,5.0,4.1,1696.7999999999995,5672.8,6154.373333333333,0,0,1,0
2009,Northern Ireland,UK,Barley,26745,5.2,6.5,12.5,18.366666666666664,13.333333333333334,0.5333333333333333,4.466666666666666,10.133333333333333,6.6000000000000005,8.483333333333333,14.249999999999998,12.05,14.55,18.7,2.4,8.033333333333335,8.23333333333333,10.45,27.749999999999996,250.1,274.0,358.1,373.8,373.8,298.7,205.4,1255.9999999999998,335.66583946130766,75076.0,128235.61000000002,151.2,452.6,494.0,256.1,262.5,425.2,1.3795029321418597,41.5,5.499999999999999,3.7,0.4,2324.433333333333,5102.924999999999,9073.133333333331,0,0,1,0
2010,Northern Ireland,UK,Barley,24325,5.7,4.300000000000001,12.266666666666666,18.3,12.433333333333332,-2.2666666666666666,3.0666666666666664,10.133333333333333,5.2,7.666666666666666,14.216666666666669,12.125,14.175,18.9,0.5,9.2,8.166666666666668,8.1,27.65,217.40000000000003,207.2,243.9,372.2999999999999,372.2999999999999,198.3,224.0,1040.8,120.46583946130784,42931.84,59487.21000000001,175.2,485.7,451.6,298.2,264.0,386.1,1.851578515785158,58.4,19.6,15.1,7.0,1588.533333333333,3467.445,8264.28,0,0,0,0
2011,Northern Ireland,UK,Barley,24049,5.7,7.633333333333333,13.3,17.03333333333333,13.833333333333334,1.5,4.833333333333333,8.833333333333334,7.8,9.066666666666666,12.933333333333334,11.2,13.525,17.9,1.6,8.466666666666665,8.199999999999998,12.2,23.799999999999997,358.0,196.6,243.9,463.1,463.1,140.89999999999998,194.2,1261.6,341.2658394613078,38651.56000000001,59487.20999999999,168.5,485.2999999999999,398.2,210.4,251.0,317.6,1.6326363263632635,29.699999999999996,9.4,1.4,0.0,1782.506666666667,3154.4399999999996,6782.673333333332,0,0,0,0
2012,Northern Ireland,UK,Barley,25533,5.0,8.033333333333333,12.533333333333331,17.2,11.833333333333334,2.6666666666666665,4.166666666666667,9.833333333333334,4.999999999999999,8.35,13.516666666666666,11.175,14.3,18.9,2.4,8.366666666666667,7.366666666666665,10.05,25.549999999999997,315.29999999999995,155.1,395.2999999999999,312.3,312.3,217.1,221.1,1178.0,257.6658394613079,24056.01,156262.08999999997,125.7,466.6,357.0,269.7,262.2,290.5,0.9031115608398684,18.1,9.3,8.200000000000001,6.300000000000001,1295.0849999999998,5343.138333333332,6140.4,0,0,1,0
2013,Northern Ireland,UK,Barley,25757,5.4,7.5,9.833333333333334,19.333333333333332,13.033333333333331,1.9333333333333336,2.733333333333333,10.699999999999998,6.566666666666666,6.283333333333333,15.016666666666666,11.325,16.0,21.8,-0.0,7.100000000000001,8.633333333333335,6.1,30.05,360.4,270.9,212.09999999999997,291.0,291.0,127.5,123.8,1134.4,214.06583946130797,73386.80999999998,44986.40999999999,145.29999999999998,396.1,497.2,260.20000000000005,335.5,326.4,2.3441772748703444,23.5,23.3,4.6000000000000005,7.1,1702.1549999999995,3185.0349999999994,9612.533333333333,0,0,0,0
2014,Northern Ireland,UK,Barley,23555,5.8,7.400000000000001,12.866666666666667,18.366666666666667,13.933333333333332,1.7333333333333334,5.266666666666667,10.2,6.566666666666666,9.066666666666666,14.283333333333331,12.5,14.55,20.1,2.7,7.6,8.166666666666668,12.2,27.85,487.19999999999993,219.0,261.2,320.1,320.1,204.4,147.0,1287.5000000000002,367.1658394613081,47961.0,68225.43999999999,151.2,365.2999999999999,473.5,267.2,306.3,275.29999999999995,1.8127871362940275,19.3,8.0,1.6,1.1,1985.6,3730.8066666666664,8696.616666666667,0,0,0,0
2015,Northern Ireland,UK,Barley,22708,6.2,7.866666666666667,11.7,17.1,13.433333333333332,1.7666666666666666,3.1666666666666665,9.066666666666666,6.333333333333333,7.433333333333334,13.083333333333334,10.675,13.475,17.6,1.6,8.533333333333335,8.033333333333335,7.300000000000001,24.25,443.7999999999999,283.20000000000005,285.29999999999995,305.5,305.5,239.8,166.0,1317.8,397.46583946130784,80202.24000000002,81396.08999999997,152.8,494.4,427.8,266.0,250.0,329.9,1.4994742376445849,25.3,13.8,1.6,4.6,2105.1200000000003,3732.675,7315.380000000001,0,0,0,0
2016,Northern Ireland,UK,Barley,22336,5.6,8.066666666666666,12.0,18.4,12.9,2.266666666666667,3.766666666666667,10.866666666666667,6.266666666666666,7.883333333333334,14.633333333333333,12.7,14.85,18.6,2.4,8.233333333333333,7.533333333333331,8.649999999999999,28.9,363.4,209.4,254.4,222.3,222.3,165.5,164.2,1049.5,129.16583946130788,43848.35999999999,64719.36,149.39999999999998,481.0,371.4,263.2,240.7,349.0,1.4599056603773584,22.6,11.6,8.6,6.3,1650.77,3722.72,6833.759999999999,0,0,0,0
2004,England,UK,Oats,79961,6.0,7.966666666666668,13.233333333333334,20.4,14.166666666666666,2.1,4.8999999999999995,11.533333333333331,7.4,9.066666666666666,15.966666666666663,13.475,16.375,21.4,2.6,8.333333333333336,8.866666666666665,12.2,32.900000000000006,220.5,169.10000000000002,270.0,230.4,230.4,213.9,200.3,889.9999999999999,30.33416053869223,28594.81000000001,72900.0,191.6,446.9,543.7,304.5,343.4,404.7000000000001,2.013703703703704,29.299999999999997,6.8,4.4,0.9,1533.1733333333334,4311.0,11091.48,0,0,0,0
2005,England,UK,Oats,65535,6.0,7.599999999999999,12.866666666666667,20.533333333333335,14.966666666666669,1.7,4.766666666666667,11.1,7.533333333333332,8.816666666666666,15.816666666666666,13.075,16.175,20.9,3.4,8.100000000000001,9.433333333333335,11.45,32.449999999999996,166.0,161.3,174.5,243.8,243.8,120.8,120.7,745.6,174.7341605386921,26017.69,30450.25,189.3,441.9,576.4,325.3,386.0,406.1,3.3031518624641834,27.299999999999997,11.3,11.5,3.1999999999999997,1422.128333333333,2760.008333333333,11835.413333333334,0,0,0,0
2006,England,UK,Oats,93049,6.0,7.2,12.133333333333336,22.03333333333333,16.099999999999998,2.0,4.333333333333333,11.866666666666667,8.666666666666668,8.233333333333334,16.95,13.675,17.65,25.2,1.3,7.800000000000002,10.166666666666664,10.1,35.85,191.9,224.3,152.9,275.3,275.3,128.9,161.2,844.4,75.93416053869214,50310.490000000005,23378.410000000003,165.4,429.7,667.4,345.29999999999995,440.2000000000001,399.4,4.364944408109875,26.1,16.200000000000003,3.4,3.8,1846.736666666667,2591.655,14705.046666666663,0,0,0,0
2007,England,UK,Oats,102461,5.4,8.733333333333333,14.433333333333332,19.4,14.366666666666667,2.766666666666667,5.366666666666667,10.866666666666664,6.666666666666667,9.9,15.133333333333333,13.275,15.3,20.0,2.9,9.066666666666665,8.533333333333337,14.7,30.4,275.7,173.9,324.4,159.3,159.3,178.6,98.0,933.3,12.965839461307837,30241.210000000003,105235.36,182.7,535.0,532.7,329.5,381.8,314.9,1.6421085080147968,23.0,4.0,5.8,0.7,1721.61,4909.253333333333,10334.380000000005,0,0,0,0
2008,England,UK,Oats,106576,5.9,8.333333333333334,13.033333333333331,19.633333333333336,13.366666666666667,1.633333333333333,4.7,11.266666666666666,6.366666666666667,8.866666666666665,15.45,13.475,16.175,20.6,2.4,8.333333333333332,8.36666666666667,11.6,31.35,225.2,218.1,265.6,272.4,272.4,206.5,202.2,981.3,60.96583946130784,47567.61,70543.36000000002,232.5,465.0,505.2000000000001,297.0,305.3,393.4,1.90210843373494,29.6,11.9,7.1,5.8,1933.8199999999997,4103.52,9918.760000000002,0,0,0,0
2009,England,UK,Oats,100618,5.8,6.133333333333333,13.866666666666667,20.266666666666666,14.733333333333334,0.4333333333333333,4.866666666666667,11.166666666666666,7.666666666666667,9.366666666666667,15.716666666666663,13.2,16.299999999999997,21.0,2.5,9.0,9.1,13.1,32.150000000000006,228.0,135.0,242.9,268.5,268.5,188.0,89.5,874.4,45.93416053869214,18225.0,59000.41,174.60000000000002,542.2,558.8,303.29999999999995,357.7,416.4,2.3005351996706462,42.400000000000006,6.3999999999999995,0.6,0.6,1264.5,3817.578333333333,11325.013333333332,0,0,0,1
2010,England,UK,Oats,94737,5.4,3.9666666666666663,13.0,20.500000000000004,13.166666666666666,-1.7,3.733333333333333,11.1,6.166666666666667,8.366666666666667,15.8,12.775,16.200000000000003,21.6,1.9,9.266666666666667,9.400000000000004,10.1,32.400000000000006,175.9,112.8,194.7,243.1,243.1,158.3,175.8,726.5000000000001,193.834160538692,12723.84,37908.09,165.0,527.4000000000001,547.4000000000001,317.20000000000005,309.6,441.1,2.81150487930149,57.3,14.4,11.9,4.4,943.76,3076.26,11221.700000000004,0,0,0,1
2011,England,UK,Oats,80460,5.6,7.9,14.8,19.366666666666667,15.800000000000002,2.3666666666666667,5.266666666666667,10.166666666666666,8.5,10.033333333333331,14.766666666666666,12.975,15.2,19.8,2.2,9.533333333333331,9.2,15.1,29.3,260.3,79.19999999999999,207.5,165.8,165.8,137.6,132.5,712.8000000000001,207.53416053869205,6272.6399999999985,43056.25,148.4,557.7,517.7,325.7,321.79999999999995,400.9,2.4949397590361446,21.9,8.100000000000001,1.2,0.7,794.6399999999999,3064.083333333333,10026.123333333337,0,0,0,1
2012,England,UK,Oats,92142,5.3,7.666666666666667,13.3,19.066666666666663,13.199999999999998,1.5,4.466666666666667,11.0,5.8999999999999995,8.883333333333333,15.033333333333331,12.45,15.85,20.8,3.1,8.833333333333332,8.066666666666666,11.65,30.1,242.7,216.9,351.29999999999995,315.0,315.0,203.1,178.0,1125.9,205.56583946130797,47045.61,123411.68999999996,198.7,488.9,440.4,322.2,322.2,312.0,1.2536293766011957,32.3,7.7,6.300000000000001,5.2,1926.795,5281.209999999999,8396.96,0,0,1,0
2013,England,UK,Oats,138398,5.4,6.933333333333334,10.6,21.066666666666663,14.166666666666666,1.3,2.733333333333333,11.2,7.133333333333333,6.666666666666666,16.133333333333333,11.900000000000002,17.4,23.6,-0.3,7.866666666666667,9.866666666666664,7.4,33.400000000000006,238.9,168.3,149.5,256.1,256.1,113.9,111.7,812.8,107.53416053869216,28324.890000000003,22350.25,169.89999999999998,432.5,639.8000000000001,289.70000000000005,457.2000000000001,371.1,4.279598662207358,31.299999999999997,26.6,5.4,8.6,1122.0,2411.9333333333334,13478.453333333337,0,1,0,0
2014,England,UK,Oats,104702,6.0,8.433333333333335,14.033333333333331,20.6,15.366666666666667,2.533333333333333,5.6000000000000005,11.066666666666668,8.200000000000001,9.816666666666666,15.833333333333332,13.525,16.25,22.7,3.1,8.43333333333333,9.53333333333333,14.45,32.5,357.6,197.9,205.3,222.1,222.1,159.0,122.4,982.9,62.56583946130786,39164.41,42148.09,214.5,459.9,636.3,279.0,433.2,376.1,3.09936678032148,17.200000000000003,5.6000000000000005,2.4,1.1,1942.7183333333332,3250.5833333333335,13107.779999999995,0,0,0,0
2015,England,UK,Oats,98224,6.1,8.799999999999999,13.0,19.9,14.533333333333331,2.8666666666666667,4.233333333333333,10.466666666666669,7.1000000000000005,8.616666666666667,15.183333333333334,12.35,15.825,20.4,2.4,8.766666666666666,9.433333333333335,10.85,30.549999999999997,277.5,153.7,206.8,228.8,228.8,171.5,143.2,866.8,53.53416053869216,23623.689999999995,42766.240000000005,187.1,531.3,564.1,297.2,342.7,403.8,2.7277562862669247,22.800000000000004,7.4,2.4,2.3,1324.381666666667,3139.9133333333334,11225.590000000002,0,0,0,0
2016,England,UK,Oats,102404,5.6,8.433333333333332,12.6,20.46666666666667,14.3,2.1666666666666665,4.066666666666666,11.699999999999998,7.066666666666666,8.333333333333332,16.083333333333332,13.425,16.75,21.5,1.8,8.533333333333333,8.766666666666671,10.000000000000002,33.25,232.6,192.2,199.7,199.0,199.0,104.4,127.1,823.5,96.83416053869212,36940.84,39880.09,193.0,500.1,530.2,327.6,400.3,338.20000000000005,2.6549824737105663,25.800000000000004,12.2,6.3,5.4,1601.6666666666663,3211.8416666666662,10851.426666666668,0,0,0,0
2004,Wales,UK,Oats,3595,4.7,7.833333333333333,12.3,18.7,13.3,2.2333333333333334,4.566666666666666,11.033333333333331,7.333333333333333,8.433333333333334,14.866666666666664,12.6,15.225,19.9,2.2,7.7333333333333325,7.666666666666668,10.3,29.6,445.5,238.1,310.0,492.6,492.6,235.9,302.2,1486.2000000000005,565.8658394613084,56691.61,96100.0,180.6,438.4,494.2,256.8,308.0,391.0,1.5941935483870968,27.9,9.2,3.6,1.1,2007.9766666666667,4608.666666666666,9241.54,0,0,0,0
2005,Wales,UK,Oats,2930,5.1,7.5,12.1,19.066666666666663,14.066666666666668,2.0666666666666664,4.7,10.7,7.266666666666667,8.4,14.883333333333333,12.3,15.2,19.5,3.6,7.4,8.366666666666665,10.2,29.65,315.6,252.5,231.9,503.7999999999999,503.7999999999999,157.3,171.4,1303.8000000000002,383.46583946130806,63756.25,53777.609999999986,154.3,431.1,547.9,283.09999999999997,375.7,380.2,2.3626563173781805,25.5,11.6,12.0,3.7,2121.0,3451.4449999999997,10446.626666666669,0,0,0,0
2006,Wales,UK,Oats,3901,5.5,6.966666666666666,11.366666666666667,20.4,14.966666666666669,1.9666666666666668,4.233333333333333,11.366666666666667,8.166666666666666,7.800000000000001,15.883333333333336,12.95,16.425,23.1,1.4,7.133333333333334,9.033333333333337,9.0,32.650000000000006,403.9,407.2000000000001,190.1,469.2,469.2,154.7,186.2,1470.4,550.065839461308,165811.84000000003,36138.009999999995,155.7,405.7000000000001,608.9,315.0,386.8,379.9,3.2030510257759075,30.2,15.7,4.3,3.9,3176.1600000000008,3019.4216666666666,12421.56,0,0,0,0
2007,Wales,UK,Oats,4018,5.1,8.466666666666667,13.699999999999998,17.96666666666667,13.633333333333333,2.8666666666666667,4.966666666666667,10.4,6.933333333333333,9.333333333333332,14.183333333333334,12.625,14.175,18.5,2.7,8.73333333333333,7.566666666666668,13.000000000000002,27.549999999999997,532.7,258.7,447.9,246.6,246.6,279.8,167.5,1485.8999999999996,565.5658394613075,66925.68999999999,200614.40999999997,166.8,544.7,478.1,285.59999999999997,343.70000000000005,318.4,1.067425764679616,23.0,5.000000000000001,5.9,1.3,2414.533333333333,6352.715,8589.863333333335,0,0,1,0
2008,Wales,UK,Oats,4308,5.3,8.166666666666666,12.3,17.833333333333332,12.6,1.6666666666666667,4.733333333333333,10.733333333333334,6.366666666666667,8.516666666666666,14.283333333333331,12.775,15.025,18.8,2.4,7.5666666666666655,7.099999999999998,10.55,27.85,421.4,298.4,434.4,511.4,511.4,340.2,344.5,1665.6,745.2658394613078,89042.55999999998,188703.36,205.3,451.1,437.2,260.0,247.1,374.9,1.0064456721915285,30.6,11.1,6.1,5.6,2541.373333333333,6204.679999999999,7796.733333333333,0,0,1,0
2009,Wales,UK,Oats,4136,5.6,6.033333333333334,12.533333333333331,18.5,13.866666666666667,0.4000000000000001,4.633333333333334,10.8,7.333333333333333,8.583333333333334,14.65,12.425,14.975,18.7,2.5,7.9,7.700000000000001,10.750000000000002,28.95,355.2,238.0,402.9,500.7,500.7,328.2,154.9,1496.8000000000002,576.4658394613081,56644.0,162328.41000000003,157.10000000000002,474.9,494.7,258.0,297.2,385.1,1.2278481012658229,41.0,7.6,0.8,1.9,2042.8333333333337,5902.485,9151.95,0,0,1,0
2010,Wales,UK,Oats,4392,5.3,4.166666666666667,12.233333333333334,18.666666666666668,12.6,-2.1333333333333333,3.2000000000000006,10.533333333333331,5.666666666666667,7.716666666666668,14.6,12.125,14.8,19.3,1.1,9.033333333333331,8.133333333333335,8.150000000000002,28.799999999999997,213.9,196.6,306.3,412.2,412.2,264.1,258.0,1129.0,208.66583946130788,38651.56,93819.69,176.6,541.3,496.6,316.5,260.0,448.0,1.6212863206007182,60.3,20.4,12.7,7.3,1517.0966666666668,4471.9800000000005,9269.866666666669,0,0,0,0
2011,Wales,UK,Oats,4334,5.7,7.7,13.666666666666666,17.733333333333334,14.633333333333333,2.4,5.1000000000000005,9.533333333333331,8.499999999999998,9.383333333333333,13.633333333333333,11.9,14.15,18.5,1.7,8.566666666666666,8.200000000000001,13.15,25.9,491.0,155.60000000000002,288.5,353.6,353.6,178.5,212.6,1288.6999999999998,368.3658394613077,24211.360000000008,83232.25,134.3,532.1,504.9,263.3,305.8,369.0,1.7500866551126515,22.700000000000003,9.9,1.3,0.3,1460.0466666666669,3933.2166666666662,8953.560000000001,0,0,0,0
2012,Wales,UK,Oats,4230,5.1,7.533333333333334,12.5,17.533333333333335,12.266666666666666,2.0,4.366666666666666,10.733333333333334,5.733333333333334,8.433333333333334,14.133333333333336,11.825,14.825,18.9,2.9,8.133333333333333,6.800000000000001,10.3,27.4,459.1,277.6,508.1,457.6,457.6,289.5,287.6,1702.4,782.065839461308,77061.76000000001,258165.60999999996,154.0,481.5,397.2000000000001,270.0,278.5,325.8,0.781735878764023,29.6,7.5,6.8,5.6,2341.0933333333337,7181.1466666666665,6964.240000000002,0,0,1,0
2013,Wales,UK,Oats,4442,5.2,6.933333333333333,9.733333333333334,19.633333333333333,13.5,1.633333333333333,2.3,10.733333333333334,7.266666666666667,6.0166666666666675,15.183333333333334,11.05,16.35,22.4,-0.7,7.4333333333333345,8.899999999999999,5.65,30.55,441.4,255.4,233.6,412.8,412.8,171.2,182.8,1343.2,422.8658394613079,65229.15999999999,54568.96,143.2,442.7000000000001,626.5,234.2,438.5,371.6,2.6819349315068495,32.3,29.9,5.4,10.0,1536.6566666666668,3546.826666666667,12300.283333333333,0,1,0,0
2014,Wales,UK,Oats,5395,5.5,7.933333333333333,13.0,19.066666666666663,14.633333333333336,2.7000000000000006,5.3,10.433333333333334,7.633333333333333,9.15,14.75,12.75,15.05,20.8,3.0,7.7,8.633333333333333,12.45,29.25,659.1,289.0,257.9,345.0,345.0,200.4,159.70000000000002,1551.0,630.6658394613079,83521.0,66512.40999999999,162.5,417.3,616.0,287.9,395.8,362.9,2.388522683210547,15.3,4.9,2.4,0.5,2644.35,3804.025,11745.066666666666,0,0,0,0
2015,Wales,UK,Oats,5212,6.3,8.366666666666667,11.933333333333332,17.866666666666664,13.933333333333335,2.966666666666667,3.9,10.0,6.7,7.916666666666666,13.933333333333332,11.425,14.4,18.2,2.0,8.033333333333331,7.866666666666664,8.75,26.799999999999997,609.6,267.4,302.4,389.1,389.1,242.8,200.6,1568.5,648.1658394613079,71502.76,91445.75999999998,148.4,499.2999999999999,533.4,287.1,313.2,382.1,1.7638888888888888,22.6,10.1,2.5,1.9,2116.9166666666665,4213.44,9530.079999999998,0,0,0,0
2016,Wales,UK,Oats,5025,5.8,8.200000000000001,12.033333333333331,18.766666666666666,13.366666666666667,2.4666666666666663,4.0,11.433333333333332,6.699999999999999,8.016666666666666,15.099999999999998,13.175,15.4,19.4,1.6,8.033333333333333,7.333333333333334,9.05,30.299999999999997,473.7000000000001,277.5,321.4,298.4,298.4,190.0,239.0,1371.0,450.6658394613079,77006.25,103297.96,152.7,512.5999999999999,467.00000000000006,297.9,325.70000000000005,357.6,1.453018046048538,22.799999999999997,14.0,6.6,5.8999999999999995,2224.6249999999995,4853.139999999999,8764.033333333335,0,0,0,0
2004,Scotland,UK,Oats,21831,5.2,6.5,11.066666666666668,16.666666666666668,11.433333333333332,0.6333333333333333,3.633333333333333,9.533333333333331,5.5,7.35,13.1,11.0,13.6,17.9,1.2,7.433333333333335,7.133333333333335,7.349999999999999,24.299999999999997,505.2999999999999,282.59999999999997,395.7,501.0,501.0,264.5,364.0,1684.6,764.2658394613078,79862.75999999998,156578.49,143.5,396.4,395.2,218.5,277.1,301.0,0.9987364164771292,41.2,12.2,7.2,2.8,2077.1099999999997,5183.67,6586.666666666667,0,0,1,0
2005,Scotland,UK,Oats,19955,5.7,6.333333333333333,10.366666666666667,16.8,11.9,1.0,3.233333333333333,9.266666666666666,5.733333333333333,6.8,13.033333333333331,10.375,13.325,17.3,2.5,7.133333333333335,7.533333333333335,5.400000000000001,24.1,447.5,350.20000000000005,287.7,493.4,493.4,183.7,273.6,1578.8000000000002,658.4658394613081,122640.04000000004,82771.29,123.0,414.2,414.0,209.4,282.4,313.7,1.4389989572471324,34.5,17.599999999999998,11.9,8.1,2381.36,3749.69,6955.200000000001,0,0,0,0
2006,Scotland,UK,Oats,22682,6.0,6.3,9.4,18.1,12.800000000000002,0.7666666666666666,1.9666666666666668,9.733333333333333,6.6000000000000005,5.683333333333334,13.916666666666664,10.8,14.5,20.4,-0.5,7.433333333333334,8.366666666666665,4.6,26.75,454.3,361.3,241.9,582.6999999999999,582.6999999999999,167.1,246.2,1640.2,719.8658394613079,130537.69,58515.609999999986,133.4,422.2999999999999,475.5,226.5,304.5,356.2,1.9656883009508064,34.0,26.4,4.5,9.7,2053.3883333333333,3366.4416666666657,8606.55,0,1,0,0
2007,Scotland,UK,Oats,20868,5.9,6.733333333333333,11.566666666666668,16.0,11.8,1.133333333333333,3.6666666666666665,8.966666666666667,5.566666666666666,7.616666666666667,12.483333333333334,10.425,12.7,16.3,1.7,7.900000000000002,7.033333333333333,7.85,22.450000000000003,511.4,318.3,382.0,354.79999999999995,354.79999999999995,272.4,238.7,1566.4999999999998,646.1658394613077,101314.89,145924.0,128.6,481.5,373.6,219.7,249.0,303.9,0.9780104712041884,33.0,12.6,7.5,4.0,2424.385,4768.633333333334,5977.6,0,0,1,0
2008,Scotland,UK,Oats,21720,5.5,6.366666666666667,10.533333333333331,16.566666666666666,10.766666666666666,0.1999999999999999,2.8666666666666667,9.433333333333332,4.633333333333334,6.7,13.0,11.05,13.825,17.7,0.4,7.666666666666666,7.133333333333335,6.5,24.0,570.0,288.8,370.7000000000001,487.2,487.2,263.20000000000005,262.6,1716.6999999999998,796.3658394613077,83405.44,137418.49000000002,130.8,469.3,376.1,216.7,232.2,353.20000000000005,1.0145670353385483,41.900000000000006,23.1,14.1,9.5,1934.96,4819.1,6230.723333333333,0,0,1,0
2009,Scotland,UK,Oats,22299,5.8,4.833333333333333,11.266666666666666,17.066666666666666,11.633333333333333,-0.7999999999999999,3.4333333333333336,9.333333333333334,5.833333333333333,7.35,13.2,10.775,13.7,17.7,1.5,7.833333333333332,7.7333333333333325,7.15,24.6,349.7,349.40000000000003,425.6,554.0,554.0,354.9,327.5,1678.6999999999998,758.3658394613077,122080.36000000004,181135.36,114.9,464.0,485.4,222.49999999999997,283.6,411.8,1.1405075187969924,51.599999999999994,13.3,7.4,4.2,2568.09,5617.92,8284.16,0,0,1,0
2010,Scotland,UK,Oats,23000,5.9,2.733333333333333,10.3,16.633333333333336,10.433333333333332,-3.366666666666667,2.3000000000000003,9.066666666666666,4.266666666666667,6.300000000000001,12.85,10.575,12.9,17.0,0.3,8.0,7.56666666666667,5.05,23.55,237.1,236.3,306.7,465.6,465.6,267.2,254.8,1245.7,325.3658394613079,55837.69,94064.89,146.9,433.0,409.8,248.5,254.6,343.79999999999995,1.3361591131398762,67.0,24.299999999999997,19.0,11.1,1488.6900000000005,3941.095,6816.340000000001,0,0,0,0
2011,Scotland,UK,Oats,21715,5.6,5.733333333333334,11.533333333333331,15.766666666666666,12.533333333333331,0.2333333333333333,3.766666666666667,8.066666666666668,6.766666666666667,7.65,11.916666666666668,10.075,12.45,17.0,1.1,7.766666666666666,7.699999999999997,8.450000000000001,20.75,562.5999999999999,369.9,360.9,569.4,569.4,261.4,350.29999999999995,1862.8,942.4658394613078,136826.00999999998,130248.80999999998,118.9,439.6,394.1,205.4,257.29999999999995,312.0,1.0919922416181769,43.1,13.7,3.2,2.7,2829.735,4300.725,6213.643333333333,0,0,1,0
2012,Scotland,UK,Oats,23672,4.6,5.966666666666666,10.933333333333332,15.633333333333336,10.1,0.6666666666666666,2.9,8.566666666666666,3.8333333333333335,6.916666666666666,12.1,9.65,12.875,17.3,1.3,8.033333333333331,7.066666666666668,5.800000000000001,21.3,499.7,254.4,386.5,455.6,455.6,260.2,280.8,1596.2,675.8658394613079,64719.36,149382.25,122.0,447.1,343.0,244.5,234.1,312.0,0.88745148771022,38.8,19.5,16.9,14.9,1759.6,4676.650000000001,5362.233333333334,0,0,1,0
2013,Scotland,UK,Oats,31728,5.9,5.966666666666666,8.433333333333334,17.633333333333336,11.3,0.7333333333333334,1.2666666666666668,9.466666666666669,5.166666666666667,4.8500000000000005,13.55,10.05,14.5,19.8,-1.6,7.166666666666667,8.16666666666667,3.4499999999999993,25.65,524.4,285.2,229.4,419.2000000000001,419.2000000000001,169.5,188.7,1458.2,537.8658394613079,81339.04,52624.36,127.1,406.2999999999999,463.7999999999999,219.3,320.7,298.2,2.021795989537925,39.7,36.0,12.9,14.5,1383.22,3108.3700000000003,8178.340000000001,0,1,0,0
2014,Scotland,UK,Oats,25050,6.1,5.966666666666666,11.2,17.23333333333333,12.4,0.9666666666666665,4.266666666666667,9.3,6.2,7.733333333333334,13.266666666666666,11.375,13.425,19.1,2.3,6.9333333333333345,7.933333333333332,8.2,24.8,652.2,321.29999999999995,341.6,423.2999999999999,423.2999999999999,274.0,227.1,1738.4,818.065839461308,103233.68999999996,116690.56,114.3,359.9,456.80000000000007,204.4,334.9,238.9,1.3372365339578456,31.8,10.1,3.8,3.6,2484.72,4531.893333333333,7872.186666666667,0,0,0,0
2015,Scotland,UK,Oats,25615,5.9,6.433333333333334,9.933333333333334,15.699999999999998,11.966666666666669,0.8333333333333334,2.2666666666666666,8.233333333333333,5.2,6.1,11.966666666666663,9.125,12.625,16.7,1.0,7.666666666666667,7.466666666666665,3.95,20.9,696.7,400.2,359.2,381.3,381.3,267.5,166.0,1837.4,917.065839461308,160160.03999999998,129024.63999999998,128.0,470.1,388.3,244.1,260.9,293.6,1.0810133630289531,36.8,22.3,6.1000000000000005,11.3,2441.22,4298.426666666666,6096.3099999999995,0,0,1,0
2016,Scotland,UK,Oats,31210,6.4,6.366666666666667,10.333333333333334,16.566666666666666,11.466666666666669,0.8999999999999999,2.766666666666667,9.366666666666664,4.866666666666666,6.550000000000001,12.966666666666663,11.125,13.275,17.1,1.2,7.566666666666666,7.200000000000001,5.049999999999999,23.9,559.0,261.4,344.8,321.0,321.0,255.4,259.8,1486.2,565.8658394613079,68329.95999999999,118887.04,115.5,452.7999999999999,393.2,254.8,252.1,344.79999999999995,1.140371229698376,38.5,21.9,15.0,11.1,1712.17,4470.906666666666,6514.013333333333,0,0,0,0
2004,Northern Ireland,UK,Oats,2459,5.7,8.133333333333333,12.433333333333332,18.066666666666663,12.766666666666666,2.0,4.466666666666666,10.566666666666666,6.966666666666666,8.45,14.316666666666666,12.375,14.525,18.9,2.4,7.966666666666666,7.5,10.35,27.949999999999996,290.2,214.0,285.5,299.7,299.7,176.3,219.7,1089.4,169.06583946130797,45796.0,81510.25,174.7,443.7,404.2000000000001,229.3,269.9,317.6,1.4157618213660246,25.6,6.199999999999999,3.0,0.6,1808.3,4087.4083333333338,7302.546666666667,0,0,0,0
2005,Northern Ireland,UK,Oats,1946,5.0,8.0,12.033333333333331,18.266666666666666,13.466666666666669,2.4333333333333336,4.433333333333334,10.766666666666666,6.8999999999999995,8.233333333333334,14.516666666666666,11.875,14.75,18.7,3.8,7.6,7.5,9.7,28.55,307.9,271.3,193.1,301.7,301.7,137.1,180.3,1074.0,153.66583946130788,73603.69,37287.61,136.1,412.6,370.0,238.40000000000003,245.2,307.4,1.916105644743656,19.3,8.100000000000001,6.6,2.2,2233.703333333334,2803.168333333333,6758.666666666666,0,0,0,0
2006,Northern Ireland,UK,Oats,1865,5.9,7.9,11.433333333333332,19.533333333333335,14.2,2.0,3.733333333333333,10.733333333333334,7.4,7.583333333333332,15.133333333333336,12.3,15.625,21.7,1.5,7.699999999999999,8.8,7.85,30.4,237.0,329.1,195.4,395.1,395.1,159.2,228.5,1156.6,236.2658394613078,108306.81,38181.15999999999,169.6,440.1,508.3,260.4,318.5,375.4,2.601330603889458,22.1,13.9,2.3,3.6,2495.6749999999997,2957.0533333333333,9928.793333333337,0,0,0,0
2007,Northern Ireland,UK,Oats,2036,5.2,8.733333333333333,13.5,17.666666666666668,13.833333333333334,2.466666666666667,4.566666666666666,10.033333333333331,7.3,9.033333333333331,13.85,12.075,14.05,17.9,2.2,8.933333333333334,7.633333333333335,12.1,26.549999999999997,328.8,180.3,381.1,200.7,200.7,233.9,162.1,1090.9,170.56583946130797,32508.090000000004,145237.21000000002,150.5,539.3,408.2999999999999,223.2,266.6,366.7999999999999,1.0713723432170033,18.5,6.700000000000001,2.6,1.5,1628.71,5278.235000000001,7213.299999999999,0,0,1,0
2008,Northern Ireland,UK,Oats,2418,4.5,8.133333333333333,12.6,17.766666666666666,12.300000000000002,1.5,4.233333333333333,10.233333333333333,5.6000000000000005,8.416666666666666,14.0,12.475,14.675,18.3,1.9,8.366666666666667,7.533333333333333,10.25,27.0,326.8,201.6,405.2,341.9,341.9,328.29999999999995,324.29999999999995,1275.4999999999998,355.16583946130766,40642.56,164187.03999999998,153.0,527.4000000000001,346.4,230.3,189.2,393.0,0.8548864758144126,28.799999999999997,9.2,5.0,4.1,1696.7999999999995,5672.8,6154.373333333333,0,0,1,0
2009,Northern Ireland,UK,Oats,2054,5.4,6.5,12.5,18.366666666666664,13.333333333333334,0.5333333333333333,4.466666666666666,10.133333333333333,6.6000000000000005,8.483333333333333,14.249999999999998,12.05,14.55,18.7,2.4,8.033333333333335,8.23333333333333,10.45,27.749999999999996,250.1,274.0,358.1,373.8,373.8,298.7,205.4,1255.9999999999998,335.66583946130766,75076.0,128235.61000000002,151.2,452.6,494.0,256.1,262.5,425.2,1.3795029321418597,41.5,5.499999999999999,3.7,0.4,2324.433333333333,5102.924999999999,9073.133333333331,0,0,1,0
2010,Northern Ireland,UK,Oats,2331,5.8,4.300000000000001,12.266666666666666,18.3,12.433333333333332,-2.2666666666666666,3.0666666666666664,10.133333333333333,5.2,7.666666666666666,14.216666666666669,12.125,14.175,18.9,0.5,9.2,8.166666666666668,8.1,27.65,217.40000000000003,207.2,243.9,372.2999999999999,372.2999999999999,198.3,224.0,1040.8,120.46583946130784,42931.84,59487.21000000001,175.2,485.7,451.6,298.2,264.0,386.1,1.851578515785158,58.4,19.6,15.1,7.0,1588.533333333333,3467.445,8264.28,0,0,0,0
2011,Northern Ireland,UK,Oats,2095,6.0,7.633333333333333,13.3,17.03333333333333,13.833333333333334,1.5,4.833333333333333,8.833333333333334,7.8,9.066666666666666,12.933333333333334,11.2,13.525,17.9,1.6,8.466666666666665,8.199999999999998,12.2,23.799999999999997,358.0,196.6,243.9,463.1,463.1,140.89999999999998,194.2,1261.6,341.2658394613078,38651.56000000001,59487.20999999999,168.5,485.2999999999999,398.2,210.4,251.0,317.6,1.6326363263632635,29.699999999999996,9.4,1.4,0.0,1782.506666666667,3154.4399999999996,6782.673333333332,0,0,0,0
2012,Northern Ireland,UK,Oats,1879,4.8,8.033333333333333,12.533333333333331,17.2,11.833333333333334,2.6666666666666665,4.166666666666667,9.833333333333334,4.999999999999999,8.35,13.516666666666666,11.175,14.3,18.9,2.4,8.366666666666667,7.366666666666665,10.05,25.549999999999997,315.29999999999995,155.1,395.2999999999999,312.3,312.3,217.1,221.1,1178.0,257.6658394613079,24056.01,156262.08999999997,125.7,466.6,357.0,269.7,262.2,290.5,0.9031115608398684,18.1,9.3,8.200000000000001,6.300000000000001,1295.0849999999998,5343.138333333332,6140.4,0,0,1,0
2013,Northern Ireland,UK,Oats,1973,5.0,7.5,9.833333333333334,19.333333333333332,13.033333333333331,1.9333333333333336,2.733333333333333,10.699999999999998,6.566666666666666,6.283333333333333,15.016666666666666,11.325,16.0,21.8,-0.0,7.100000000000001,8.633333333333335,6.1,30.05,360.4,270.9,212.09999999999997,291.0,291.0,127.5,123.8,1134.4,214.06583946130797,73386.80999999998,44986.40999999999,145.29999999999998,396.1,497.2,260.20000000000005,335.5,326.4,2.3441772748703444,23.5,23.3,4.6000000000000005,7.1,1702.1549999999995,3185.0349999999994,9612.533333333333,0,0,0,0
2014,Northern Ireland,UK,Oats,2086,5.6,7.400000000000001,12.866666666666667,18.366666666666667,13.933333333333332,1.7333333333333334,5.266666666666667,10.2,6.566666666666666,9.066666666666666,14.283333333333331,12.5,14.55,20.1,2.7,7.6,8.166666666666668,12.2,27.85,487.19999999999993,219.0,261.2,320.1,320.1,204.4,147.0,1287.5000000000002,367.1658394613081,47961.0,68225.43999999999,151.2,365.2999999999999,473.5,267.2,306.3,275.29999999999995,1.8127871362940275,19.3,8.0,1.6,1.1,1985.6,3730.8066666666664,8696.616666666667,0,0,0,0
2015,Northern Ireland,UK,Oats,2076,5.9,7.866666666666667,11.7,17.1,13.433333333333332,1.7666666666666666,3.1666666666666665,9.066666666666666,6.333333333333333,7.433333333333334,13.083333333333334,10.675,13.475,17.6,1.6,8.533333333333335,8.033333333333335,7.300000000000001,24.25,443.7999999999999,283.20000000000005,285.29999999999995,305.5,305.5,239.8,166.0,1317.8,397.46583946130784,80202.24000000002,81396.08999999997,152.8,494.4,427.8,266.0,250.0,329.9,1.4994742376445849,25.3,13.8,1.6,4.6,2105.1200000000003,3732.675,7315.380000000001,0,0,0,0
2016,Northern Ireland,UK,Oats,2257,5.4,8.066666666666666,12.0,18.4,12.9,2.266666666666667,3.766666666666667,10.866666666666667,6.266666666666666,7.883333333333334,14.633333333333333,12.7,14.85,18.6,2.4,8.233333333333333,7.533333333333331,8.649999999999999,28.9,363.4,209.4,254.4,222.3,222.3,165.5,164.2,1049.5,129.16583946130788,43848.35999999999,64719.36,149.39999999999998,481.0,371.4,263.2,240.7,349.0,1.4599056603773584,22.6,11.6,8.6,6.3,1650.77,3722.72,6833.759999999999,0,0,0,0
2004,England,UK,Oilseed_Rape,505870,2.9,7.966666666666668,13.233333333333334,20.4,14.166666666666666,2.1,4.8999999999999995,11.533333333333331,7.4,9.066666666666666,15.966666666666663,13.475,16.375,21.4,2.6,8.333333333333336,8.866666666666665,12.2,32.900000000000006,220.5,169.10000000000002,270.0,230.4,230.4,213.9,200.3,889.9999999999999,30.33416053869223,28594.81000000001,72900.0,191.6,446.9,543.7,304.5,343.4,404.7000000000001,2.013703703703704,29.299999999999997,6.8,4.4,0.9,1533.1733333333334,4311.0,11091.48,0,0,0,0
2005,England,UK,Oilseed_Rape,548883,3.3,7.599999999999999,12.866666666666667,20.533333333333335,14.966666666666669,1.7,4.766666666666667,11.1,7.533333333333332,8.816666666666666,15.816666666666666,13.075,16.175,20.9,3.4,8.100000000000001,9.433333333333335,11.45,32.449999999999996,166.0,161.3,174.5,243.8,243.8,120.8,120.7,745.6,174.7341605386921,26017.69,30450.25,189.3,441.9,576.4,325.3,386.0,406.1,3.3031518624641834,27.299999999999997,11.3,11.5,3.1999999999999997,1422.128333333333,2760.008333333333,11835.413333333334,0,0,0,0
2006,England,UK,Oilseed_Rape,531364,3.3,7.2,12.133333333333336,22.03333333333333,16.099999999999998,2.0,4.333333333333333,11.866666666666667,8.666666666666668,8.233333333333334,16.95,13.675,17.65,25.2,1.3,7.800000000000002,10.166666666666664,10.1,35.85,191.9,224.3,152.9,275.3,275.3,128.9,161.2,844.4,75.93416053869214,50310.490000000005,23378.410000000003,165.4,429.7,667.4,345.29999999999995,440.2000000000001,399.4,4.364944408109875,26.1,16.200000000000003,3.4,3.8,1846.736666666667,2591.655,14705.046666666663,0,0,0,0
2007,England,UK,Oilseed_Rape,634920,3.1,8.733333333333333,14.433333333333332,19.4,14.366666666666667,2.766666666666667,5.366666666666667,10.866666666666664,6.666666666666667,9.9,15.133333333333333,13.275,15.3,20.0,2.9,9.066666666666665,8.533333333333337,14.7,30.4,275.7,173.9,324.4,159.3,159.3,178.6,98.0,933.3,12.965839461307837,30241.210000000003,105235.36,182.7,535.0,532.7,329.5,381.8,314.9,1.6421085080147968,23.0,4.0,5.8,0.7,1721.61,4909.253333333333,10334.380000000005,0,0,0,0
2008,England,UK,Oilseed_Rape,560940,3.3,8.333333333333334,13.033333333333331,19.633333333333336,13.366666666666667,1.633333333333333,4.7,11.266666666666666,6.366666666666667,8.866666666666665,15.45,13.475,16.175,20.6,2.4,8.333333333333332,8.36666666666667,11.6,31.35,225.2,218.1,265.6,272.4,272.4,206.5,202.2,981.3,60.96583946130784,47567.61,70543.36000000002,232.5,465.0,505.2000000000001,297.0,305.3,393.4,1.90210843373494,29.6,11.9,7.1,5.8,1933.8199999999997,4103.52,9918.760000000002,0,0,0,0
2009,England,UK,Oilseed_Rape,536261,3.3,6.133333333333333,13.866666666666667,20.266666666666666,14.733333333333334,0.4333333333333333,4.866666666666667,11.166666666666666,7.666666666666667,9.366666666666667,15.716666666666663,13.2,16.299999999999997,21.0,2.5,9.0,9.1,13.1,32.150000000000006,228.0,135.0,242.9,268.5,268.5,188.0,89.5,874.4,45.93416053869214,18225.0,59000.41,174.60000000000002,542.2,558.8,303.29999999999995,357.7,416.4,2.3005351996706462,42.400000000000006,6.3999999999999995,0.6,0.6,1264.5,3817.578333333333,11325.013333333332,0,0,0,1
2010,England,UK,Oilseed_Rape,599675,3.5,3.9666666666666663,13.0,20.500000000000004,13.166666666666666,-1.7,3.733333333333333,11.1,6.166666666666667,8.366666666666667,15.8,12.775,16.200000000000003,21.6,1.9,9.266666666666667,9.400000000000004,10.1,32.400000000000006,175.9,112.8,194.7,243.1,243.1,158.3,175.8,726.5000000000001,193.834160538692,12723.84,37908.09,165.0,527.4000000000001,547.4000000000001,317.20000000000005,309.6,441.1,2.81150487930149,57.3,14.4,11.9,4.4,943.76,3076.26,11221.700000000004,0,0,0,1
2011,England,UK,Oilseed_Rape,660379,3.9,7.9,14.8,19.366666666666667,15.800000000000002,2.3666666666666667,5.266666666666667,10.166666666666666,8.5,10.033333333333331,14.766666666666666,12.975,15.2,19.8,2.2,9.533333333333331,9.2,15.1,29.3,260.3,79.19999999999999,207.5,165.8,165.8,137.6,132.5,712.8000000000001,207.53416053869205,6272.6399999999985,43056.25,148.4,557.7,517.7,325.7,321.79999999999995,400.9,2.4949397590361446,21.9,8.100000000000001,1.2,0.7,794.6399999999999,3064.083333333333,10026.123333333337,0,0,0,1
2012,England,UK,Oilseed_Rape,712671,3.4,7.666666666666667,13.3,19.066666666666663,13.199999999999998,1.5,4.466666666666667,11.0,5.8999999999999995,8.883333333333333,15.033333333333331,12.45,15.85,20.8,3.1,8.833333333333332,8.066666666666666,11.65,30.1,242.7,216.9,351.29999999999995,315.0,315.0,203.1,178.0,1125.9,205.56583946130797,47045.61,123411.68999999996,198.7,488.9,440.4,322.2,322.2,312.0,1.2536293766011957,32.3,7.7,6.300000000000001,5.2,1926.795,5281.209999999999,8396.96,0,0,1,0
2013,England,UK,Oilseed_Rape,676414,3.0,6.933333333333334,10.6,21.066666666666663,14.166666666666666,1.3,2.733333333333333,11.2,7.133333333333333,6.666666666666666,16.133333333333333,11.900000000000002,17.4,23.6,-0.3,7.866666666666667,9.866666666666664,7.4,33.400000000000006,238.9,168.3,149.5,256.1,256.1,113.9,111.7,812.8,107.53416053869216,28324.890000000003,22350.25,169.89999999999998,432.5,639.8000000000001,289.70000000000005,457.2000000000001,371.1,4.279598662207358,31.299999999999997,26.6,5.4,8.6,1122.0,2411.9333333333334,13478.453333333337,0,1,0,0
2014,England,UK,Oilseed_Rape,631580,3.6,8.433333333333335,14.033333333333331,20.6,15.366666666666667,2.533333333333333,5.6000000000000005,11.066666666666668,8.200000000000001,9.816666666666666,15.833333333333332,13.525,16.25,22.7,3.1,8.43333333333333,9.53333333333333,14.45,32.5,357.6,197.9,205.3,222.1,222.1,159.0,122.4,982.9,62.56583946130786,39164.41,42148.09,214.5,459.9,636.3,279.0,433.2,376.1,3.09936678032148,17.200000000000003,5.6000000000000005,2.4,1.1,1942.7183333333332,3250.5833333333335,13107.779999999995,0,0,0,0
2015,England,UK,Oilseed_Rape,610947,3.9,8.799999999999999,13.0,19.9,14.533333333333331,2.8666666666666667,4.233333333333333,10.466666666666669,7.1000000000000005,8.616666666666667,15.183333333333334,12.35,15.825,20.4,2.4,8.766666666666666,9.433333333333335,10.85,30.549999999999997,277.5,153.7,206.8,228.8,228.8,171.5,143.2,866.8,53.53416053869216,23623.689999999995,42766.240000000005,187.1,531.3,564.1,297.2,342.7,403.8,2.7277562862669247,22.800000000000004,7.4,2.4,2.3,1324.381666666667,3139.9133333333334,11225.590000000002,0,0,0,0
2016,England,UK,Oilseed_Rape,542807,3.1,8.433333333333332,12.6,20.46666666666667,14.3,2.1666666666666665,4.066666666666666,11.699999999999998,7.066666666666666,8.333333333333332,16.083333333333332,13.425,16.75,21.5,1.8,8.533333333333333,8.766666666666671,10.000000000000002,33.25,232.6,192.2,199.7,199.0,199.0,104.4,127.1,823.5,96.83416053869212,36940.84,39880.09,193.0,500.1,530.2,327.6,400.3,338.20000000000005,2.6549824737105663,25.800000000000004,12.2,6.3,5.4,1601.6666666666663,3211.8416666666662,10851.426666666668,0,0,0,0
2004,Wales,UK,Oilseed_Rape,3388,2.9,7.833333333333333,12.3,18.7,13.3,2.2333333333333334,4.566666666666666,11.033333333333331,7.333333333333333,8.433333333333334,14.866666666666664,12.6,15.225,19.9,2.2,7.7333333333333325,7.666666666666668,10.3,29.6,445.5,238.1,310.0,492.6,492.6,235.9,302.2,1486.2000000000005,565.8658394613084,56691.61,96100.0,180.6,438.4,494.2,256.8,308.0,391.0,1.5941935483870968,27.9,9.2,3.6,1.1,2007.9766666666667,4608.666666666666,9241.54,0,0,0,0
2005,Wales,UK,Oilseed_Rape,2959,3.3,7.5,12.1,19.066666666666663,14.066666666666668,2.0666666666666664,4.7,10.7,7.266666666666667,8.4,14.883333333333333,12.3,15.2,19.5,3.6,7.4,8.366666666666665,10.2,29.65,315.6,252.5,231.9,503.7999999999999,503.7999999999999,157.3,171.4,1303.8000000000002,383.46583946130806,63756.25,53777.609999999986,154.3,431.1,547.9,283.09999999999997,375.7,380.2,2.3626563173781805,25.5,11.6,12.0,3.7,2121.0,3451.4449999999997,10446.626666666669,0,0,0,0
2006,Wales,UK,Oilseed_Rape,2614,3.3,6.966666666666666,11.366666666666667,20.4,14.966666666666669,1.9666666666666668,4.233333333333333,11.366666666666667,8.166666666666666,7.800000000000001,15.883333333333336,12.95,16.425,23.1,1.4,7.133333333333334,9.033333333333337,9.0,32.650000000000006,403.9,407.2000000000001,190.1,469.2,469.2,154.7,186.2,1470.4,550.065839461308,165811.84000000003,36138.009999999995,155.7,405.7000000000001,608.9,315.0,386.8,379.9,3.2030510257759075,30.2,15.7,4.3,3.9,3176.1600000000008,3019.4216666666666,12421.56,0,0,0,0
2007,Wales,UK,Oilseed_Rape,2820,3.1,8.466666666666667,13.699999999999998,17.96666666666667,13.633333333333333,2.8666666666666667,4.966666666666667,10.4,6.933333333333333,9.333333333333332,14.183333333333334,12.625,14.175,18.5,2.7,8.73333333333333,7.566666666666668,13.000000000000002,27.549999999999997,532.7,258.7,447.9,246.6,246.6,279.8,167.5,1485.8999999999996,565.5658394613075,66925.68999999999,200614.40999999997,166.8,544.7,478.1,285.59999999999997,343.70000000000005,318.4,1.067425764679616,23.0,5.000000000000001,5.9,1.3,2414.533333333333,6352.715,8589.863333333335,0,0,1,0
2008,Wales,UK,Oilseed_Rape,3152,3.3,8.166666666666666,12.3,17.833333333333332,12.6,1.6666666666666667,4.733333333333333,10.733333333333334,6.366666666666667,8.516666666666666,14.283333333333331,12.775,15.025,18.8,2.4,7.5666666666666655,7.099999999999998,10.55,27.85,421.4,298.4,434.4,511.4,511.4,340.2,344.5,1665.6,745.2658394613078,89042.55999999998,188703.36,205.3,451.1,437.2,260.0,247.1,374.9,1.0064456721915285,30.6,11.1,6.1,5.6,2541.373333333333,6204.679999999999,7796.733333333333,0,0,1,0
2009,Wales,UK,Oilseed_Rape,4013,3.3,6.033333333333334,12.533333333333331,18.5,13.866666666666667,0.4000000000000001,4.633333333333334,10.8,7.333333333333333,8.583333333333334,14.65,12.425,14.975,18.7,2.5,7.9,7.700000000000001,10.750000000000002,28.95,355.2,238.0,402.9,500.7,500.7,328.2,154.9,1496.8000000000002,576.4658394613081,56644.0,162328.41000000003,157.10000000000002,474.9,494.7,258.0,297.2,385.1,1.2278481012658229,41.0,7.6,0.8,1.9,2042.8333333333337,5902.485,9151.95,0,0,1,0
2010,Wales,UK,Oilseed_Rape,5439,3.5,4.166666666666667,12.233333333333334,18.666666666666668,12.6,-2.1333333333333333,3.2000000000000006,10.533333333333331,5.666666666666667,7.716666666666668,14.6,12.125,14.8,19.3,1.1,9.033333333333331,8.133333333333335,8.150000000000002,28.799999999999997,213.9,196.6,306.3,412.2,412.2,264.1,258.0,1129.0,208.66583946130788,38651.56,93819.69,176.6,541.3,496.6,316.5,260.0,448.0,1.6212863206007182,60.3,20.4,12.7,7.3,1517.0966666666668,4471.9800000000005,9269.866666666669,0,0,0,0
2011,Wales,UK,Oilseed_Rape,5215,3.9,7.7,13.666666666666666,17.733333333333334,14.633333333333333,2.4,5.1000000000000005,9.533333333333331,8.499999999999998,9.383333333333333,13.633333333333333,11.9,14.15,18.5,1.7,8.566666666666666,8.200000000000001,13.15,25.9,491.0,155.60000000000002,288.5,353.6,353.6,178.5,212.6,1288.6999999999998,368.3658394613077,24211.360000000008,83232.25,134.3,532.1,504.9,263.3,305.8,369.0,1.7500866551126515,22.700000000000003,9.9,1.3,0.3,1460.0466666666669,3933.2166666666662,8953.560000000001,0,0,0,0
2012,Wales,UK,Oilseed_Rape,5628,3.4,7.533333333333334,12.5,17.533333333333335,12.266666666666666,2.0,4.366666666666666,10.733333333333334,5.733333333333334,8.433333333333334,14.133333333333336,11.825,14.825,18.9,2.9,8.133333333333333,6.800000000000001,10.3,27.4,459.1,277.6,508.1,457.6,457.6,289.5,287.6,1702.4,782.065839461308,77061.76000000001,258165.60999999996,154.0,481.5,397.2000000000001,270.0,278.5,325.8,0.781735878764023,29.6,7.5,6.8,5.6,2341.0933333333337,7181.1466666666665,6964.240000000002,0,0,1,0
2013,Wales,UK,Oilseed_Rape,4679,3.0,6.933333333333333,9.733333333333334,19.633333333333333,13.5,1.633333333333333,2.3,10.733333333333334,7.266666666666667,6.0166666666666675,15.183333333333334,11.05,16.35,22.4,-0.7,7.4333333333333345,8.899999999999999,5.65,30.55,441.4,255.4,233.6,412.8,412.8,171.2,182.8,1343.2,422.8658394613079,65229.15999999999,54568.96,143.2,442.7000000000001,626.5,234.2,438.5,371.6,2.6819349315068495,32.3,29.9,5.4,10.0,1536.6566666666668,3546.826666666667,12300.283333333333,0,1,0,0
2014,Wales,UK,Oilseed_Rape,5433,3.6,7.933333333333333,13.0,19.066666666666663,14.633333333333336,2.7000000000000006,5.3,10.433333333333334,7.633333333333333,9.15,14.75,12.75,15.05,20.8,3.0,7.7,8.633333333333333,12.45,29.25,659.1,289.0,257.9,345.0,345.0,200.4,159.70000000000002,1551.0,630.6658394613079,83521.0,66512.40999999999,162.5,417.3,616.0,287.9,395.8,362.9,2.388522683210547,15.3,4.9,2.4,0.5,2644.35,3804.025,11745.066666666666,0,0,0,0
2015,Wales,UK,Oilseed_Rape,4812,3.9,8.366666666666667,11.933333333333332,17.866666666666664,13.933333333333335,2.966666666666667,3.9,10.0,6.7,7.916666666666666,13.933333333333332,11.425,14.4,18.2,2.0,8.033333333333331,7.866666666666664,8.75,26.799999999999997,609.6,267.4,302.4,389.1,389.1,242.8,200.6,1568.5,648.1658394613079,71502.76,91445.75999999998,148.4,499.2999999999999,533.4,287.1,313.2,382.1,1.7638888888888888,22.6,10.1,2.5,1.9,2116.9166666666665,4213.44,9530.079999999998,0,0,0,0
2016,Wales,UK,Oilseed_Rape,5080,3.1,8.200000000000001,12.033333333333331,18.766666666666666,13.366666666666667,2.4666666666666663,4.0,11.433333333333332,6.699999999999999,8.016666666666666,15.099999999999998,13.175,15.4,19.4,1.6,8.033333333333333,7.333333333333334,9.05,30.299999999999997,473.7000000000001,277.5,321.4,298.4,298.4,190.0,239.0,1371.0,450.6658394613079,77006.25,103297.96,152.7,512.5999999999999,467.00000000000006,297.9,325.70000000000005,357.6,1.453018046048538,22.799999999999997,14.0,6.6,5.8999999999999995,2224.6249999999995,4853.139999999999,8764.033333333335,0,0,0,0
2004,Scotland,UK,Oilseed_Rape,39316,3.3,6.5,11.066666666666668,16.666666666666668,11.433333333333332,0.6333333333333333,3.633333333333333,9.533333333333331,5.5,7.35,13.1,11.0,13.6,17.9,1.2,7.433333333333335,7.133333333333335,7.349999999999999,24.299999999999997,505.2999999999999,282.59999999999997,395.7,501.0,501.0,264.5,364.0,1684.6,764.2658394613078,79862.75999999998,156578.49,143.5,396.4,395.2,218.5,277.1,301.0,0.9987364164771292,41.2,12.2,7.2,2.8,2077.1099999999997,5183.67,6586.666666666667,0,0,1,0
2005,Scotland,UK,Oilseed_Rape,35591,3.5,6.333333333333333,10.366666666666667,16.8,11.9,1.0,3.233333333333333,9.266666666666666,5.733333333333333,6.8,13.033333333333331,10.375,13.325,17.3,2.5,7.133333333333335,7.533333333333335,5.400000000000001,24.1,447.5,350.20000000000005,287.7,493.4,493.4,183.7,273.6,1578.8000000000002,658.4658394613081,122640.04000000004,82771.29,123.0,414.2,414.0,209.4,282.4,313.7,1.4389989572471324,34.5,17.599999999999998,11.9,8.1,2381.36,3749.69,6955.200000000001,0,0,0,0
2006,Scotland,UK,Oilseed_Rape,33742,3.6,6.3,9.4,18.1,12.800000000000002,0.7666666666666666,1.9666666666666668,9.733333333333333,6.6000000000000005,5.683333333333334,13.916666666666664,10.8,14.5,20.4,-0.5,7.433333333333334,8.366666666666665,4.6,26.75,454.3,361.3,241.9,582.6999999999999,582.6999999999999,167.1,246.2,1640.2,719.8658394613079,130537.69,58515.609999999986,133.4,422.2999999999999,475.5,226.5,304.5,356.2,1.9656883009508064,34.0,26.4,4.5,9.7,2053.3883333333333,3366.4416666666657,8606.55,0,1,0,0
2007,Scotland,UK,Oilseed_Rape,36334,3.8,6.733333333333333,11.566666666666668,16.0,11.8,1.133333333333333,3.6666666666666665,8.966666666666667,5.566666666666666,7.616666666666667,12.483333333333334,10.425,12.7,16.3,1.7,7.900000000000002,7.033333333333333,7.85,22.450000000000003,511.4,318.3,382.0,354.79999999999995,354.79999999999995,272.4,238.7,1566.4999999999998,646.1658394613077,101314.89,145924.0,128.6,481.5,373.6,219.7,249.0,303.9,0.9780104712041884,33.0,12.6,7.5,4.0,2424.385,4768.633333333334,5977.6,0,0,1,0
2008,Scotland,UK,Oilseed_Rape,33623,3.4,6.366666666666667,10.533333333333331,16.566666666666666,10.766666666666666,0.1999999999999999,2.8666666666666667,9.433333333333332,4.633333333333334,6.7,13.0,11.05,13.825,17.7,0.4,7.666666666666666,7.133333333333335,6.5,24.0,570.0,288.8,370.7000000000001,487.2,487.2,263.20000000000005,262.6,1716.6999999999998,796.3658394613077,83405.44,137418.49000000002,130.8,469.3,376.1,216.7,232.2,353.20000000000005,1.0145670353385483,41.900000000000006,23.1,14.1,9.5,1934.96,4819.1,6230.723333333333,0,0,1,0
2009,Scotland,UK,Oilseed_Rape,29043,3.5,4.833333333333333,11.266666666666666,17.066666666666666,11.633333333333333,-0.7999999999999999,3.4333333333333336,9.333333333333334,5.833333333333333,7.35,13.2,10.775,13.7,17.7,1.5,7.833333333333332,7.7333333333333325,7.15,24.6,349.7,349.40000000000003,425.6,554.0,554.0,354.9,327.5,1678.6999999999998,758.3658394613077,122080.36000000004,181135.36,114.9,464.0,485.4,222.49999999999997,283.6,411.8,1.1405075187969924,51.599999999999994,13.3,7.4,4.2,2568.09,5617.92,8284.16,0,0,1,0
2010,Scotland,UK,Oilseed_Rape,36002,3.4,2.733333333333333,10.3,16.633333333333336,10.433333333333332,-3.366666666666667,2.3000000000000003,9.066666666666666,4.266666666666667,6.300000000000001,12.85,10.575,12.9,17.0,0.3,8.0,7.56666666666667,5.05,23.55,237.1,236.3,306.7,465.6,465.6,267.2,254.8,1245.7,325.3658394613079,55837.69,94064.89,146.9,433.0,409.8,248.5,254.6,343.79999999999995,1.3361591131398762,67.0,24.299999999999997,19.0,11.1,1488.6900000000005,3941.095,6816.340000000001,0,0,0,0
2011,Scotland,UK,Oilseed_Rape,38388,3.9,5.733333333333334,11.533333333333331,15.766666666666666,12.533333333333331,0.2333333333333333,3.766666666666667,8.066666666666668,6.766666666666667,7.65,11.916666666666668,10.075,12.45,17.0,1.1,7.766666666666666,7.699999999999997,8.450000000000001,20.75,562.5999999999999,369.9,360.9,569.4,569.4,261.4,350.29999999999995,1862.8,942.4658394613078,136826.00999999998,130248.80999999998,118.9,439.6,394.1,205.4,257.29999999999995,312.0,1.0919922416181769,43.1,13.7,3.2,2.7,2829.735,4300.725,6213.643333333333,0,0,1,0
2012,Scotland,UK,Oilseed_Rape,36611,2.9,5.966666666666666,10.933333333333332,15.633333333333336,10.1,0.6666666666666666,2.9,8.566666666666666,3.8333333333333335,6.916666666666666,12.1,9.65,12.875,17.3,1.3,8.033333333333331,7.066666666666668,5.800000000000001,21.3,499.7,254.4,386.5,455.6,455.6,260.2,280.8,1596.2,675.8658394613079,64719.36,149382.25,122.0,447.1,343.0,244.5,234.1,312.0,0.88745148771022,38.8,19.5,16.9,14.9,1759.6,4676.650000000001,5362.233333333334,0,0,1,0
2013,Scotland,UK,Oilseed_Rape,33653,3.3,5.966666666666666,8.433333333333334,17.633333333333336,11.3,0.7333333333333334,1.2666666666666668,9.466666666666669,5.166666666666667,4.8500000000000005,13.55,10.05,14.5,19.8,-1.6,7.166666666666667,8.16666666666667,3.4499999999999993,25.65,524.4,285.2,229.4,419.2000000000001,419.2000000000001,169.5,188.7,1458.2,537.8658394613079,81339.04,52624.36,127.1,406.2999999999999,463.7999999999999,219.3,320.7,298.2,2.021795989537925,39.7,36.0,12.9,14.5,1383.22,3108.3700000000003,8178.340000000001,0,1,0,0
2014,Scotland,UK,Oilseed_Rape,37073,4.0,5.966666666666666,11.2,17.23333333333333,12.4,0.9666666666666665,4.266666666666667,9.3,6.2,7.733333333333334,13.266666666666666,11.375,13.425,19.1,2.3,6.9333333333333345,7.933333333333332,8.2,24.8,652.2,321.29999999999995,341.6,423.2999999999999,423.2999999999999,274.0,227.1,1738.4,818.065839461308,103233.68999999996,116690.56,114.3,359.9,456.80000000000007,204.4,334.9,238.9,1.3372365339578456,31.8,10.1,3.8,3.6,2484.72,4531.893333333333,7872.186666666667,0,0,0,0
2015,Scotland,UK,Oilseed_Rape,35797,4.1,6.433333333333334,9.933333333333334,15.699999999999998,11.966666666666669,0.8333333333333334,2.2666666666666666,8.233333333333333,5.2,6.1,11.966666666666663,9.125,12.625,16.7,1.0,7.666666666666667,7.466666666666665,3.95,20.9,696.7,400.2,359.2,381.3,381.3,267.5,166.0,1837.4,917.065839461308,160160.03999999998,129024.63999999998,128.0,470.1,388.3,244.1,260.9,293.6,1.0810133630289531,36.8,22.3,6.1000000000000005,11.3,2441.22,4298.426666666666,6096.3099999999995,0,0,1,0
2016,Scotland,UK,Oilseed_Rape,30731,3.3,6.366666666666667,10.333333333333334,16.566666666666666,11.466666666666669,0.8999999999999999,2.766666666666667,9.366666666666664,4.866666666666666,6.550000000000001,12.966666666666663,11.125,13.275,17.1,1.2,7.566666666666666,7.200000000000001,5.049999999999999,23.9,559.0,261.4,344.8,321.0,321.0,255.4,259.8,1486.2,565.8658394613079,68329.95999999999,118887.04,115.5,452.7999999999999,393.2,254.8,252.1,344.79999999999995,1.140371229698376,38.5,21.9,15.0,11.1,1712.17,4470.906666666666,6514.013333333333,0,0,0,0
2004,Northern Ireland,UK,Oilseed_Rape,255,2.9,8.133333333333333,12.433333333333332,18.066666666666663,12.766666666666666,2.0,4.466666666666666,10.566666666666666,6.966666666666666,8.45,14.316666666666666,12.375,14.525,18.9,2.4,7.966666666666666,7.5,10.35,27.949999999999996,290.2,214.0,285.5,299.7,299.7,176.3,219.7,1089.4,169.06583946130797,45796.0,81510.25,174.7,443.7,404.2000000000001,229.3,269.9,317.6,1.4157618213660246,25.6,6.199999999999999,3.0,0.6,1808.3,4087.4083333333338,7302.546666666667,0,0,0,0
2005,Northern Ireland,UK,Oilseed_Rape,345,3.2,8.0,12.033333333333331,18.266666666666666,13.466666666666669,2.4333333333333336,4.433333333333334,10.766666666666666,6.8999999999999995,8.233333333333334,14.516666666666666,11.875,14.75,18.7,3.8,7.6,7.5,9.7,28.55,307.9,271.3,193.1,301.7,301.7,137.1,180.3,1074.0,153.66583946130788,73603.69,37287.61,136.1,412.6,370.0,238.40000000000003,245.2,307.4,1.916105644743656,19.3,8.100000000000001,6.6,2.2,2233.703333333334,2803.168333333333,6758.666666666666,0,0,0,0
2006,Northern Ireland,UK,Oilseed_Rape,471,3.3,7.9,11.433333333333332,19.533333333333335,14.2,2.0,3.733333333333333,10.733333333333334,7.4,7.583333333333332,15.133333333333336,12.3,15.625,21.7,1.5,7.699999999999999,8.8,7.85,30.4,237.0,329.1,195.4,395.1,395.1,159.2,228.5,1156.6,236.2658394613078,108306.81,38181.15999999999,169.6,440.1,508.3,260.4,318.5,375.4,2.601330603889458,22.1,13.9,2.3,3.6,2495.6749999999997,2957.0533333333333,9928.793333333337,0,0,0,0
2007,Northern Ireland,UK,Oilseed_Rape,398,3.1,8.733333333333333,13.5,17.666666666666668,13.833333333333334,2.466666666666667,4.566666666666666,10.033333333333331,7.3,9.033333333333331,13.85,12.075,14.05,17.9,2.2,8.933333333333334,7.633333333333335,12.1,26.549999999999997,328.8,180.3,381.1,200.7,200.7,233.9,162.1,1090.9,170.56583946130797,32508.090000000004,145237.21000000002,150.5,539.3,408.2999999999999,223.2,266.6,366.7999999999999,1.0713723432170033,18.5,6.700000000000001,2.6,1.5,1628.71,5278.235000000001,7213.299999999999,0,0,1,0
2008,Northern Ireland,UK,Oilseed_Rape,439,3.3,8.133333333333333,12.6,17.766666666666666,12.300000000000002,1.5,4.233333333333333,10.233333333333333,5.6000000000000005,8.416666666666666,14.0,12.475,14.675,18.3,1.9,8.366666666666667,7.533333333333333,10.25,27.0,326.8,201.6,405.2,341.9,341.9,328.29999999999995,324.29999999999995,1275.4999999999998,355.16583946130766,40642.56,164187.03999999998,153.0,527.4000000000001,346.4,230.3,189.2,393.0,0.8548864758144126,28.799999999999997,9.2,5.0,4.1,1696.7999999999995,5672.8,6154.373333333333,0,0,1,0
2009,Northern Ireland,UK,Oilseed_Rape,604,3.4,6.5,12.5,18.366666666666664,13.333333333333334,0.5333333333333333,4.466666666666666,10.133333333333333,6.6000000000000005,8.483333333333333,14.249999999999998,12.05,14.55,18.7,2.4,8.033333333333335,8.23333333333333,10.45,27.749999999999996,250.1,274.0,358.1,373.8,373.8,298.7,205.4,1255.9999999999998,335.66583946130766,75076.0,128235.61000000002,151.2,452.6,494.0,256.1,262.5,425.2,1.3795029321418597,41.5,5.499999999999999,3.7,0.4,2324.433333333333,5102.924999999999,9073.133333333331,0,0,1,0
2010,Northern Ireland,UK,Oilseed_Rape,446,3.5,4.300000000000001,12.266666666666666,18.3,12.433333333333332,-2.2666666666666666,3.0666666666666664,10.133333333333333,5.2,7.666666666666666,14.216666666666669,12.125,14.175,18.9,0.5,9.2,8.166666666666668,8.1,27.65,217.40000000000003,207.2,243.9,372.2999999999999,372.2999999999999,198.3,224.0,1040.8,120.46583946130784,42931.84,59487.21000000001,175.2,485.7,451.6,298.2,264.0,386.1,1.851578515785158,58.4,19.6,15.1,7.0,1588.533333333333,3467.445,8264.28,0,0,0,0
2011,Northern Ireland,UK,Oilseed_Rape,577,3.9,7.633333333333333,13.3,17.03333333333333,13.833333333333334,1.5,4.833333333333333,8.833333333333334,7.8,9.066666666666666,12.933333333333334,11.2,13.525,17.9,1.6,8.466666666666665,8.199999999999998,12.2,23.799999999999997,358.0,196.6,243.9,463.1,463.1,140.89999999999998,194.2,1261.6,341.2658394613078,38651.56000000001,59487.20999999999,168.5,485.2999999999999,398.2,210.4,251.0,317.6,1.6326363263632635,29.699999999999996,9.4,1.4,0.0,1782.506666666667,3154.4399999999996,6782.673333333332,0,0,0,0
2012,Northern Ireland,UK,Oilseed_Rape,807,3.4,8.033333333333333,12.533333333333331,17.2,11.833333333333334,2.6666666666666665,4.166666666666667,9.833333333333334,4.999999999999999,8.35,13.516666666666666,11.175,14.3,18.9,2.4,8.366666666666667,7.366666666666665,10.05,25.549999999999997,315.29999999999995,155.1,395.2999999999999,312.3,312.3,217.1,221.1,1178.0,257.6658394613079,24056.01,156262.08999999997,125.7,466.6,357.0,269.7,262.2,290.5,0.9031115608398684,18.1,9.3,8.200000000000001,6.300000000000001,1295.0849999999998,5343.138333333332,6140.4,0,0,1,0
2013,Northern Ireland,UK,Oilseed_Rape,473,3.0,7.5,9.833333333333334,19.333333333333332,13.033333333333331,1.9333333333333336,2.733333333333333,10.699999999999998,6.566666666666666,6.283333333333333,15.016666666666666,11.325,16.0,21.8,-0.0,7.100000000000001,8.633333333333335,6.1,30.05,360.4,270.9,212.09999999999997,291.0,291.0,127.5,123.8,1134.4,214.06583946130797,73386.80999999998,44986.40999999999,145.29999999999998,396.1,497.2,260.20000000000005,335.5,326.4,2.3441772748703444,23.5,23.3,4.6000000000000005,7.1,1702.1549999999995,3185.0349999999994,9612.533333333333,0,0,0,0
2014,Northern Ireland,UK,Oilseed_Rape,494,3.6,7.400000000000001,12.866666666666667,18.366666666666667,13.933333333333332,1.7333333333333334,5.266666666666667,10.2,6.566666666666666,9.066666666666666,14.283333333333331,12.5,14.55,20.1,2.7,7.6,8.166666666666668,12.2,27.85,487.19999999999993,219.0,261.2,320.1,320.1,204.4,147.0,1287.5000000000002,367.1658394613081,47961.0,68225.43999999999,151.2,365.2999999999999,473.5,267.2,306.3,275.29999999999995,1.8127871362940275,19.3,8.0,1.6,1.1,1985.6,3730.8066666666664,8696.616666666667,0,0,0,0
2015,Northern Ireland,UK,Oilseed_Rape,608,3.9,7.866666666666667,11.7,17.1,13.433333333333332,1.7666666666666666,3.1666666666666665,9.066666666666666,6.333333333333333,7.433333333333334,13.083333333333334,10.675,13.475,17.6,1.6,8.533333333333335,8.033333333333335,7.300000000000001,24.25,443.7999999999999,283.20000000000005,285.29999999999995,305.5,305.5,239.8,166.0,1317.8,397.46583946130784,80202.24000000002,81396.08999999997,152.8,494.4,427.8,266.0,250.0,329.9,1.4994742376445849,25.3,13.8,1.6,4.6,2105.1200000000003,3732.675,7315.380000000001,0,0,0,0
2016,Northern Ireland,UK,Oilseed_Rape,552,3.1,8.066666666666666,12.0,18.4,12.9,2.266666666666667,3.766666666666667,10.866666666666667,6.266666666666666,7.883333333333334,14.633333333333333,12.7,14.85,18.6,2.4,8.233333333333333,7.533333333333331,8.649999999999999,28.9,363.4,209.4,254.4,222.3,222.3,165.5,164.2,1049.5,129.16583946130788,43848.35999999999,64719.36,149.39999999999998,481.0,371.4,263.2,240.7,349.0,1.4599056603773584,22.6,11.6,8.6,6.3,1650.77,3722.72,6833.759999999999,0,0,0,0
2004,Est,France,Wheat,1593064,7.685,6.019989172617595,14.57748285929362,23.925570170084637,15.529293060302734,-0.0977606077988942,4.1612502336502075,12.613503456115724,7.493145783742269,9.369366546471912,18.26953681310018,20.709793090820312,23.694220542907715,24.388269424438477,1.1266368627548218,10.416232625643412,11.312066713968914,843.2429891824722,1644.258313179016,229.47437858581543,160.62070846557617,246.8087501525879,185.9695720672607,101.48329544067384,117.4582405090332,203.06057739257812,822.8734092712402,97.46075126745188,25799.011987983613,60914.55915188255,169.3035430908203,654.2715454101562,797.912109375,340.5748176574707,574.3302307128906,589.5094604492188,3.219870601355629,50.0,13.0,4.0,1.0,1504.914292567987,4509.081546707949,19090.50216241181,1,1,0,1
2004,Nord,France,Wheat,910320,8.934,6.81196133295695,14.17328643798828,22.721026102701824,15.56043561299642,1.6254948774973552,4.912326335906982,12.586920420328775,8.239677588144938,9.542806386947632,17.6539732615153,19.471464157104492,22.10949993133545,23.94407844543457,2.4397382736206055,9.2609601020813,10.134105682373049,858.8525748252869,1588.857593536377,180.0696725845337,134.85136032104492,199.9755401611328,124.08111763000488,91.43175888061523,97.00057220458984,166.78255081176758,638.9776906967163,281.3564698419758,18184.88938043629,39990.21666273684,141.3909568786621,615.7617797851562,753.3732757568359,313.72887420654297,538.8726196289062,554.9656677246094,3.7485819177439024,30.0,9.0,4.0,0.0,1286.860422560244,3530.362838961718,17117.41386354905,1,0,0,1
2004,Ouest,France,Wheat,1232324,7.197,8.981989542643229,15.076415379842125,23.63335927327474,16.886321385701496,2.6746785640716553,5.459078947703044,13.08615239461263,9.038355191548664,10.267747163772585,18.359755833943684,21.253154754638672,23.491907119750977,23.916263580322266,2.7194509506225586,9.61733643213908,10.547206878662108,924.0972447395324,1652.3780250549316,221.43585968017575,165.08182525634766,178.74474906921387,177.90391731262207,118.20855712890624,79.35599327087402,161.36626434326172,743.1663513183594,177.16780922033274,27252.009029967303,31949.68531981623,185.7412872314453,663.2838134765625,821.0366058349609,354.27559661865234,591.0415954589844,608.1318969726562,4.567791883137606,25.0,8.0,0.0,0.0,1695.0184430662648,3281.7099495102993,19403.85308220769,1,0,0,1
2004,Sud,France,Wheat,556068,6.018,7.940131823221843,14.193019231160482,24.986616134643555,16.82472864786784,0.3002460102240245,4.235304832458496,13.115801811218262,7.652104218800862,9.21416203180949,19.051208972930908,21.331148147583008,24.92194652557373,25.467662811279297,1.1412110328674316,9.957714398701986,11.870814323425291,829.274582862854,1714.6088075637815,239.10594940185547,223.6694107055664,177.99497604370117,216.60054779052737,161.2243881225586,60.43966293334961,156.4006309509277,857.3708839416504,62.96327659704173,50028.005285375344,31682.21149679775,238.68996047973633,690.4630737304688,919.1380004882812,421.4179229736328,654.2927856445312,631.3158264160156,5.134993287542752,41.0,14.0,5.0,1.0,2060.926191800433,3391.019484740382,22966.148392964504,1,1,0,0
2005,Est,France,Wheat,1755341,7.109,4.812640349070231,15.358482042948404,24.61280377705892,16.488113085428875,-0.9446573158105216,5.097314318021138,12.341830253601074,7.548173427581787,10.227898180484772,18.47731701532999,22.39185619354248,25.139875411987305,25.271638870239254,1.6929768323898315,10.261167724927263,12.270973523457844,920.5108362436296,1662.9585313796997,163.70045852661133,186.09405517578125,169.50360870361328,151.90177154541016,122.36367797851562,129.5812950134277,120.0378761291504,671.199893951416,249.1342665872761,34630.997371766716,28731.473363547644,168.0371856689453,625.5167999267578,849.3495330810547,359.05674743652344,593.922607421875,598.3877563476562,4.981416754395389,55.0,12.0,12.0,0.0,1903.3510483314055,3131.971913259111,20904.87339586061,1,1,0,0
2005,Nord,France,Wheat,1293216,8.086,6.288259983062744,14.481643676757812,23.147591908772785,16.478944142659504,1.2572030027707417,5.675541083017985,12.251171747843424,8.596081972122192,10.0785923798879,17.699381828308105,20.61505889892578,23.361533164978027,23.38355255126953,3.085522174835205,8.806102593739826,10.89642016092936,907.0733141899108,1592.9443645477295,128.2286148071289,148.42303848266602,176.39213943481445,144.2007179260254,91.96524047851562,124.68054962158205,136.0898475646973,597.2445106506348,323.08964988805735,22029.398352426957,31114.186854391024,149.22089004516602,579.5154266357422,802.048095703125,329.24463653564453,553.2760772705078,567.574951171875,4.521328274513822,33.0,8.0,10.0,0.0,1495.895304651206,3122.0318273689445,18565.48201054428,1,0,0,1
2005,Ouest,France,Wheat,1255370,6.935,7.926071484883626,15.657768885294596,24.6763973236084,17.66035334269206,2.018791913986206,6.229894479115804,13.002325693766275,9.061251719792685,10.9438316822052,18.839361508687336,21.6904935836792,24.74333095550537,24.828039169311523,3.78434944152832,9.427874406178791,11.674071629842125,984.944851398468,1695.5425357818604,152.603910446167,153.26740264892578,109.21059799194336,191.15795135498047,102.49307250976562,79.83740997314453,79.88093185424805,606.2398624420166,314.0942980966755,23490.89671474794,11926.954713757865,182.00495529174805,635.2925109863281,874.2037963867188,372.2268829345703,591.46533203125,592.2241821289062,7.932120978516286,26.0,9.0,8.0,0.0,1677.3326569586152,2057.457936150144,21572.200221445528,1,0,0,1
2005,Sud,France,Wheat,537261,5.781,5.682480176289876,15.581202189127604,25.38285255432129,16.757495244344074,-2.0075994729995728,4.940386374791463,13.116981188456217,7.639197667439778,10.260794281959534,19.249916871388752,22.859838485717773,25.891283988952637,26.147315979003903,1.090153455734253,10.64081581433614,12.265871365865072,923.471485376358,1732.4925184249878,149.7438507080078,206.2294158935547,120.62703323364258,253.5763931274414,146.64458084106445,73.07870483398438,81.25710678100586,730.1766929626465,190.15746757604563,42530.57197979675,14550.881146750313,255.32840728759768,717.0655059814453,948.6335754394532,418.2715759277344,663.1514587402344,639.1996154785156,7.799529020963218,61.0,14.0,13.0,0.0,2116.0776113724405,2322.060362189868,24079.02617345826,1,1,0,0
2006,Est,France,Wheat,1725825,6.798,5.3107673327128095,14.298894246419271,25.39681752522787,18.07666047414144,-0.5158906976381937,4.908764759699504,13.233853340148926,9.22590414683024,9.603829503059387,19.3153354326884,21.718741416931152,27.47677326202393,30.27745056152344,1.3272998332977295,9.390129486719768,12.162964185078945,864.3446552753448,1738.3801889419556,160.11070251464844,265.9364547729492,203.76625061035156,231.28060913085935,167.03982543945312,75.58627319335938,169.48873138427734,861.0940170288086,59.240143509883524,70722.19797720487,41520.6848878006,159.2123565673828,583.7950134277344,874.0263366699219,344.05956649780273,664.8848266601562,564.1430511474609,4.268410121612771,51.0,19.0,6.0,5.0,2554.008370287468,3935.813480400188,22197.487384649387,1,1,0,0
2006,Nord,France,Wheat,1273889,7.902,5.957001209259033,13.50793425242106,24.033986409505207,17.869173685709637,1.1086180719236531,5.34094242254893,13.01175626118978,9.884966214497885,9.424438337484997,18.522871335347492,20.26921272277832,25.577282905578613,28.513263702392575,1.791646122932434,8.166991829872131,11.022230148315428,848.1994503736496,1667.0584201812744,175.1745376586914,192.47711181640625,211.33963012695312,147.547212600708,97.26667022705078,91.87525177001952,170.07167434692383,726.5384922027588,193.79566833593333,37047.438573185354,44664.43926219735,129.7729320526123,564.8014984130859,821.3602752685547,316.88411712646484,624.3100891113281,531.5108947753906,3.868144042529799,37.0,19.0,1.0,3.0,1813.9886716909252,3914.6167769014814,19740.5616931119,1,1,0,0
2006,Ouest,France,Wheat,1219300,6.711,7.593421300252278,14.909375190734863,25.126415888468426,18.805038770039875,1.909125566482544,6.312481959660848,13.736214637756348,10.63631502787272,10.610928575197857,19.43131526311239,21.56213092803955,26.41832160949707,28.433080673217773,3.785167932510376,8.596893231074016,11.390201250712078,954.983571767807,1748.8183736801147,220.12501525878903,215.1694450378418,120.63137817382812,274.14246368408203,155.4281234741211,68.39315414428711,101.66894912719728,830.068302154541,90.2658583841511,46297.89007789282,14551.929400117137,169.2408447265625,610.5773315429688,873.1620178222656,357.2535858154297,638.6513671875,575.6141204833984,7.178756262832079,33.0,9.0,0.0,2.0,2283.1476128615,2344.026339919389,21939.43199781653,1,0,0,0
2006,Sud,France,Wheat,559549,5.682,7.290862560272217,15.643561681111654,25.74002456665039,19.057971000671387,-0.5816769401232401,5.381838083267212,13.57382901509603,9.555962085723875,10.512699882189434,19.65692679087321,22.469585418701172,27.323060035705566,29.4138126373291,2.5223195552825928,10.261723597844442,12.16619555155436,946.142989397049,1769.1234111785889,170.21800231933594,220.3478546142578,176.14671325683594,259.8867492675781,158.31124114990234,98.37969207763672,137.62845993041992,826.5993194580078,93.7348410806843,48553.1770331061,31027.66459118598,248.52472686767575,703.6942138671875,939.9056396484376,429.060791015625,669.6233215332031,629.7427673339844,5.30580343472541,57.0,11.0,2.0,0.0,2316.4508652440027,3462.5030469425596,24193.19425488403,1,0,0,0
2007,Est,France,Wheat,1723956,6.534,8.11901601155599,17.551306406656902,22.667449951171875,14.273257891337076,1.9316270351409912,6.108359018961589,12.659634908040363,5.284036596616109,11.829832712809246,17.66354242960612,21.445338249206543,22.834867477416992,22.84998321533203,2.0930428504943848,11.442947387695312,10.00781504313151,1064.684944152832,1589.7188186645508,239.99061584472656,202.55612754821777,316.72157287597656,134.0729465484619,96.22626304626463,209.90240478515625,216.11876678466797,893.3412628173828,26.992897721309305,41028.98480732986,100312.55472503252,169.17560195922852,677.2527008056641,744.7481231689453,360.9089584350586,518.5636291503906,494.62901306152344,2.3440275598146423,23.0,7.0,13.0,0.0,2396.205103849869,5594.424940866399,16881.540808161255,1,0,0,0
2007,Nord,France,Wheat,1276736,7.522,8.713521957397461,16.711120923360188,21.60576629638672,14.588984807332356,3.46282958984375,6.572430849075317,12.653850237528482,6.733707586924235,11.641775886217753,17.1298082669576,20.01307201385498,21.629300117492676,21.930644989013672,3.300952672958374,10.13869007428487,8.951916058858236,1047.7598297595978,1541.682744026184,209.15064239501953,148.7304768562317,277.0137405395508,137.14520645141602,67.369957447052,200.48155212402344,182.52103424072263,772.040066242218,148.2940942964741,22120.75474588207,76736.61244771356,142.53630828857422,636.4037780761719,698.1141662597656,319.3259048461914,484.2168884277344,455.42535400390625,2.511077923360592,21.0,0.0,7.0,0.0,1731.4868790105456,4745.192262755245,15083.291524405358,1,0,0,1
2007,Ouest,France,Wheat,895433,5.885,10.24343999226888,16.8724152247111,21.700401941935223,16.11888885498047,4.346127827962239,7.374694744745891,12.766599337259928,7.06841246287028,12.123554984728496,17.233500639597576,19.846903800964355,21.51273822784424,22.075729370117188,3.821314573287964,9.49772047996521,8.933802604675295,1091.1199486255646,1551.0150575637815,249.05371856689453,217.78436088562012,264.7252655029297,110.0286922454834,114.88297080993652,198.86251068115232,164.75819396972656,841.5920372009277,78.74212333776438,47430.02784635802,70079.46619559661,178.94803619384766,642.4512329101562,755.262939453125,385.4679946899414,518.0363311767578,480.87669372558594,2.842269958875243,17.0,1.0,4.0,0.0,2640.3206740107694,4562.143032362377,16389.5093579803,1,0,0,0
2007,Sud,France,Wheat,556582,4.957,9.2734325726827,16.60965887705485,23.440876642862957,15.653034845987955,1.442717367472748,6.412826061248779,12.520744959513346,5.791658600171407,11.511242469151815,17.980810801188152,20.826799392700195,23.276487350463867,23.983707427978516,2.396994113922119,10.196832815806072,10.920131683349611,1036.011822223663,1618.2729721069336,212.22041702270508,254.2445831298828,238.04326629638672,142.2574005126953,117.93804931640624,153.2820816040039,148.0946044921875,846.7656669616699,73.5684935770222,64640.30805088789,56664.59662905248,243.2098922729492,680.4949340820312,861.5155639648438,462.6270294189453,601.4281616210938,546.5371704101562,3.6040151948754815,28.0,6.0,9.0,0.0,2926.6710428765064,4280.210933772178,20194.680060806415,1,0,0,0
2008,Est,France,Wheat,1787992,6.915,7.737405618031819,14.774821917215982,23.339887619018555,14.319281260172524,0.6329409182071686,5.447246948877971,12.396590868631998,5.9385303656260175,10.111034433046976,17.868239243825276,21.783509254455566,23.39538192749023,24.65738868713379,2.4103453159332275,9.327574968338013,10.943296750386557,909.993098974228,1608.141531944275,172.04926300048828,278.45068359375,205.11024475097656,212.45721435546875,200.11241149902344,123.6098403930664,146.08901977539062,868.0674057006836,52.266754838008524,77534.78319382668,42070.21250180551,192.3968620300293,593.2266540527344,792.9345550537109,330.837345123291,563.8802795410156,545.7558288574219,3.847138001372704,45.0,13.0,6.0,3.0,2815.424449721875,3664.9589245700063,18507.003404190094,1,0,0,0
2008,Nord,France,Wheat,869341,8.655,7.955069224039714,14.749836285909018,22.17722002665202,14.427213350931805,2.1206225752830505,6.113186438878377,12.321287155151367,6.8644782702128095,10.431511362393698,17.249253590901695,20.87104034423828,22.137110710144043,23.43893241882324,3.658242464065552,8.63664984703064,9.855932871500652,938.8360226154329,1552.4328231811523,132.31502151489258,233.14278411865232,171.8446388244629,186.77525329589844,160.00501251220703,85.0699577331543,136.63247680664062,724.0776977539062,196.25646278478587,54355.55778659653,29530.5798927101,164.06420135498047,589.0189971923828,746.0000457763672,308.6728515625,538.8743896484375,541.1444396972656,4.316014953370859,33.0,8.0,3.0,3.0,2432.031601593823,2964.1917533200713,16544.207155074975,1,0,0,0
2008,Ouest,France,Wheat,1300523,6.967,9.983787695566813,15.334803899129232,22.549496332804363,15.47876516977946,2.8973962863286338,6.662678400675456,12.523537317911783,7.542023499806722,10.998741149902344,17.536516825358074,21.1373233795166,22.58184814453125,23.453222274780273,4.472926616668701,8.672125498453777,10.02595901489258,989.8867034912108,1578.2865142822266,210.62201309204104,276.4026107788086,152.2973976135254,234.5007438659668,177.11638641357422,89.77253723144531,113.5202980041504,873.8227653503418,46.51139518835032,76398.40324534156,23194.49731985225,204.749698638916,615.9177856445312,815.9642791748047,351.22947692871094,589.221923828125,566.1437072753906,5.322753627115796,22.0,4.0,0.0,1.0,3040.080769113323,2670.7658757078366,18399.583520951615,1,0,0,0
2008,Sud,France,Wheat,612168,5.542,9.435287952423096,14.75071620941162,24.0172856648763,15.507511456807457,0.9839812082548935,5.331174453099568,12.61395263671875,6.419172843297322,10.040945331255594,18.315619150797524,20.94212245941162,23.65217113494873,25.00770378112793,2.1867258548736572,9.419541756312054,11.403333028157553,903.6850798130037,1648.4057235717771,233.2388916015625,351.8583221435547,199.62039184570312,303.7022018432617,213.19641113281253,139.75347900390625,119.82427978515624,1088.419807434082,168.0856468953899,123804.2788616775,39848.30084063206,262.9848403930664,643.4010009765625,891.6534729003906,405.5596237182617,616.2418212890625,547.1201782226562,4.444480766372743,36.0,7.0,5.0,1.0,3532.9901769907524,3656.171071778866,21415.09617272772,1,0,0,0
2009,Est,France,Wheat,1694414,7.508,5.314071337381999,16.254872004191082,24.823930740356445,16.64990297953288,-1.3839214937761426,5.620269298553467,12.486722946166992,7.267072518666585,10.937570651372274,18.65532684326172,21.66393566131592,23.74048137664795,26.99082946777344,1.3924341201782229,10.634602705637615,12.337207794189451,984.3813586235046,1678.9794158935547,194.53409957885745,160.84084701538086,200.5143699645996,186.6838722229004,106.32540130615234,168.94383239746094,119.59113693237305,742.5731887817383,177.76097175695384,25869.77806862515,40206.012562300326,168.4541893005371,645.8183898925781,869.3492431640625,348.21228790283203,588.2803039550781,575.0844421386719,4.314080645051678,53.0,10.0,4.0,0.0,1759.2081278572875,3740.6611084603064,21580.66540148598,1,1,0,1
2009,Nord,France,Wheat,821668,8.974,5.516240199406941,15.391186078389486,23.626492818196613,16.359098116556805,-0.2227992018063863,5.889743248621623,12.32308260599772,8.645788351694742,10.640464663505554,17.974787712097168,19.96619129180908,22.586410522460938,25.70665740966797,2.3890669345855713,9.501442829767864,11.303410212198893,957.6418197155,1617.7308940887451,176.95536422729492,143.58612823486328,142.22074699401855,198.99957847595215,86.75422286987305,123.12847137451172,82.98026084899902,661.7618179321289,258.5723426065632,20616.9762214786,20226.74087553664,149.25018692016602,614.8461303710938,833.8534240722656,314.55467987060547,574.3724365234375,548.837158203125,5.822155250363905,39.0,4.0,1.0,0.0,1527.82312365264,2556.387735473365,19701.03193527204,1,0,0,1
2009,Ouest,France,Wheat,1218023,7.275,7.948819160461426,15.916287740071615,23.864619572957356,17.78408972422282,1.2243277778228123,6.172426064809163,12.633178075154625,9.364187558492024,11.04435690244039,18.24889882405599,21.076566696166992,23.1909704208374,25.211917877197266,3.052799701690674,9.743861675262451,11.231441497802733,993.992121219635,1642.400894165039,245.6731109619141,170.25941467285156,132.63056564331055,250.01158142089844,113.91638565063477,109.93627166748048,77.30024719238281,798.5746726989746,121.75948783971751,28988.268284742026,17590.866942864508,191.59100341796875,661.1342926025391,866.0258483886719,365.8338050842285,601.4899291992188,585.7800903320312,6.480746708056942,29.0,2.0,0.0,0.0,1880.405741647569,2420.3617734020904,20667.377412143294,1,0,0,1
2009,Sud,France,Wheat,507743,5.373,7.229782740275065,16.097704887390137,25.896982192993164,17.7691167195638,-0.5523309310277303,5.811385989189148,13.414357503255207,7.9705491065979,10.954545438289642,19.655669848124187,22.53229522705078,25.081374168395996,27.5281982421875,1.7629777193069458,10.286318898200989,12.482624689737955,985.9090894460678,1769.0102863311768,246.2407341003418,224.61358642578125,158.24591064453125,237.8905906677246,171.10528564453125,105.3373908996582,94.98211669921876,866.9908218383789,53.34333870031321,50451.2632070519,25041.76823571697,239.15221786499023,702.3821105957031,947.4417114257812,432.6259765625,652.6334838867188,616.7626647949219,5.949551279471539,51.0,7.0,2.0,0.0,2460.5397385584183,3110.4293744446672,24535.881129692425,1,1,0,0
2010,Est,France,Wheat,1764088,7.072,3.380329012870789,14.72510846455892,24.338653564453125,14.43553066253662,-1.981672614812851,4.2379491329193115,12.717268308003744,6.081420818964641,9.481528798739117,18.527960936228435,19.840042114257812,24.94562530517578,26.93451690673828,1.5581705570220947,10.487159331639608,11.62138525644938,853.3375918865204,1667.516484260559,238.21664810180664,151.31012725830078,235.1943359375,211.57380294799805,79.17156982421875,125.22242736816406,169.82093811035156,836.2949142456055,84.03924629308665,22894.754610923177,55316.3756570816,147.17739486694336,636.4522705078125,815.0299072265625,346.4171333312988,584.44189453125,507.635009765625,3.4506750722516464,60.0,12.0,10.0,0.0,1434.6513291404594,4357.671468672188,19836.730556655675,1,1,0,1
2010,Nord,France,Wheat,1296222,8.5,3.4973793029785156,14.28728453318278,23.3341433207194,14.399869283040363,-1.2419212659200032,4.498441696166992,12.68438752492269,7.0943552652994795,9.392863114674885,18.009265422821045,19.307377815246586,23.979673385620117,25.70867347717285,2.9230451583862305,9.788842837015787,10.649755795796713,845.3576803207397,1620.833888053894,178.4691047668457,95.80786514282228,195.0100250244141,208.6397819519043,58.67739486694336,94.5653839111328,150.77082443237305,677.9267768859863,242.4073836527058,9179.147023225218,38028.9098600226,134.66294860839844,649.2163696289062,791.8502960205078,319.5722999572754,578.9486083984375,539.5930786132812,4.039845900340448,56.0,8.0,8.0,0.0,899.9101625957609,3511.987300775647,18477.148295896615,1,0,0,1
2010,Ouest,France,Wheat,1248366,6.753,6.201535860697429,15.37493578592936,23.906516393025715,16.148520787556965,0.2108174761136373,5.472723166147868,12.89671516418457,7.645853996276856,10.423829476038614,18.40161577860514,20.16977596282959,24.28129482269287,25.823989868164062,3.3001627922058105,9.902212619781494,11.009801228841145,938.1446528434752,1656.145420074463,230.38419342041016,119.3570556640625,125.17587852478027,261.50139236450195,79.67009353637695,78.5424633026123,72.68736839294434,736.4185199737549,183.91564056493723,14246.106736794114,15669.000564450547,182.74174118041992,691.3840637207031,844.4426879882812,368.6104049682617,606.5072326660156,561.8009643554688,6.692584175844967,44.0,10.0,7.0,0.0,1244.1575950042363,2303.438421362357,20187.682963362546,1,0,0,1
2010,Sud,France,Wheat,589826,6.041,5.692493915557861,14.69156297047933,24.623257954915363,15.592031160990397,-1.541410764058431,4.599736213684082,13.17283058166504,6.477459351221721,9.645649592081709,18.8980442682902,19.410003662109375,24.462058067321777,26.861860275268555,1.32550048828125,10.091826756795248,11.450427373250324,868.1084632873535,1700.8239841461182,232.13257598876953,220.68414306640625,176.93996047973633,309.81903076171875,109.53243255615234,135.46092987060547,77.69742965698242,939.5757102966307,19.24154975793863,48701.49100095406,31307.749614570657,223.8115005493164,689.6618041992188,903.2018737792968,424.7989273071289,617.6435852050781,540.2325744628906,5.075879927949927,58.0,13.0,8.0,0.0,2128.6419145473824,3343.8192059755756,22239.772723430535,1,1,0,0
2011,Est,France,Wheat,1761160,6.668,7.439804077148437,18.543145179748535,23.31695810953776,17.293601671854656,1.4410840570926666,5.483163754145305,12.090628623962402,7.6784294446309405,12.01315446694692,17.703793366750084,22.764412879943848,22.74166774749756,24.467538833618164,2.532270669937134,13.05998142560323,11.22632948557536,1081.1839020252228,1593.341403007507,246.35595893859863,81.55303001403809,255.13026428222656,116.48855781555176,48.92008018493652,163.25589752197266,185.2471923828125,699.527811050415,220.80634948827708,6650.896704470597,65091.45175271877,147.22180557250977,757.6412353515625,786.5268096923828,369.2334709167481,535.0621643066406,594.1911010742188,3.0708077856262985,29.0,10.0,2.0,1.0,979.709146806198,4516.773480456878,18339.41267362567,1,0,0,1
2011,Nord,France,Wheat,1359535,8.236,8.205366929372152,17.424494743347168,21.882671356201172,16.87041187286377,3.0341195265452066,6.133149941762288,11.98575528462728,8.746333122253418,11.778822342554728,16.934213320414226,20.961463928222656,21.51576232910156,22.61648941040039,3.1780996322631836,11.29134480158488,9.896916071573893,1060.0940108299255,1524.0791988372805,239.85279083251953,40.68970203399658,231.5869903564453,110.22260665893556,31.78154754638672,132.90086364746094,164.48255157470703,622.352089881897,297.98207065679514,1655.6518516154256,53632.534102356294,128.85962677001953,714.0905303955078,722.478271484375,329.00903701782227,503.6226501464844,567.3504943847656,3.1062712079345416,16.0,8.0,0.0,0.0,479.2767714299335,3921.7434969287574,15809.754576888869,1,0,0,1
2011,Ouest,France,Wheat,1064740,6.599,9.994612534840902,18.190595626831055,22.356024424235027,18.61925792694092,4.065717538197835,6.903101444244385,12.329132715861002,9.917105992635092,12.54684853553772,17.342578570048016,21.304479598999023,21.946925163269043,23.174222946166992,4.24153470993042,11.28749418258667,10.026891708374023,1129.2163681983948,1560.8320713043213,268.10269927978516,51.34034156799317,206.0816650390625,113.2443389892578,32.146697998046875,119.78549194335938,153.43618774414062,638.7690448760986,281.5651156625935,2635.830672318207,42469.652665272355,166.68674850463867,737.3731079101562,783.7333831787109,367.5530242919922,545.4226379394531,588.9250183105469,3.7846584970758888,13.0,4.0,0.0,0.0,644.1594894163813,3573.9874677862585,17521.16265643161,1,0,0,1
2011,Sud,France,Wheat,536835,5.099,8.893346786499023,18.04396470387777,23.84739367167155,19.01848538716634,1.0525602300961812,6.405131657918294,12.480375607808432,8.594983100891113,12.22454818089803,18.16388463973999,22.261876106262207,22.626490592956543,26.28919982910156,2.961212158203125,11.638833045959473,11.36701806386312,1100.2093362808228,1634.7496175765991,202.0816421508789,142.3675422668457,221.62519454956055,212.3774871826172,100.08355331420898,167.34249114990234,153.67940139770508,778.4518661499023,141.88229438878977,20268.517091102098,49117.72685913056,240.1331367492676,781.644287109375,869.534912109375,461.1261749267578,579.9117431640625,609.5218811035156,3.905824378362531,34.0,6.0,0.0,0.0,1740.378879837092,4025.57446705815,20736.141360334583,1,0,0,1
2012,Est,France,Wheat,1587530,7.015,5.773228804270427,16.292531967163086,23.90856552124023,15.629958152770996,-0.332220991452535,5.478272199630737,12.757238070170084,6.737101793289185,10.885402083396912,18.33290179570516,21.029239654541016,22.649958610534668,26.425779342651367,2.990437269210815,10.814259767532349,11.15132745107015,979.686187505722,1649.9611616134644,209.5479431152344,203.37265396118164,218.2434844970703,246.4818115234375,120.02980422973631,182.84222412109375,115.9398193359375,877.6458930969238,42.68826744176829,41360.43637921453,47630.21852542297,179.8901824951172,646.6141357421875,804.8074493408203,337.29256439208984,535.7317657470703,531.0014801025391,3.670838616650314,39.0,5.0,4.0,2.0,2213.793111135006,4001.0363688372913,19241.791634547233,1,0,0,0
2012,Nord,France,Wheat,1353095,8.261,6.919937451680501,15.011284510294596,22.390208562215168,14.879499117533364,1.31918207804362,5.695845444997151,12.350056966145834,7.457139492034912,10.353564977645874,17.3701327641805,19.198122024536133,21.08979225158691,24.99104118347168,4.066573619842529,9.315439065297443,10.040151596069334,931.8208479881288,1563.3119487762451,184.24478244781497,161.43390655517578,224.8350524902344,220.42203521728516,119.40572357177734,198.4051513671875,124.3703842163086,790.9357767105103,129.39838382818186,26060.906185665222,50550.80082828645,158.35581970214844,597.0933990478516,749.0280914306641,309.4424018859863,493.3057403564453,492.26930236816406,3.316704307729438,32.0,4.0,2.0,2.0,1671.4164411142249,3905.414711796863,16770.89518609054,1,0,0,1
2012,Ouest,France,Wheat,1296270,7.185,8.736613114674887,15.945927302042644,22.799969991048176,16.351579030354817,2.5514017740885415,6.150364398956299,12.881831487019856,8.376075267791748,11.04814585049947,17.840900739034016,19.962666511535645,21.66447162628174,25.070966720581055,4.35949182510376,9.795562903086344,9.91813850402832,994.3331265449524,1605.6810665130615,207.48403549194336,216.35868453979492,172.39258766174316,287.4145088195801,158.90888595581055,141.42510604858398,92.44783973693848,883.6498165130615,36.684344025630594,46811.080375790494,29719.2042807118,197.71269989013672,653.5662384033203,797.2901000976562,349.5446014404297,529.9920654296875,526.16357421875,4.598178681392204,28.0,2.0,1.0,0.0,2390.362302817859,3075.63904461838,18178.19035638636,1,0,0,0
2012,Sud,France,Wheat,623738,6.214,6.931207180023193,16.242231051127117,25.473276774088543,17.144915262858074,-0.9068849484125772,5.5642391840616865,13.385276794433594,7.921372413635254,10.903235117594402,19.42927678426107,21.896278381347656,24.33701515197754,27.745800018310547,2.9868593215942383,10.67799186706543,12.087999979654947,981.291160583496,1748.634910583496,165.53643035888672,265.76629066467285,167.66812896728516,265.3233871459961,175.9073429107666,116.4984245300293,98.44708251953124,864.2942371368408,56.0399234018513,70631.72125365937,28112.601471390168,267.0319061279297,707.8656768798828,929.5444946289062,408.9208221435547,635.7523498535156,600.4781188964844,5.511085587539781,46.0,5.0,5.0,1.0,2897.7123534478624,3257.6704856045644,23678.54418551239,1,0,0,0
2013,Est,France,Wheat,1761870,7.166,5.432959238688151,12.625350952148438,24.77087910970052,15.371782302856444,-0.4432236918558677,4.124277094999949,12.693920453389486,7.734974543253581,8.374814023574194,18.732399781545,18.493767738342285,24.60413074493408,27.511398315429688,0.674733579158783,8.501073857148487,12.076958656311032,753.7332621216774,1685.9159803390503,188.99491119384768,277.34199142456055,179.15761947631836,313.08409881591797,144.97300338745117,129.41076278686523,105.97334671020508,958.5786209106444,38.2444603719523,76918.58020734102,32097.452616421288,156.226318359375,524.3384857177734,876.8678894042969,314.630615234375,603.6116333007812,474.1934051513672,4.8672262208680035,50.0,16.0,4.0,3.0,2322.687599108403,3356.0521519403087,21720.788483612083,1,1,0,0
2013,Nord,France,Wheat,1334410,8.871,6.076951026916504,11.85071881612142,23.410600662231445,15.362248738606771,1.032478893796603,4.032339910666148,12.6222349802653,8.251973946889242,7.941529363393784,18.01641782124837,17.549525260925293,22.995783805847168,25.89131546020508,0.8707638382911682,7.818378905455272,10.788365681966146,714.7376427054405,1621.4776039123535,152.45107650756836,154.88598823547363,163.0925636291504,246.64278411865232,70.24463844299316,120.71488189697266,100.89399337768556,717.0724124908447,203.2617480478474,23989.669351679277,26599.18431112847,141.81756591796875,544.0298767089844,822.8931121826172,296.9719009399414,565.9343719482422,467.9096374511719,5.0148105068451345,35.0,15.0,1.0,4.0,1230.031623550278,2938.343769881309,19264.422037008073,1,1,0,1
2013,Ouest,France,Wheat,1225550,7.046,8.460830688476562,13.332183837890623,23.982497533162434,17.129348119099934,2.406494935353597,5.029698848724365,13.01201629638672,9.3146120707194,9.180941343307495,18.497256914774574,18.1002516746521,23.52777671813965,26.703529357910156,2.765977382659912,8.30248498916626,10.970481236775717,826.2847208976746,1664.753122329712,247.48133087158203,221.7466163635254,124.26267623901369,267.2821617126465,140.26813125610352,104.64873886108398,70.76789093017578,860.7727851867676,59.56137535192454,49171.56186867251,15441.212706081931,178.71217346191406,597.6572723388672,864.8929748535156,340.3440933227539,585.2491760253906,501.9447937011719,6.9046343318037815,18.0,9.0,2.0,2.0,2035.8426779104368,2298.51864731049,20742.293635873957,1,0,0,0
2013,Sud,France,Wheat,661331,5.698,7.42040999730428,13.489964485168455,24.78753089904785,16.49288813273112,-0.5217780967553457,4.4523866176605225,13.013344764709473,8.0280970732371,8.97117555141449,18.900437831878666,18.198606491088867,24.441737174987793,27.74647331237793,2.1868722438812256,9.037577867507936,11.77418613433838,807.4057996273041,1701.0394048690796,241.1237335205078,354.9777526855469,175.59317016601562,295.41527557373047,209.2261199951172,129.06320190429688,111.3527374267578,1067.1099319458008,146.77577140710866,126009.20490168128,30832.96140895132,250.09809112548828,615.6636810302734,935.923370361328,399.6636428833008,636.2933349609375,540.6733245849609,5.299884301762432,58.0,7.0,8.0,0.0,3184.567736188638,3318.7877964252693,23199.229461972427,1,0,0,0
2014,Est,France,Wheat,1480575,7.14,8.133421738942465,16.747775395711262,23.59144465128581,17.677896817525227,2.454635659853617,5.134011189142863,12.547590255737305,8.589032332102457,10.940893292427065,18.06951745351156,21.461939811706543,24.409855842590332,24.507368087768555,2.0835378170013428,11.613764206568398,11.043854395548504,984.6803963184356,1626.25657081604,228.0542907714844,128.52609252929688,287.52620697021484,199.6034889221191,52.740333557128906,181.6092758178711,241.13758850097656,843.7100791931152,76.62408134557688,16518.956460849382,82671.31969467882,149.97846603393555,674.0628356933594,798.9369354248047,367.6817817687988,568.7882690429688,585.6431579589844,2.7690272707438344,12.0,5.0,0.0,0.0,1406.1902636556442,5195.459815190274,18848.076491942185,1,0,0,1
2014,Nord,France,Wheat,1360681,8.804,8.629271984100342,16.00032615661621,22.23600196838379,17.147672017415363,3.370965321858724,6.0439291795094805,12.403708457946776,9.390907764434814,11.022127668062843,17.319855213165283,19.64576816558838,22.777135848999023,23.8865966796875,3.386883497238159,9.956396977106731,9.832293510437012,991.991490125656,1558.7869691848755,227.1735382080078,148.308443069458,265.3539390563965,138.27353477478027,59.19971656799317,159.20586776733398,206.81101989746097,779.1094551086426,141.22470543004954,21995.394285686667,70412.71297274578,140.09035682678223,635.928466796875,770.6673431396484,337.5898666381836,553.9470062255859,553.2064056396484,2.893395704489548,9.0,2.0,0.0,0.0,1634.6745937631963,4595.8918046998715,17136.560559022328,1,0,0,1
2014,Ouest,France,Wheat,1309438,7.216,10.210051854451498,16.227530479431152,23.117048899332683,18.954235394795734,4.394484281539917,6.4844902356465655,12.894550005594889,10.096189816792808,11.356010357538858,18.005799452463787,20.387840270996097,23.799562454223633,24.705015182495117,4.141756057739258,9.743040243784588,10.222498893737797,1022.0409321784972,1620.5219507217407,340.7639808654785,190.90195846557617,226.0642204284668,192.8829774856567,106.6052131652832,115.33414840698242,180.24417114257812,950.6131372451782,30.278976706486105,36443.55774599257,51105.031757930425,173.35882186889648,664.3282470703125,846.6189270019531,393.8101463317871,605.3787536621094,585.1782836914062,3.728543957319193,5.0,0.0,0.0,0.0,2167.884617609536,4070.467016412541,19571.33113460472,1,0,0,0
2014,Sud,France,Wheat,649594,5.549,8.864996433258057,16.20931911468506,23.78095245361328,19.17291005452474,2.02550462881724,5.462972323099772,12.85814889272054,9.28380823135376,10.836145718892416,18.319550673166912,21.2674560546875,24.084237098693848,24.508455276489254,2.7101845741271973,10.746346791585283,10.92280356089274,975.2531147003174,1648.759560585022,317.7835159301758,197.31851196289065,254.4852752685547,300.5017395019531,121.21153259277344,179.5821533203125,197.93151092529297,1070.0890426635742,149.7548821248821,38934.59516324941,64762.75532851205,212.5742225646973,725.6498870849609,871.8224182128906,446.7010345458984,601.2546081542969,612.8806762695312,3.412417476101,13.0,3.0,0.0,0.0,2138.1721486648994,4662.055895857118,20732.767475514906,1,0,0,0
2015,Est,France,Wheat,1581435,7.644,7.811268488566081,16.157710393269856,26.60752995808919,15.506586074829102,1.1722946763038635,4.844591895739238,13.473663647969564,7.001156171162923,10.501151144504547,20.040596803029377,21.93449306488037,26.432294845581055,28.358631134033203,1.939555525779724,11.313118497530615,13.133866310119627,945.1036030054092,1803.653712272644,155.8465747833252,174.09525680541992,142.71910667419434,196.496280670166,113.59868621826172,62.41653251647949,102.50583457946776,669.1572189331055,251.17694160558665,30309.15844214511,20368.743409880062,171.97002410888672,663.7040710449219,886.4155120849609,345.92274475097656,631.9744873046875,588.010986328125,6.167694279469957,36.0,11.0,4.0,3.0,1828.2006052550485,2860.1760729460675,23585.32729311557,1,1,0,1
2015,Nord,France,Wheat,559730,9.087,8.431376616160074,15.061688423156738,24.131585439046223,15.384875297546388,2.953554292519887,5.260952711105347,12.563344955444336,7.931969324747722,10.161320567131042,18.34746519724528,20.097966194152832,23.677090644836422,25.04057502746582,2.9520885944366455,9.800735712051392,11.568240483601889,914.5188510417938,1651.2718677520752,161.83319473266602,115.42389106750488,152.69285011291504,190.13662338256836,65.13047218322754,66.1115894317627,128.63948822021484,620.0865592956543,300.2476012430378,13322.674629163232,23315.10647560514,155.03747940063477,634.0618591308594,824.1042633056641,317.5239486694336,591.1573181152344,577.6952209472656,5.362020827255212,27.0,5.0,1.0,1.0,1172.8591582425304,2801.5267533148985,19886.942440642877,1,0,0,1
2015,Ouest,France,Wheat,1323634,7.574,10.190938631693522,16.096831957499187,24.227549235026043,16.99130344390869,3.7202979723612466,6.667294502258301,13.058854420979818,8.804455757141113,11.382063229878744,18.64320182800293,20.8244571685791,24.10431957244873,24.94573974609375,4.331230640411377,9.429537455240888,11.168694814046225,1024.385690689087,1677.8881645202637,202.7638168334961,144.15534210205078,186.3865547180176,173.5779151916504,84.4819107055664,78.54555892944336,148.23472213745117,706.8836288452148,213.45053169347727,20780.762656559295,34739.94777965256,187.7599334716797,644.5932312011719,853.4783477783203,375.3134536743164,612.0690002441406,591.782470703125,4.5546402678818065,20.0,2.0,0.0,0.0,1640.785218730343,3474.8421576341134,20677.688691827934,1,0,0,1
2015,Sud,France,Wheat,668542,5.706,9.17287047704061,16.50608476003011,26.756282806396484,16.846927007039387,0.956005041797956,6.074195782343547,14.195404688517252,7.062490781148274,11.290140271186829,20.475843747456867,22.685585021972656,27.040762901306152,28.800827026367188,3.3746325969696045,10.431888977686562,12.560878117879232,1016.1126244068146,1842.8259372711184,173.0079689025879,179.24917221069336,191.9930648803711,219.27363204956055,136.21891021728516,104.1550521850586,120.80587768554688,763.5238380432129,156.81032249547923,32130.265738218804,36861.336962158384,247.8548812866211,709.8690185546875,958.800048828125,437.38401794433594,676.7543640136719,627.592529296875,4.96805441906655,35.0,4.0,4.0,1.0,2023.748297752852,3931.2199970858273,25653.92526123207,1,0,0,1
2016,Est,France,Wheat,87934,4.865,7.376485824584961,14.10621420542399,24.63562838236491,16.0666348139445,0.9821478525797526,4.6004371245702105,13.120067596435549,6.907668352127075,9.3533256649971,18.87784798940023,20.05195426940918,23.63209819793701,26.642688751220703,1.342965006828308,9.50577708085378,11.515560785929363,841.7993098497391,1699.0063190460205,211.22969436645508,316.0870132446289,177.90034103393555,179.73553085327148,171.95154571533203,151.5376968383789,62.48215103149414,884.952579498291,35.3815810404011,99910.9999419102,31648.53133999057,166.49979782104492,566.5205535888672,797.9689788818359,352.4285125732422,520.8734588623047,461.3347625732422,4.460410607772231,41.0,14.0,6.0,4.0,2956.464773353266,3358.3755953010955,19658.467224388103,1,1,0,0
2016,Ouest,France,Wheat,1056738,6.156,9.939315795898438,14.781821568806969,23.91221745808919,17.387437502543133,3.5424250761667886,5.658332268397014,13.29941463470459,8.402183850606283,10.22007691860199,18.60581604639689,19.81407356262207,22.71887588500977,26.298900604248047,3.326455354690552,9.123489300409954,10.612802823384602,919.8069226741792,1674.5234441757202,259.35428619384766,214.6568946838379,95.36030673980711,154.9159755706787,138.91370010375977,76.19690036773682,30.370171546936035,724.2874631881714,196.04669735052073,46077.58243530827,9093.588101510104,187.59624862670896,615.1962280273438,805.3418579101562,371.1773452758789,524.2955322265625,475.1914825439453,8.357609944982292,13.0,1.0,2.0,0.0,2193.80997477707,1774.2563253288329,19257.509634449223,1,0,0,0
2016,Sud,France,Wheat,618033,5.578,9.760935147603352,14.6723051071167,25.222732543945312,17.50938828786214,1.7572962641716003,4.954967141151428,13.190739313761393,7.601009686787923,9.813636124134064,19.20673592885335,20.297656059265137,24.28801918029785,27.09215927124023,1.7106884717941284,9.717337965965273,12.03199323018392,883.2272511720657,1728.6062335968018,250.39566612243652,271.96514892578125,135.36827278137207,273.72530364990234,158.69691467285156,112.15464782714844,64.33261299133301,931.4543914794922,11.12023094080007,73965.04223022237,18324.56927581196,240.96124267578125,660.8565673828125,909.7218322753906,427.7041778564453,602.844482421875,550.9375,6.671066617774591,25.0,6.0,1.0,0.0,2668.9670100035473,2599.9826684568,22945.670464870054,1,1,0,0
2004,Est,France,Winter_Barley,513575,7.318,6.019989172617595,14.57748285929362,23.925570170084637,15.529293060302734,-0.0977606077988942,4.1612502336502075,12.613503456115724,7.493145783742269,9.369366546471912,18.26953681310018,20.709793090820312,23.694220542907715,24.388269424438477,1.1266368627548218,10.416232625643412,11.312066713968914,843.2429891824722,1644.258313179016,229.47437858581543,160.62070846557617,246.8087501525879,185.9695720672607,101.48329544067384,117.4582405090332,203.06057739257812,822.8734092712402,97.46075126745188,25799.011987983613,60914.55915188255,169.3035430908203,654.2715454101562,797.912109375,340.5748176574707,574.3302307128906,589.5094604492188,3.219870601355629,50.0,13.0,4.0,1.0,1504.914292567987,4509.081546707949,19090.50216241181,1,1,0,1
2004,Nord,France,Winter_Barley,182194,8.221,6.81196133295695,14.17328643798828,22.721026102701824,15.56043561299642,1.6254948774973552,4.912326335906982,12.586920420328775,8.239677588144938,9.542806386947632,17.6539732615153,19.471464157104492,22.10949993133545,23.94407844543457,2.4397382736206055,9.2609601020813,10.134105682373049,858.8525748252869,1588.857593536377,180.0696725845337,134.85136032104492,199.9755401611328,124.08111763000488,91.43175888061523,97.00057220458984,166.78255081176758,638.9776906967163,281.3564698419758,18184.88938043629,39990.21666273684,141.3909568786621,615.7617797851562,753.3732757568359,313.72887420654297,538.8726196289062,554.9656677246094,3.7485819177439024,30.0,9.0,4.0,0.0,1286.860422560244,3530.362838961718,17117.41386354905,1,0,0,1
2004,Ouest,France,Winter_Barley,175715,6.57,8.981989542643229,15.076415379842125,23.63335927327474,16.886321385701496,2.6746785640716553,5.459078947703044,13.08615239461263,9.038355191548664,10.267747163772585,18.359755833943684,21.253154754638672,23.491907119750977,23.916263580322266,2.7194509506225586,9.61733643213908,10.547206878662108,924.0972447395324,1652.3780250549316,221.43585968017575,165.08182525634766,178.74474906921387,177.90391731262207,118.20855712890624,79.35599327087402,161.36626434326172,743.1663513183594,177.16780922033274,27252.009029967303,31949.68531981623,185.7412872314453,663.2838134765625,821.0366058349609,354.27559661865234,591.0415954589844,608.1318969726562,4.567791883137606,25.0,8.0,0.0,0.0,1695.0184430662648,3281.7099495102993,19403.85308220769,1,0,0,1
2004,Sud,France,Winter_Barley,168143,5.307,7.940131823221843,14.193019231160482,24.986616134643555,16.82472864786784,0.3002460102240245,4.235304832458496,13.115801811218262,7.652104218800862,9.21416203180949,19.051208972930908,21.331148147583008,24.92194652557373,25.467662811279297,1.1412110328674316,9.957714398701986,11.870814323425291,829.274582862854,1714.6088075637815,239.10594940185547,223.6694107055664,177.99497604370117,216.60054779052737,161.2243881225586,60.43966293334961,156.4006309509277,857.3708839416504,62.96327659704173,50028.005285375344,31682.21149679775,238.68996047973633,690.4630737304688,919.1380004882812,421.4179229736328,654.2927856445312,631.3158264160156,5.134993287542752,41.0,14.0,5.0,1.0,2060.926191800433,3391.019484740382,22966.148392964504,1,1,0,0
2005,Est,France,Winter_Barley,525004,6.979,4.812640349070231,15.358482042948404,24.61280377705892,16.488113085428875,-0.9446573158105216,5.097314318021138,12.341830253601074,7.548173427581787,10.227898180484772,18.47731701532999,22.39185619354248,25.139875411987305,25.271638870239254,1.6929768323898315,10.261167724927263,12.270973523457844,920.5108362436296,1662.9585313796997,163.70045852661133,186.09405517578125,169.50360870361328,151.90177154541016,122.36367797851562,129.5812950134277,120.0378761291504,671.199893951416,249.1342665872761,34630.997371766716,28731.473363547644,168.0371856689453,625.5167999267578,849.3495330810547,359.05674743652344,593.922607421875,598.3877563476562,4.981416754395389,55.0,12.0,12.0,0.0,1903.3510483314055,3131.971913259111,20904.87339586061,1,1,0,0
2005,Nord,France,Winter_Barley,168643,7.906,6.288259983062744,14.481643676757812,23.147591908772785,16.478944142659504,1.2572030027707417,5.675541083017985,12.251171747843424,8.596081972122192,10.0785923798879,17.699381828308105,20.61505889892578,23.361533164978027,23.38355255126953,3.085522174835205,8.806102593739826,10.89642016092936,907.0733141899108,1592.9443645477295,128.2286148071289,148.42303848266602,176.39213943481445,144.2007179260254,91.96524047851562,124.68054962158205,136.0898475646973,597.2445106506348,323.08964988805735,22029.398352426957,31114.186854391024,149.22089004516602,579.5154266357422,802.048095703125,329.24463653564453,553.2760772705078,567.574951171875,4.521328274513822,33.0,8.0,10.0,0.0,1495.895304651206,3122.0318273689445,18565.48201054428,1,0,0,1
2005,Ouest,France,Winter_Barley,185927,6.487,7.926071484883626,15.657768885294596,24.6763973236084,17.66035334269206,2.018791913986206,6.229894479115804,13.002325693766275,9.061251719792685,10.9438316822052,18.839361508687336,21.6904935836792,24.74333095550537,24.828039169311523,3.78434944152832,9.427874406178791,11.674071629842125,984.944851398468,1695.5425357818604,152.603910446167,153.26740264892578,109.21059799194336,191.15795135498047,102.49307250976562,79.83740997314453,79.88093185424805,606.2398624420166,314.0942980966755,23490.89671474794,11926.954713757865,182.00495529174805,635.2925109863281,874.2037963867188,372.2268829345703,591.46533203125,592.2241821289062,7.932120978516286,26.0,9.0,8.0,0.0,1677.3326569586152,2057.457936150144,21572.200221445528,1,0,0,1
2005,Sud,France,Winter_Barley,173679,5.205,5.682480176289876,15.581202189127604,25.38285255432129,16.757495244344074,-2.0075994729995728,4.940386374791463,13.116981188456217,7.639197667439778,10.260794281959534,19.249916871388752,22.859838485717773,25.891283988952637,26.147315979003903,1.090153455734253,10.64081581433614,12.265871365865072,923.471485376358,1732.4925184249878,149.7438507080078,206.2294158935547,120.62703323364258,253.5763931274414,146.64458084106445,73.07870483398438,81.25710678100586,730.1766929626465,190.15746757604563,42530.57197979675,14550.881146750313,255.32840728759768,717.0655059814453,948.6335754394532,418.2715759277344,663.1514587402344,639.1996154785156,7.799529020963218,61.0,14.0,13.0,0.0,2116.0776113724405,2322.060362189868,24079.02617345826,1,1,0,0
2006,Est,France,Winter_Barley,570215,6.696,5.3107673327128095,14.298894246419271,25.39681752522787,18.07666047414144,-0.5158906976381937,4.908764759699504,13.233853340148926,9.22590414683024,9.603829503059387,19.3153354326884,21.718741416931152,27.47677326202393,30.27745056152344,1.3272998332977295,9.390129486719768,12.162964185078945,864.3446552753448,1738.3801889419556,160.11070251464844,265.9364547729492,203.76625061035156,231.28060913085935,167.03982543945312,75.58627319335938,169.48873138427734,861.0940170288086,59.240143509883524,70722.19797720487,41520.6848878006,159.2123565673828,583.7950134277344,874.0263366699219,344.05956649780273,664.8848266601562,564.1430511474609,4.268410121612771,51.0,19.0,6.0,5.0,2554.008370287468,3935.813480400188,22197.487384649387,1,1,0,0
2006,Nord,France,Winter_Barley,197038,7.409,5.957001209259033,13.50793425242106,24.033986409505207,17.869173685709637,1.1086180719236531,5.34094242254893,13.01175626118978,9.884966214497885,9.424438337484997,18.522871335347492,20.26921272277832,25.577282905578613,28.513263702392575,1.791646122932434,8.166991829872131,11.022230148315428,848.1994503736496,1667.0584201812744,175.1745376586914,192.47711181640625,211.33963012695312,147.547212600708,97.26667022705078,91.87525177001952,170.07167434692383,726.5384922027588,193.79566833593333,37047.438573185354,44664.43926219735,129.7729320526123,564.8014984130859,821.3602752685547,316.88411712646484,624.3100891113281,531.5108947753906,3.868144042529799,37.0,19.0,1.0,3.0,1813.9886716909252,3914.6167769014814,19740.5616931119,1,1,0,0
2006,Ouest,France,Winter_Barley,213213,6.23,7.593421300252278,14.909375190734863,25.126415888468426,18.805038770039875,1.909125566482544,6.312481959660848,13.736214637756348,10.63631502787272,10.610928575197857,19.43131526311239,21.56213092803955,26.41832160949707,28.433080673217773,3.785167932510376,8.596893231074016,11.390201250712078,954.983571767807,1748.8183736801147,220.12501525878903,215.1694450378418,120.63137817382812,274.14246368408203,155.4281234741211,68.39315414428711,101.66894912719728,830.068302154541,90.2658583841511,46297.89007789282,14551.929400117137,169.2408447265625,610.5773315429688,873.1620178222656,357.2535858154297,638.6513671875,575.6141204833984,7.178756262832079,33.0,9.0,0.0,2.0,2283.1476128615,2344.026339919389,21939.43199781653,1,0,0,0
2006,Sud,France,Winter_Barley,190577,5.113,7.290862560272217,15.643561681111654,25.74002456665039,19.057971000671387,-0.5816769401232401,5.381838083267212,13.57382901509603,9.555962085723875,10.512699882189434,19.65692679087321,22.469585418701172,27.323060035705566,29.4138126373291,2.5223195552825928,10.261723597844442,12.16619555155436,946.142989397049,1769.1234111785889,170.21800231933594,220.3478546142578,176.14671325683594,259.8867492675781,158.31124114990234,98.37969207763672,137.62845993041992,826.5993194580078,93.7348410806843,48553.1770331061,31027.66459118598,248.52472686767575,703.6942138671875,939.9056396484376,429.060791015625,669.6233215332031,629.7427673339844,5.30580343472541,57.0,11.0,2.0,0.0,2316.4508652440027,3462.5030469425596,24193.19425488403,1,0,0,0
2007,Est,France,Winter_Barley,574400,5.917,8.11901601155599,17.551306406656902,22.667449951171875,14.273257891337076,1.9316270351409912,6.108359018961589,12.659634908040363,5.284036596616109,11.829832712809246,17.66354242960612,21.445338249206543,22.834867477416992,22.84998321533203,2.0930428504943848,11.442947387695312,10.00781504313151,1064.684944152832,1589.7188186645508,239.99061584472656,202.55612754821777,316.72157287597656,134.0729465484619,96.22626304626463,209.90240478515625,216.11876678466797,893.3412628173828,26.992897721309305,41028.98480732986,100312.55472503252,169.17560195922852,677.2527008056641,744.7481231689453,360.9089584350586,518.5636291503906,494.62901306152344,2.3440275598146423,23.0,7.0,13.0,0.0,2396.205103849869,5594.424940866399,16881.540808161255,1,0,0,0
2007,Nord,France,Winter_Barley,188125,7.142,8.713521957397461,16.711120923360188,21.60576629638672,14.588984807332356,3.46282958984375,6.572430849075317,12.653850237528482,6.733707586924235,11.641775886217753,17.1298082669576,20.01307201385498,21.629300117492676,21.930644989013672,3.300952672958374,10.13869007428487,8.951916058858236,1047.7598297595978,1541.682744026184,209.15064239501953,148.7304768562317,277.0137405395508,137.14520645141602,67.369957447052,200.48155212402344,182.52103424072263,772.040066242218,148.2940942964741,22120.75474588207,76736.61244771356,142.53630828857422,636.4037780761719,698.1141662597656,319.3259048461914,484.2168884277344,455.42535400390625,2.511077923360592,21.0,0.0,7.0,0.0,1731.4868790105456,4745.192262755245,15083.291524405358,1,0,0,1
2007,Ouest,France,Winter_Barley,156526,5.316,10.24343999226888,16.8724152247111,21.700401941935223,16.11888885498047,4.346127827962239,7.374694744745891,12.766599337259928,7.06841246287028,12.123554984728496,17.233500639597576,19.846903800964355,21.51273822784424,22.075729370117188,3.821314573287964,9.49772047996521,8.933802604675295,1091.1199486255646,1551.0150575637815,249.05371856689453,217.78436088562012,264.7252655029297,110.0286922454834,114.88297080993652,198.86251068115232,164.75819396972656,841.5920372009277,78.74212333776438,47430.02784635802,70079.46619559661,178.94803619384766,642.4512329101562,755.262939453125,385.4679946899414,518.0363311767578,480.87669372558594,2.842269958875243,17.0,1.0,4.0,0.0,2640.3206740107694,4562.143032362377,16389.5093579803,1,0,0,0
2007,Sud,France,Winter_Barley,196686,4.474,9.2734325726827,16.60965887705485,23.440876642862957,15.653034845987955,1.442717367472748,6.412826061248779,12.520744959513346,5.791658600171407,11.511242469151815,17.980810801188152,20.826799392700195,23.276487350463867,23.983707427978516,2.396994113922119,10.196832815806072,10.920131683349611,1036.011822223663,1618.2729721069336,212.22041702270508,254.2445831298828,238.04326629638672,142.2574005126953,117.93804931640624,153.2820816040039,148.0946044921875,846.7656669616699,73.5684935770222,64640.30805088789,56664.59662905248,243.2098922729492,680.4949340820312,861.5155639648438,462.6270294189453,601.4281616210938,546.5371704101562,3.6040151948754815,28.0,6.0,9.0,0.0,2926.6710428765064,4280.210933772178,20194.680060806415,1,0,0,0
2008,Est,France,Winter_Barley,572643,6.725,7.737405618031819,14.774821917215982,23.339887619018555,14.319281260172524,0.6329409182071686,5.447246948877971,12.396590868631998,5.9385303656260175,10.111034433046976,17.868239243825276,21.783509254455566,23.39538192749023,24.65738868713379,2.4103453159332275,9.327574968338013,10.943296750386557,909.993098974228,1608.141531944275,172.04926300048828,278.45068359375,205.11024475097656,212.45721435546875,200.11241149902344,123.6098403930664,146.08901977539062,868.0674057006836,52.266754838008524,77534.78319382668,42070.21250180551,192.3968620300293,593.2266540527344,792.9345550537109,330.837345123291,563.8802795410156,545.7558288574219,3.847138001372704,45.0,13.0,6.0,3.0,2815.424449721875,3664.9589245700063,18507.003404190094,1,0,0,0
2008,Nord,France,Winter_Barley,101086,8.123,7.955069224039714,14.749836285909018,22.17722002665202,14.427213350931805,2.1206225752830505,6.113186438878377,12.321287155151367,6.8644782702128095,10.431511362393698,17.249253590901695,20.87104034423828,22.137110710144043,23.43893241882324,3.658242464065552,8.63664984703064,9.855932871500652,938.8360226154329,1552.4328231811523,132.31502151489258,233.14278411865232,171.8446388244629,186.77525329589844,160.00501251220703,85.0699577331543,136.63247680664062,724.0776977539062,196.25646278478587,54355.55778659653,29530.5798927101,164.06420135498047,589.0189971923828,746.0000457763672,308.6728515625,538.8743896484375,541.1444396972656,4.316014953370859,33.0,8.0,3.0,3.0,2432.031601593823,2964.1917533200713,16544.207155074975,1,0,0,0
2008,Ouest,France,Winter_Barley,228189,6.574,9.983787695566813,15.334803899129232,22.549496332804363,15.47876516977946,2.8973962863286338,6.662678400675456,12.523537317911783,7.542023499806722,10.998741149902344,17.536516825358074,21.1373233795166,22.58184814453125,23.453222274780273,4.472926616668701,8.672125498453777,10.02595901489258,989.8867034912108,1578.2865142822266,210.62201309204104,276.4026107788086,152.2973976135254,234.5007438659668,177.11638641357422,89.77253723144531,113.5202980041504,873.8227653503418,46.51139518835032,76398.40324534156,23194.49731985225,204.749698638916,615.9177856445312,815.9642791748047,351.22947692871094,589.221923828125,566.1437072753906,5.322753627115796,22.0,4.0,0.0,1.0,3040.080769113323,2670.7658757078366,18399.583520951615,1,0,0,0
2008,Sud,France,Winter_Barley,199257,5.168,9.435287952423096,14.75071620941162,24.0172856648763,15.507511456807457,0.9839812082548935,5.331174453099568,12.61395263671875,6.419172843297322,10.040945331255594,18.315619150797524,20.94212245941162,23.65217113494873,25.00770378112793,2.1867258548736572,9.419541756312054,11.403333028157553,903.6850798130037,1648.4057235717771,233.2388916015625,351.8583221435547,199.62039184570312,303.7022018432617,213.19641113281253,139.75347900390625,119.82427978515624,1088.419807434082,168.0856468953899,123804.2788616775,39848.30084063206,262.9848403930664,643.4010009765625,891.6534729003906,405.5596237182617,616.2418212890625,547.1201782226562,4.444480766372743,36.0,7.0,5.0,1.0,3532.9901769907524,3656.171071778866,21415.09617272772,1,0,0,0
2009,Est,France,Winter_Barley,650142,6.905,5.314071337381999,16.254872004191082,24.823930740356445,16.64990297953288,-1.3839214937761426,5.620269298553467,12.486722946166992,7.267072518666585,10.937570651372274,18.65532684326172,21.66393566131592,23.74048137664795,26.99082946777344,1.3924341201782229,10.634602705637615,12.337207794189451,984.3813586235046,1678.9794158935547,194.53409957885745,160.84084701538086,200.5143699645996,186.6838722229004,106.32540130615234,168.94383239746094,119.59113693237305,742.5731887817383,177.76097175695384,25869.77806862515,40206.012562300326,168.4541893005371,645.8183898925781,869.3492431640625,348.21228790283203,588.2803039550781,575.0844421386719,4.314080645051678,53.0,10.0,4.0,0.0,1759.2081278572875,3740.6611084603064,21580.66540148598,1,1,0,1
2009,Nord,France,Winter_Barley,160281,8.208,5.516240199406941,15.391186078389486,23.626492818196613,16.359098116556805,-0.2227992018063863,5.889743248621623,12.32308260599772,8.645788351694742,10.640464663505554,17.974787712097168,19.96619129180908,22.586410522460938,25.70665740966797,2.3890669345855713,9.501442829767864,11.303410212198893,957.6418197155,1617.7308940887451,176.95536422729492,143.58612823486328,142.22074699401855,198.99957847595215,86.75422286987305,123.12847137451172,82.98026084899902,661.7618179321289,258.5723426065632,20616.9762214786,20226.74087553664,149.25018692016602,614.8461303710938,833.8534240722656,314.55467987060547,574.3724365234375,548.837158203125,5.822155250363905,39.0,4.0,1.0,0.0,1527.82312365264,2556.387735473365,19701.03193527204,1,0,0,1
2009,Ouest,France,Winter_Barley,244346,6.781,7.948819160461426,15.916287740071615,23.864619572957356,17.78408972422282,1.2243277778228123,6.172426064809163,12.633178075154625,9.364187558492024,11.04435690244039,18.24889882405599,21.076566696166992,23.1909704208374,25.211917877197266,3.052799701690674,9.743861675262451,11.231441497802733,993.992121219635,1642.400894165039,245.6731109619141,170.25941467285156,132.63056564331055,250.01158142089844,113.91638565063477,109.93627166748048,77.30024719238281,798.5746726989746,121.75948783971751,28988.268284742026,17590.866942864508,191.59100341796875,661.1342926025391,866.0258483886719,365.8338050842285,601.4899291992188,585.7800903320312,6.480746708056942,29.0,2.0,0.0,0.0,1880.405741647569,2420.3617734020904,20667.377412143294,1,0,0,1
2009,Sud,France,Winter_Barley,189978,4.966,7.229782740275065,16.097704887390137,25.896982192993164,17.7691167195638,-0.5523309310277303,5.811385989189148,13.414357503255207,7.9705491065979,10.954545438289642,19.655669848124187,22.53229522705078,25.081374168395996,27.5281982421875,1.7629777193069458,10.286318898200989,12.482624689737955,985.9090894460678,1769.0102863311768,246.2407341003418,224.61358642578125,158.24591064453125,237.8905906677246,171.10528564453125,105.3373908996582,94.98211669921876,866.9908218383789,53.34333870031321,50451.2632070519,25041.76823571697,239.15221786499023,702.3821105957031,947.4417114257812,432.6259765625,652.6334838867188,616.7626647949219,5.949551279471539,51.0,7.0,2.0,0.0,2460.5397385584183,3110.4293744446672,24535.881129692425,1,1,0,0
2010,Est,France,Winter_Barley,567577,6.563,3.380329012870789,14.72510846455892,24.338653564453125,14.43553066253662,-1.981672614812851,4.2379491329193115,12.717268308003744,6.081420818964641,9.481528798739117,18.527960936228435,19.840042114257812,24.94562530517578,26.93451690673828,1.5581705570220947,10.487159331639608,11.62138525644938,853.3375918865204,1667.516484260559,238.21664810180664,151.31012725830078,235.1943359375,211.57380294799805,79.17156982421875,125.22242736816406,169.82093811035156,836.2949142456055,84.03924629308665,22894.754610923177,55316.3756570816,147.17739486694336,636.4522705078125,815.0299072265625,346.4171333312988,584.44189453125,507.635009765625,3.4506750722516464,60.0,12.0,10.0,0.0,1434.6513291404594,4357.671468672188,19836.730556655675,1,1,0,1
2010,Nord,France,Winter_Barley,196347,7.891,3.4973793029785156,14.28728453318278,23.3341433207194,14.399869283040363,-1.2419212659200032,4.498441696166992,12.68438752492269,7.0943552652994795,9.392863114674885,18.009265422821045,19.307377815246586,23.979673385620117,25.70867347717285,2.9230451583862305,9.788842837015787,10.649755795796713,845.3576803207397,1620.833888053894,178.4691047668457,95.80786514282228,195.0100250244141,208.6397819519043,58.67739486694336,94.5653839111328,150.77082443237305,677.9267768859863,242.4073836527058,9179.147023225218,38028.9098600226,134.66294860839844,649.2163696289062,791.8502960205078,319.5722999572754,578.9486083984375,539.5930786132812,4.039845900340448,56.0,8.0,8.0,0.0,899.9101625957609,3511.987300775647,18477.148295896615,1,0,0,1
2010,Ouest,France,Winter_Barley,213555,6.134,6.201535860697429,15.37493578592936,23.906516393025715,16.148520787556965,0.2108174761136373,5.472723166147868,12.89671516418457,7.645853996276856,10.423829476038614,18.40161577860514,20.16977596282959,24.28129482269287,25.823989868164062,3.3001627922058105,9.902212619781494,11.009801228841145,938.1446528434752,1656.145420074463,230.38419342041016,119.3570556640625,125.17587852478027,261.50139236450195,79.67009353637695,78.5424633026123,72.68736839294434,736.4185199737549,183.91564056493723,14246.106736794114,15669.000564450547,182.74174118041992,691.3840637207031,844.4426879882812,368.6104049682617,606.5072326660156,561.8009643554688,6.692584175844967,44.0,10.0,7.0,0.0,1244.1575950042363,2303.438421362357,20187.682963362546,1,0,0,1
2010,Sud,France,Winter_Barley,176066,5.211,5.692493915557861,14.69156297047933,24.623257954915363,15.592031160990397,-1.541410764058431,4.599736213684082,13.17283058166504,6.477459351221721,9.645649592081709,18.8980442682902,19.410003662109375,24.462058067321777,26.861860275268555,1.32550048828125,10.091826756795248,11.450427373250324,868.1084632873535,1700.8239841461182,232.13257598876953,220.68414306640625,176.93996047973633,309.81903076171875,109.53243255615234,135.46092987060547,77.69742965698242,939.5757102966307,19.24154975793863,48701.49100095406,31307.749614570657,223.8115005493164,689.6618041992188,903.2018737792968,424.7989273071289,617.6435852050781,540.2325744628906,5.075879927949927,58.0,13.0,8.0,0.0,2128.6419145473824,3343.8192059755756,22239.772723430535,1,1,0,0
2011,Est,France,Winter_Barley,540130,6.036,7.439804077148437,18.543145179748535,23.31695810953776,17.293601671854656,1.4410840570926666,5.483163754145305,12.090628623962402,7.6784294446309405,12.01315446694692,17.703793366750084,22.764412879943848,22.74166774749756,24.467538833618164,2.532270669937134,13.05998142560323,11.22632948557536,1081.1839020252228,1593.341403007507,246.35595893859863,81.55303001403809,255.13026428222656,116.48855781555176,48.92008018493652,163.25589752197266,185.2471923828125,699.527811050415,220.80634948827708,6650.896704470597,65091.45175271877,147.22180557250977,757.6412353515625,786.5268096923828,369.2334709167481,535.0621643066406,594.1911010742188,3.0708077856262985,29.0,10.0,2.0,1.0,979.709146806198,4516.773480456878,18339.41267362567,1,0,0,1
2011,Nord,France,Winter_Barley,164344,7.529,8.205366929372152,17.424494743347168,21.882671356201172,16.87041187286377,3.0341195265452066,6.133149941762288,11.98575528462728,8.746333122253418,11.778822342554728,16.934213320414226,20.961463928222656,21.51576232910156,22.61648941040039,3.1780996322631836,11.29134480158488,9.896916071573893,1060.0940108299255,1524.0791988372805,239.85279083251953,40.68970203399658,231.5869903564453,110.22260665893556,31.78154754638672,132.90086364746094,164.48255157470703,622.352089881897,297.98207065679514,1655.6518516154256,53632.534102356294,128.85962677001953,714.0905303955078,722.478271484375,329.00903701782227,503.6226501464844,567.3504943847656,3.1062712079345416,16.0,8.0,0.0,0.0,479.2767714299335,3921.7434969287574,15809.754576888869,1,0,0,1
2011,Ouest,France,Winter_Barley,190424,5.862,9.994612534840902,18.190595626831055,22.356024424235027,18.61925792694092,4.065717538197835,6.903101444244385,12.329132715861002,9.917105992635092,12.54684853553772,17.342578570048016,21.304479598999023,21.946925163269043,23.174222946166992,4.24153470993042,11.28749418258667,10.026891708374023,1129.2163681983948,1560.8320713043213,268.10269927978516,51.34034156799317,206.0816650390625,113.2443389892578,32.146697998046875,119.78549194335938,153.43618774414062,638.7690448760986,281.5651156625935,2635.830672318207,42469.652665272355,166.68674850463867,737.3731079101562,783.7333831787109,367.5530242919922,545.4226379394531,588.9250183105469,3.7846584970758888,13.0,4.0,0.0,0.0,644.1594894163813,3573.9874677862585,17521.16265643161,1,0,0,1
2011,Sud,France,Winter_Barley,134116,4.406,8.893346786499023,18.04396470387777,23.84739367167155,19.01848538716634,1.0525602300961812,6.405131657918294,12.480375607808432,8.594983100891113,12.22454818089803,18.16388463973999,22.261876106262207,22.626490592956543,26.28919982910156,2.961212158203125,11.638833045959473,11.36701806386312,1100.2093362808228,1634.7496175765991,202.0816421508789,142.3675422668457,221.62519454956055,212.3774871826172,100.08355331420898,167.34249114990234,153.67940139770508,778.4518661499023,141.88229438878977,20268.517091102098,49117.72685913056,240.1331367492676,781.644287109375,869.534912109375,461.1261749267578,579.9117431640625,609.5218811035156,3.905824378362531,34.0,6.0,0.0,0.0,1740.378879837092,4025.57446705815,20736.141360334583,1,0,0,1
2012,Est,France,Winter_Barley,443650,6.723,5.773228804270427,16.292531967163086,23.90856552124023,15.629958152770996,-0.332220991452535,5.478272199630737,12.757238070170084,6.737101793289185,10.885402083396912,18.33290179570516,21.029239654541016,22.649958610534668,26.425779342651367,2.990437269210815,10.814259767532349,11.15132745107015,979.686187505722,1649.9611616134644,209.5479431152344,203.37265396118164,218.2434844970703,246.4818115234375,120.02980422973631,182.84222412109375,115.9398193359375,877.6458930969238,42.68826744176829,41360.43637921453,47630.21852542297,179.8901824951172,646.6141357421875,804.8074493408203,337.29256439208984,535.7317657470703,531.0014801025391,3.670838616650314,39.0,5.0,4.0,2.0,2213.793111135006,4001.0363688372913,19241.791634547233,1,0,0,0
2012,Nord,France,Winter_Barley,176215,8.079,6.919937451680501,15.011284510294596,22.390208562215168,14.879499117533364,1.31918207804362,5.695845444997151,12.350056966145834,7.457139492034912,10.353564977645874,17.3701327641805,19.198122024536133,21.08979225158691,24.99104118347168,4.066573619842529,9.315439065297443,10.040151596069334,931.8208479881288,1563.3119487762451,184.24478244781497,161.43390655517578,224.8350524902344,220.42203521728516,119.40572357177734,198.4051513671875,124.3703842163086,790.9357767105103,129.39838382818186,26060.906185665222,50550.80082828645,158.35581970214844,597.0933990478516,749.0280914306641,309.4424018859863,493.3057403564453,492.26930236816406,3.316704307729438,32.0,4.0,2.0,2.0,1671.4164411142249,3905.414711796863,16770.89518609054,1,0,0,1
2012,Ouest,France,Winter_Barley,207411,6.934,8.736613114674887,15.945927302042644,22.799969991048176,16.351579030354817,2.5514017740885415,6.150364398956299,12.881831487019856,8.376075267791748,11.04814585049947,17.840900739034016,19.962666511535645,21.66447162628174,25.070966720581055,4.35949182510376,9.795562903086344,9.91813850402832,994.3331265449524,1605.6810665130615,207.48403549194336,216.35868453979492,172.39258766174316,287.4145088195801,158.90888595581055,141.42510604858398,92.44783973693848,883.6498165130615,36.684344025630594,46811.080375790494,29719.2042807118,197.71269989013672,653.5662384033203,797.2901000976562,349.5446014404297,529.9920654296875,526.16357421875,4.598178681392204,28.0,2.0,1.0,0.0,2390.362302817859,3075.63904461838,18178.19035638636,1,0,0,0
2012,Sud,France,Winter_Barley,166518,5.537,6.931207180023193,16.242231051127117,25.473276774088543,17.144915262858074,-0.9068849484125772,5.5642391840616865,13.385276794433594,7.921372413635254,10.903235117594402,19.42927678426107,21.896278381347656,24.33701515197754,27.745800018310547,2.9868593215942383,10.67799186706543,12.087999979654947,981.291160583496,1748.634910583496,165.53643035888672,265.76629066467285,167.66812896728516,265.3233871459961,175.9073429107666,116.4984245300293,98.44708251953124,864.2942371368408,56.0399234018513,70631.72125365937,28112.601471390168,267.0319061279297,707.8656768798828,929.5444946289062,408.9208221435547,635.7523498535156,600.4781188964844,5.511085587539781,46.0,5.0,5.0,1.0,2897.7123534478624,3257.6704856045644,23678.54418551239,1,0,0,0
2013,Est,France,Winter_Barley,567385,6.279,5.432959238688151,12.625350952148438,24.77087910970052,15.371782302856444,-0.4432236918558677,4.124277094999949,12.693920453389486,7.734974543253581,8.374814023574194,18.732399781545,18.493767738342285,24.60413074493408,27.511398315429688,0.674733579158783,8.501073857148487,12.076958656311032,753.7332621216774,1685.9159803390503,188.99491119384768,277.34199142456055,179.15761947631836,313.08409881591797,144.97300338745117,129.41076278686523,105.97334671020508,958.5786209106444,38.2444603719523,76918.58020734102,32097.452616421288,156.226318359375,524.3384857177734,876.8678894042969,314.630615234375,603.6116333007812,474.1934051513672,4.8672262208680035,50.0,16.0,4.0,3.0,2322.687599108403,3356.0521519403087,21720.788483612083,1,1,0,0
2013,Nord,France,Winter_Barley,171683,7.897,6.076951026916504,11.85071881612142,23.410600662231445,15.362248738606771,1.032478893796603,4.032339910666148,12.6222349802653,8.251973946889242,7.941529363393784,18.01641782124837,17.549525260925293,22.995783805847168,25.89131546020508,0.8707638382911682,7.818378905455272,10.788365681966146,714.7376427054405,1621.4776039123535,152.45107650756836,154.88598823547363,163.0925636291504,246.64278411865232,70.24463844299316,120.71488189697266,100.89399337768556,717.0724124908447,203.2617480478474,23989.669351679277,26599.18431112847,141.81756591796875,544.0298767089844,822.8931121826172,296.9719009399414,565.9343719482422,467.9096374511719,5.0148105068451345,35.0,15.0,1.0,4.0,1230.031623550278,2938.343769881309,19264.422037008073,1,1,0,1
2013,Ouest,France,Winter_Barley,216475,6.651,8.460830688476562,13.332183837890623,23.982497533162434,17.129348119099934,2.406494935353597,5.029698848724365,13.01201629638672,9.3146120707194,9.180941343307495,18.497256914774574,18.1002516746521,23.52777671813965,26.703529357910156,2.765977382659912,8.30248498916626,10.970481236775717,826.2847208976746,1664.753122329712,247.48133087158203,221.7466163635254,124.26267623901369,267.2821617126465,140.26813125610352,104.64873886108398,70.76789093017578,860.7727851867676,59.56137535192454,49171.56186867251,15441.212706081931,178.71217346191406,597.6572723388672,864.8929748535156,340.3440933227539,585.2491760253906,501.9447937011719,6.9046343318037815,18.0,9.0,2.0,2.0,2035.8426779104368,2298.51864731049,20742.293635873957,1,0,0,0
2013,Sud,France,Winter_Barley,184442,5.125,7.42040999730428,13.489964485168455,24.78753089904785,16.49288813273112,-0.5217780967553457,4.4523866176605225,13.013344764709473,8.0280970732371,8.97117555141449,18.900437831878666,18.198606491088867,24.441737174987793,27.74647331237793,2.1868722438812256,9.037577867507936,11.77418613433838,807.4057996273041,1701.0394048690796,241.1237335205078,354.9777526855469,175.59317016601562,295.41527557373047,209.2261199951172,129.06320190429688,111.3527374267578,1067.1099319458008,146.77577140710866,126009.20490168128,30832.96140895132,250.09809112548828,615.6636810302734,935.923370361328,399.6636428833008,636.2933349609375,540.6733245849609,5.299884301762432,58.0,7.0,8.0,0.0,3184.567736188638,3318.7877964252693,23199.229461972427,1,0,0,0
2014,Est,France,Winter_Barley,584845,6.926,8.133421738942465,16.747775395711262,23.59144465128581,17.677896817525227,2.454635659853617,5.134011189142863,12.547590255737305,8.589032332102457,10.940893292427065,18.06951745351156,21.461939811706543,24.409855842590332,24.507368087768555,2.0835378170013428,11.613764206568398,11.043854395548504,984.6803963184356,1626.25657081604,228.0542907714844,128.52609252929688,287.52620697021484,199.6034889221191,52.740333557128906,181.6092758178711,241.13758850097656,843.7100791931152,76.62408134557688,16518.956460849382,82671.31969467882,149.97846603393555,674.0628356933594,798.9369354248047,367.6817817687988,568.7882690429688,585.6431579589844,2.7690272707438344,12.0,5.0,0.0,0.0,1406.1902636556442,5195.459815190274,18848.076491942185,1,0,0,1
2014,Nord,France,Winter_Barley,196313,8.304,8.629271984100342,16.00032615661621,22.23600196838379,17.147672017415363,3.370965321858724,6.0439291795094805,12.403708457946776,9.390907764434814,11.022127668062843,17.319855213165283,19.64576816558838,22.777135848999023,23.8865966796875,3.386883497238159,9.956396977106731,9.832293510437012,991.991490125656,1558.7869691848755,227.1735382080078,148.308443069458,265.3539390563965,138.27353477478027,59.19971656799317,159.20586776733398,206.81101989746097,779.1094551086426,141.22470543004954,21995.394285686667,70412.71297274578,140.09035682678223,635.928466796875,770.6673431396484,337.5898666381836,553.9470062255859,553.2064056396484,2.893395704489548,9.0,2.0,0.0,0.0,1634.6745937631963,4595.8918046998715,17136.560559022328,1,0,0,1
2014,Ouest,France,Winter_Barley,260004,6.934,10.210051854451498,16.227530479431152,23.117048899332683,18.954235394795734,4.394484281539917,6.4844902356465655,12.894550005594889,10.096189816792808,11.356010357538858,18.005799452463787,20.387840270996097,23.799562454223633,24.705015182495117,4.141756057739258,9.743040243784588,10.222498893737797,1022.0409321784972,1620.5219507217407,340.7639808654785,190.90195846557617,226.0642204284668,192.8829774856567,106.6052131652832,115.33414840698242,180.24417114257812,950.6131372451782,30.278976706486105,36443.55774599257,51105.031757930425,173.35882186889648,664.3282470703125,846.6189270019531,393.8101463317871,605.3787536621094,585.1782836914062,3.728543957319193,5.0,0.0,0.0,0.0,2167.884617609536,4070.467016412541,19571.33113460472,1,0,0,0
2014,Sud,France,Winter_Barley,191931,5.219,8.864996433258057,16.20931911468506,23.78095245361328,19.17291005452474,2.02550462881724,5.462972323099772,12.85814889272054,9.28380823135376,10.836145718892416,18.319550673166912,21.2674560546875,24.084237098693848,24.508455276489254,2.7101845741271973,10.746346791585283,10.92280356089274,975.2531147003174,1648.759560585022,317.7835159301758,197.31851196289065,254.4852752685547,300.5017395019531,121.21153259277344,179.5821533203125,197.93151092529297,1070.0890426635742,149.7548821248821,38934.59516324941,64762.75532851205,212.5742225646973,725.6498870849609,871.8224182128906,446.7010345458984,601.2546081542969,612.8806762695312,3.412417476101,13.0,3.0,0.0,0.0,2138.1721486648994,4662.055895857118,20732.767475514906,1,0,0,0
2015,Est,France,Winter_Barley,508291,7.293,7.811268488566081,16.157710393269856,26.60752995808919,15.506586074829102,1.1722946763038635,4.844591895739238,13.473663647969564,7.001156171162923,10.501151144504547,20.040596803029377,21.93449306488037,26.432294845581055,28.358631134033203,1.939555525779724,11.313118497530615,13.133866310119627,945.1036030054092,1803.653712272644,155.8465747833252,174.09525680541992,142.71910667419434,196.496280670166,113.59868621826172,62.41653251647949,102.50583457946776,669.1572189331055,251.17694160558665,30309.15844214511,20368.743409880062,171.97002410888672,663.7040710449219,886.4155120849609,345.92274475097656,631.9744873046875,588.010986328125,6.167694279469957,36.0,11.0,4.0,3.0,1828.2006052550485,2860.1760729460675,23585.32729311557,1,1,0,1
2015,Nord,France,Winter_Barley,68710,8.545,8.431376616160074,15.061688423156738,24.131585439046223,15.384875297546388,2.953554292519887,5.260952711105347,12.563344955444336,7.931969324747722,10.161320567131042,18.34746519724528,20.097966194152832,23.677090644836422,25.04057502746582,2.9520885944366455,9.800735712051392,11.568240483601889,914.5188510417938,1651.2718677520752,161.83319473266602,115.42389106750488,152.69285011291504,190.13662338256836,65.13047218322754,66.1115894317627,128.63948822021484,620.0865592956543,300.2476012430378,13322.674629163232,23315.10647560514,155.03747940063477,634.0618591308594,824.1042633056641,317.5239486694336,591.1573181152344,577.6952209472656,5.362020827255212,27.0,5.0,1.0,1.0,1172.8591582425304,2801.5267533148985,19886.942440642877,1,0,0,1
2015,Ouest,France,Winter_Barley,298062,7.194,10.190938631693522,16.096831957499187,24.227549235026043,16.99130344390869,3.7202979723612466,6.667294502258301,13.058854420979818,8.804455757141113,11.382063229878744,18.64320182800293,20.8244571685791,24.10431957244873,24.94573974609375,4.331230640411377,9.429537455240888,11.168694814046225,1024.385690689087,1677.8881645202637,202.7638168334961,144.15534210205078,186.3865547180176,173.5779151916504,84.4819107055664,78.54555892944336,148.23472213745117,706.8836288452148,213.45053169347727,20780.762656559295,34739.94777965256,187.7599334716797,644.5932312011719,853.4783477783203,375.3134536743164,612.0690002441406,591.782470703125,4.5546402678818065,20.0,2.0,0.0,0.0,1640.785218730343,3474.8421576341134,20677.688691827934,1,0,0,1
2015,Sud,France,Winter_Barley,207390,5.331,9.17287047704061,16.50608476003011,26.756282806396484,16.846927007039387,0.956005041797956,6.074195782343547,14.195404688517252,7.062490781148274,11.290140271186829,20.475843747456867,22.685585021972656,27.040762901306152,28.800827026367188,3.3746325969696045,10.431888977686562,12.560878117879232,1016.1126244068146,1842.8259372711184,173.0079689025879,179.24917221069336,191.9930648803711,219.27363204956055,136.21891021728516,104.1550521850586,120.80587768554688,763.5238380432129,156.81032249547923,32130.265738218804,36861.336962158384,247.8548812866211,709.8690185546875,958.800048828125,437.38401794433594,676.7543640136719,627.592529296875,4.96805441906655,35.0,4.0,4.0,1.0,2023.748297752852,3931.2199970858273,25653.92526123207,1,0,0,1
2016,Est,France,Winter_Barley,372785,5.506,7.376485824584961,14.10621420542399,24.63562838236491,16.0666348139445,0.9821478525797526,4.6004371245702105,13.120067596435549,6.907668352127075,9.3533256649971,18.87784798940023,20.05195426940918,23.63209819793701,26.642688751220703,1.342965006828308,9.50577708085378,11.515560785929363,841.7993098497391,1699.0063190460205,211.22969436645508,316.0870132446289,177.90034103393555,179.73553085327148,171.95154571533203,151.5376968383789,62.48215103149414,884.952579498291,35.3815810404011,99910.9999419102,31648.53133999057,166.49979782104492,566.5205535888672,797.9689788818359,352.4285125732422,520.8734588623047,461.3347625732422,4.460410607772231,41.0,14.0,6.0,4.0,2956.464773353266,3358.3755953010955,19658.467224388103,1,1,0,0
2016,Nord,France,Winter_Barley,59810,6.337,7.778411865234375,13.910153071085611,23.219703674316406,15.909049987792969,2.111994425455729,5.137740055720012,13.176427523295084,7.840669631958008,9.523946563402813,18.198065598805744,19.422218322753903,22.23072624206543,25.19765853881836,2.4265992641448975,8.7724130153656,10.043276151021322,857.155190706253,1637.825903892517,171.09628295898438,256.1278953552246,146.11273574829102,144.50315475463867,129.80400466918945,113.70744323730467,56.5025749206543,717.8400688171387,202.49409172155345,65601.49877909689,21348.93154784992,159.92658233642578,570.2767333984375,747.8565368652344,331.896484375,490.4642028808594,447.0628356933594,5.083560801593768,27.0,9.0,4.0,2.0,2439.3483887599864,2658.969149968369,17365.007176911226,1,0,0,0
2016,Ouest,France,Winter_Barley,325846,6.049,9.939315795898438,14.781821568806969,23.91221745808919,17.387437502543133,3.5424250761667886,5.658332268397014,13.29941463470459,8.402183850606283,10.22007691860199,18.60581604639689,19.81407356262207,22.71887588500977,26.298900604248047,3.326455354690552,9.123489300409954,10.612802823384602,919.8069226741792,1674.5234441757202,259.35428619384766,214.6568946838379,95.36030673980711,154.9159755706787,138.91370010375977,76.19690036773682,30.370171546936035,724.2874631881714,196.04669735052073,46077.58243530827,9093.588101510104,187.59624862670896,615.1962280273438,805.3418579101562,371.1773452758789,524.2955322265625,475.1914825439453,8.357609944982292,13.0,1.0,2.0,0.0,2193.80997477707,1774.2563253288329,19257.509634449223,1,0,0,0
2016,Sud,France,Winter_Barley,221294,5.159,9.760935147603352,14.6723051071167,25.222732543945312,17.50938828786214,1.7572962641716003,4.954967141151428,13.190739313761393,7.601009686787923,9.813636124134064,19.20673592885335,20.297656059265137,24.28801918029785,27.09215927124023,1.7106884717941284,9.717337965965273,12.03199323018392,883.2272511720657,1728.6062335968018,250.39566612243652,271.96514892578125,135.36827278137207,273.72530364990234,158.69691467285156,112.15464782714844,64.33261299133301,931.4543914794922,11.12023094080007,73965.04223022237,18324.56927581196,240.96124267578125,660.8565673828125,909.7218322753906,427.7041778564453,602.844482421875,550.9375,6.671066617774591,25.0,6.0,1.0,0.0,2668.9670100035473,2599.9826684568,22945.670464870054,1,1,0,0
2004,Est,France,Spring_Barley,373532,6.415,6.019989172617595,14.57748285929362,23.925570170084637,15.529293060302734,-0.0977606077988942,4.1612502336502075,12.613503456115724,7.493145783742269,9.369366546471912,18.26953681310018,20.709793090820312,23.694220542907715,24.388269424438477,1.1266368627548218,10.416232625643412,11.312066713968914,843.2429891824722,1644.258313179016,229.47437858581543,160.62070846557617,246.8087501525879,185.9695720672607,101.48329544067384,117.4582405090332,203.06057739257812,822.8734092712402,97.46075126745188,25799.011987983613,60914.55915188255,169.3035430908203,654.2715454101562,797.912109375,340.5748176574707,574.3302307128906,589.5094604492188,3.219870601355629,50.0,13.0,4.0,1.0,1504.914292567987,4509.081546707949,19090.50216241181,1,1,0,1
2004,Nord,France,Spring_Barley,124511,7.129,6.81196133295695,14.17328643798828,22.721026102701824,15.56043561299642,1.6254948774973552,4.912326335906982,12.586920420328775,8.239677588144938,9.542806386947632,17.6539732615153,19.471464157104492,22.10949993133545,23.94407844543457,2.4397382736206055,9.2609601020813,10.134105682373049,858.8525748252869,1588.857593536377,180.0696725845337,134.85136032104492,199.9755401611328,124.08111763000488,91.43175888061523,97.00057220458984,166.78255081176758,638.9776906967163,281.3564698419758,18184.88938043629,39990.21666273684,141.3909568786621,615.7617797851562,753.3732757568359,313.72887420654297,538.8726196289062,554.9656677246094,3.7485819177439024,30.0,9.0,4.0,0.0,1286.860422560244,3530.362838961718,17117.41386354905,1,0,0,1
2004,Ouest,France,Spring_Barley,54563,5.39,8.981989542643229,15.076415379842125,23.63335927327474,16.886321385701496,2.6746785640716553,5.459078947703044,13.08615239461263,9.038355191548664,10.267747163772585,18.359755833943684,21.253154754638672,23.491907119750977,23.916263580322266,2.7194509506225586,9.61733643213908,10.547206878662108,924.0972447395324,1652.3780250549316,221.43585968017575,165.08182525634766,178.74474906921387,177.90391731262207,118.20855712890624,79.35599327087402,161.36626434326172,743.1663513183594,177.16780922033274,27252.009029967303,31949.68531981623,185.7412872314453,663.2838134765625,821.0366058349609,354.27559661865234,591.0415954589844,608.1318969726562,4.567791883137606,25.0,8.0,0.0,0.0,1695.0184430662648,3281.7099495102993,19403.85308220769,1,0,0,1
2004,Sud,France,Spring_Barley,35551,3.642,7.940131823221843,14.193019231160482,24.986616134643555,16.82472864786784,0.3002460102240245,4.235304832458496,13.115801811218262,7.652104218800862,9.21416203180949,19.051208972930908,21.331148147583008,24.92194652557373,25.467662811279297,1.1412110328674316,9.957714398701986,11.870814323425291,829.274582862854,1714.6088075637815,239.10594940185547,223.6694107055664,177.99497604370117,216.60054779052737,161.2243881225586,60.43966293334961,156.4006309509277,857.3708839416504,62.96327659704173,50028.005285375344,31682.21149679775,238.68996047973633,690.4630737304688,919.1380004882812,421.4179229736328,654.2927856445312,631.3158264160156,5.134993287542752,41.0,14.0,5.0,1.0,2060.926191800433,3391.019484740382,22966.148392964504,1,1,0,0
2005,Est,France,Spring_Barley,348809,5.965,4.812640349070231,15.358482042948404,24.61280377705892,16.488113085428875,-0.9446573158105216,5.097314318021138,12.341830253601074,7.548173427581787,10.227898180484772,18.47731701532999,22.39185619354248,25.139875411987305,25.271638870239254,1.6929768323898315,10.261167724927263,12.270973523457844,920.5108362436296,1662.9585313796997,163.70045852661133,186.09405517578125,169.50360870361328,151.90177154541016,122.36367797851562,129.5812950134277,120.0378761291504,671.199893951416,249.1342665872761,34630.997371766716,28731.473363547644,168.0371856689453,625.5167999267578,849.3495330810547,359.05674743652344,593.922607421875,598.3877563476562,4.981416754395389,55.0,12.0,12.0,0.0,1903.3510483314055,3131.971913259111,20904.87339586061,1,1,0,0
2005,Nord,France,Spring_Barley,107984,6.465,6.288259983062744,14.481643676757812,23.147591908772785,16.478944142659504,1.2572030027707417,5.675541083017985,12.251171747843424,8.596081972122192,10.0785923798879,17.699381828308105,20.61505889892578,23.361533164978027,23.38355255126953,3.085522174835205,8.806102593739826,10.89642016092936,907.0733141899108,1592.9443645477295,128.2286148071289,148.42303848266602,176.39213943481445,144.2007179260254,91.96524047851562,124.68054962158205,136.0898475646973,597.2445106506348,323.08964988805735,22029.398352426957,31114.186854391024,149.22089004516602,579.5154266357422,802.048095703125,329.24463653564453,553.2760772705078,567.574951171875,4.521328274513822,33.0,8.0,10.0,0.0,1495.895304651206,3122.0318273689445,18565.48201054428,1,0,0,1
2005,Ouest,France,Spring_Barley,50501,5.406,7.926071484883626,15.657768885294596,24.6763973236084,17.66035334269206,2.018791913986206,6.229894479115804,13.002325693766275,9.061251719792685,10.9438316822052,18.839361508687336,21.6904935836792,24.74333095550537,24.828039169311523,3.78434944152832,9.427874406178791,11.674071629842125,984.944851398468,1695.5425357818604,152.603910446167,153.26740264892578,109.21059799194336,191.15795135498047,102.49307250976562,79.83740997314453,79.88093185424805,606.2398624420166,314.0942980966755,23490.89671474794,11926.954713757865,182.00495529174805,635.2925109863281,874.2037963867188,372.2268829345703,591.46533203125,592.2241821289062,7.932120978516286,26.0,9.0,8.0,0.0,1677.3326569586152,2057.457936150144,21572.200221445528,1,0,0,1
2005,Sud,France,Spring_Barley,38838,3.335,5.682480176289876,15.581202189127604,25.38285255432129,16.757495244344074,-2.0075994729995728,4.940386374791463,13.116981188456217,7.639197667439778,10.260794281959534,19.249916871388752,22.859838485717773,25.891283988952637,26.147315979003903,1.090153455734253,10.64081581433614,12.265871365865072,923.471485376358,1732.4925184249878,149.7438507080078,206.2294158935547,120.62703323364258,253.5763931274414,146.64458084106445,73.07870483398438,81.25710678100586,730.1766929626465,190.15746757604563,42530.57197979675,14550.881146750313,255.32840728759768,717.0655059814453,948.6335754394532,418.2715759277344,663.1514587402344,639.1996154785156,7.799529020963218,61.0,14.0,13.0,0.0,2116.0776113724405,2322.060362189868,24079.02617345826,1,1,0,0
2006,Est,France,Spring_Barley,311476,5.809,5.3107673327128095,14.298894246419271,25.39681752522787,18.07666047414144,-0.5158906976381937,4.908764759699504,13.233853340148926,9.22590414683024,9.603829503059387,19.3153354326884,21.718741416931152,27.47677326202393,30.27745056152344,1.3272998332977295,9.390129486719768,12.162964185078945,864.3446552753448,1738.3801889419556,160.11070251464844,265.9364547729492,203.76625061035156,231.28060913085935,167.03982543945312,75.58627319335938,169.48873138427734,861.0940170288086,59.240143509883524,70722.19797720487,41520.6848878006,159.2123565673828,583.7950134277344,874.0263366699219,344.05956649780273,664.8848266601562,564.1430511474609,4.268410121612771,51.0,19.0,6.0,5.0,2554.008370287468,3935.813480400188,22197.487384649387,1,1,0,0
2006,Nord,France,Spring_Barley,107874,6.35,5.957001209259033,13.50793425242106,24.033986409505207,17.869173685709637,1.1086180719236531,5.34094242254893,13.01175626118978,9.884966214497885,9.424438337484997,18.522871335347492,20.26921272277832,25.577282905578613,28.513263702392575,1.791646122932434,8.166991829872131,11.022230148315428,848.1994503736496,1667.0584201812744,175.1745376586914,192.47711181640625,211.33963012695312,147.547212600708,97.26667022705078,91.87525177001952,170.07167434692383,726.5384922027588,193.79566833593333,37047.438573185354,44664.43926219735,129.7729320526123,564.8014984130859,821.3602752685547,316.88411712646484,624.3100891113281,531.5108947753906,3.868144042529799,37.0,19.0,1.0,3.0,1813.9886716909252,3914.6167769014814,19740.5616931119,1,1,0,0
2006,Ouest,France,Spring_Barley,41534,4.694,7.593421300252278,14.909375190734863,25.126415888468426,18.805038770039875,1.909125566482544,6.312481959660848,13.736214637756348,10.63631502787272,10.610928575197857,19.43131526311239,21.56213092803955,26.41832160949707,28.433080673217773,3.785167932510376,8.596893231074016,11.390201250712078,954.983571767807,1748.8183736801147,220.12501525878903,215.1694450378418,120.63137817382812,274.14246368408203,155.4281234741211,68.39315414428711,101.66894912719728,830.068302154541,90.2658583841511,46297.89007789282,14551.929400117137,169.2408447265625,610.5773315429688,873.1620178222656,357.2535858154297,638.6513671875,575.6141204833984,7.178756262832079,33.0,9.0,0.0,2.0,2283.1476128615,2344.026339919389,21939.43199781653,1,0,0,0
2006,Sud,France,Spring_Barley,30374,3.196,7.290862560272217,15.643561681111654,25.74002456665039,19.057971000671387,-0.5816769401232401,5.381838083267212,13.57382901509603,9.555962085723875,10.512699882189434,19.65692679087321,22.469585418701172,27.323060035705566,29.4138126373291,2.5223195552825928,10.261723597844442,12.16619555155436,946.142989397049,1769.1234111785889,170.21800231933594,220.3478546142578,176.14671325683594,259.8867492675781,158.31124114990234,98.37969207763672,137.62845993041992,826.5993194580078,93.7348410806843,48553.1770331061,31027.66459118598,248.52472686767575,703.6942138671875,939.9056396484376,429.060791015625,669.6233215332031,629.7427673339844,5.30580343472541,57.0,11.0,2.0,0.0,2316.4508652440027,3462.5030469425596,24193.19425488403,1,0,0,0
2007,Est,France,Spring_Barley,331865,5.208,8.11901601155599,17.551306406656902,22.667449951171875,14.273257891337076,1.9316270351409912,6.108359018961589,12.659634908040363,5.284036596616109,11.829832712809246,17.66354242960612,21.445338249206543,22.834867477416992,22.84998321533203,2.0930428504943848,11.442947387695312,10.00781504313151,1064.684944152832,1589.7188186645508,239.99061584472656,202.55612754821777,316.72157287597656,134.0729465484619,96.22626304626463,209.90240478515625,216.11876678466797,893.3412628173828,26.992897721309305,41028.98480732986,100312.55472503252,169.17560195922852,677.2527008056641,744.7481231689453,360.9089584350586,518.5636291503906,494.62901306152344,2.3440275598146423,23.0,7.0,13.0,0.0,2396.205103849869,5594.424940866399,16881.540808161255,1,0,0,0
2007,Nord,France,Spring_Barley,120730,5.793,8.713521957397461,16.711120923360188,21.60576629638672,14.588984807332356,3.46282958984375,6.572430849075317,12.653850237528482,6.733707586924235,11.641775886217753,17.1298082669576,20.01307201385498,21.629300117492676,21.930644989013672,3.300952672958374,10.13869007428487,8.951916058858236,1047.7598297595978,1541.682744026184,209.15064239501953,148.7304768562317,277.0137405395508,137.14520645141602,67.369957447052,200.48155212402344,182.52103424072263,772.040066242218,148.2940942964741,22120.75474588207,76736.61244771356,142.53630828857422,636.4037780761719,698.1141662597656,319.3259048461914,484.2168884277344,455.42535400390625,2.511077923360592,21.0,0.0,7.0,0.0,1731.4868790105456,4745.192262755245,15083.291524405358,1,0,0,1
2007,Ouest,France,Spring_Barley,36840,4.096,10.24343999226888,16.8724152247111,21.700401941935223,16.11888885498047,4.346127827962239,7.374694744745891,12.766599337259928,7.06841246287028,12.123554984728496,17.233500639597576,19.846903800964355,21.51273822784424,22.075729370117188,3.821314573287964,9.49772047996521,8.933802604675295,1091.1199486255646,1551.0150575637815,249.05371856689453,217.78436088562012,264.7252655029297,110.0286922454834,114.88297080993652,198.86251068115232,164.75819396972656,841.5920372009277,78.74212333776438,47430.02784635802,70079.46619559661,178.94803619384766,642.4512329101562,755.262939453125,385.4679946899414,518.0363311767578,480.87669372558594,2.842269958875243,17.0,1.0,4.0,0.0,2640.3206740107694,4562.143032362377,16389.5093579803,1,0,0,0
2007,Sud,France,Spring_Barley,23282,3.26,9.2734325726827,16.60965887705485,23.440876642862957,15.653034845987955,1.442717367472748,6.412826061248779,12.520744959513346,5.791658600171407,11.511242469151815,17.980810801188152,20.826799392700195,23.276487350463867,23.983707427978516,2.396994113922119,10.196832815806072,10.920131683349611,1036.011822223663,1618.2729721069336,212.22041702270508,254.2445831298828,238.04326629638672,142.2574005126953,117.93804931640624,153.2820816040039,148.0946044921875,846.7656669616699,73.5684935770222,64640.30805088789,56664.59662905248,243.2098922729492,680.4949340820312,861.5155639648438,462.6270294189453,601.4281616210938,546.5371704101562,3.6040151948754815,28.0,6.0,9.0,0.0,2926.6710428765064,4280.210933772178,20194.680060806415,1,0,0,0
2008,Est,France,Spring_Barley,347360,6.526,7.737405618031819,14.774821917215982,23.339887619018555,14.319281260172524,0.6329409182071686,5.447246948877971,12.396590868631998,5.9385303656260175,10.111034433046976,17.868239243825276,21.783509254455566,23.39538192749023,24.65738868713379,2.4103453159332275,9.327574968338013,10.943296750386557,909.993098974228,1608.141531944275,172.04926300048828,278.45068359375,205.11024475097656,212.45721435546875,200.11241149902344,123.6098403930664,146.08901977539062,868.0674057006836,52.266754838008524,77534.78319382668,42070.21250180551,192.3968620300293,593.2266540527344,792.9345550537109,330.837345123291,563.8802795410156,545.7558288574219,3.847138001372704,45.0,13.0,6.0,3.0,2815.424449721875,3664.9589245700063,18507.003404190094,1,0,0,0
2008,Nord,France,Spring_Barley,114001,7.377,7.955069224039714,14.749836285909018,22.17722002665202,14.427213350931805,2.1206225752830505,6.113186438878377,12.321287155151367,6.8644782702128095,10.431511362393698,17.249253590901695,20.87104034423828,22.137110710144043,23.43893241882324,3.658242464065552,8.63664984703064,9.855932871500652,938.8360226154329,1552.4328231811523,132.31502151489258,233.14278411865232,171.8446388244629,186.77525329589844,160.00501251220703,85.0699577331543,136.63247680664062,724.0776977539062,196.25646278478587,54355.55778659653,29530.5798927101,164.06420135498047,589.0189971923828,746.0000457763672,308.6728515625,538.8743896484375,541.1444396972656,4.316014953370859,33.0,8.0,3.0,3.0,2432.031601593823,2964.1917533200713,16544.207155074975,1,0,0,0
2008,Ouest,France,Spring_Barley,33834,6.162,9.983787695566813,15.334803899129232,22.549496332804363,15.47876516977946,2.8973962863286338,6.662678400675456,12.523537317911783,7.542023499806722,10.998741149902344,17.536516825358074,21.1373233795166,22.58184814453125,23.453222274780273,4.472926616668701,8.672125498453777,10.02595901489258,989.8867034912108,1578.2865142822266,210.62201309204104,276.4026107788086,152.2973976135254,234.5007438659668,177.11638641357422,89.77253723144531,113.5202980041504,873.8227653503418,46.51139518835032,76398.40324534156,23194.49731985225,204.749698638916,615.9177856445312,815.9642791748047,351.22947692871094,589.221923828125,566.1437072753906,5.322753627115796,22.0,4.0,0.0,1.0,3040.080769113323,2670.7658757078366,18399.583520951615,1,0,0,0
2008,Sud,France,Spring_Barley,21771,3.6,9.435287952423096,14.75071620941162,24.0172856648763,15.507511456807457,0.9839812082548935,5.331174453099568,12.61395263671875,6.419172843297322,10.040945331255594,18.315619150797524,20.94212245941162,23.65217113494873,25.00770378112793,2.1867258548736572,9.419541756312054,11.403333028157553,903.6850798130037,1648.4057235717771,233.2388916015625,351.8583221435547,199.62039184570312,303.7022018432617,213.19641113281253,139.75347900390625,119.82427978515624,1088.419807434082,168.0856468953899,123804.2788616775,39848.30084063206,262.9848403930664,643.4010009765625,891.6534729003906,405.5596237182617,616.2418212890625,547.1201782226562,4.444480766372743,36.0,7.0,5.0,1.0,3532.9901769907524,3656.171071778866,21415.09617272772,1,0,0,0
2009,Est,France,Spring_Barley,263773,6.712,5.314071337381999,16.254872004191082,24.823930740356445,16.64990297953288,-1.3839214937761426,5.620269298553467,12.486722946166992,7.267072518666585,10.937570651372274,18.65532684326172,21.66393566131592,23.74048137664795,26.99082946777344,1.3924341201782229,10.634602705637615,12.337207794189451,984.3813586235046,1678.9794158935547,194.53409957885745,160.84084701538086,200.5143699645996,186.6838722229004,106.32540130615234,168.94383239746094,119.59113693237305,742.5731887817383,177.76097175695384,25869.77806862515,40206.012562300326,168.4541893005371,645.8183898925781,869.3492431640625,348.21228790283203,588.2803039550781,575.0844421386719,4.314080645051678,53.0,10.0,4.0,0.0,1759.2081278572875,3740.6611084603064,21580.66540148598,1,1,0,1
2009,Nord,France,Spring_Barley,47936,7.631,5.516240199406941,15.391186078389486,23.626492818196613,16.359098116556805,-0.2227992018063863,5.889743248621623,12.32308260599772,8.645788351694742,10.640464663505554,17.974787712097168,19.96619129180908,22.586410522460938,25.70665740966797,2.3890669345855713,9.501442829767864,11.303410212198893,957.6418197155,1617.7308940887451,176.95536422729492,143.58612823486328,142.22074699401855,198.99957847595215,86.75422286987305,123.12847137451172,82.98026084899902,661.7618179321289,258.5723426065632,20616.9762214786,20226.74087553664,149.25018692016602,614.8461303710938,833.8534240722656,314.55467987060547,574.3724365234375,548.837158203125,5.822155250363905,39.0,4.0,1.0,0.0,1527.82312365264,2556.387735473365,19701.03193527204,1,0,0,1
2009,Ouest,France,Spring_Barley,54723,5.954,7.948819160461426,15.916287740071615,23.864619572957356,17.78408972422282,1.2243277778228123,6.172426064809163,12.633178075154625,9.364187558492024,11.04435690244039,18.24889882405599,21.076566696166992,23.1909704208374,25.211917877197266,3.052799701690674,9.743861675262451,11.231441497802733,993.992121219635,1642.400894165039,245.6731109619141,170.25941467285156,132.63056564331055,250.01158142089844,113.91638565063477,109.93627166748048,77.30024719238281,798.5746726989746,121.75948783971751,28988.268284742026,17590.866942864508,191.59100341796875,661.1342926025391,866.0258483886719,365.8338050842285,601.4899291992188,585.7800903320312,6.480746708056942,29.0,2.0,0.0,0.0,1880.405741647569,2420.3617734020904,20667.377412143294,1,0,0,1
2009,Sud,France,Spring_Barley,43717,3.687,7.229782740275065,16.097704887390137,25.896982192993164,17.7691167195638,-0.5523309310277303,5.811385989189148,13.414357503255207,7.9705491065979,10.954545438289642,19.655669848124187,22.53229522705078,25.081374168395996,27.5281982421875,1.7629777193069458,10.286318898200989,12.482624689737955,985.9090894460678,1769.0102863311768,246.2407341003418,224.61358642578125,158.24591064453125,237.8905906677246,171.10528564453125,105.3373908996582,94.98211669921876,866.9908218383789,53.34333870031321,50451.2632070519,25041.76823571697,239.15221786499023,702.3821105957031,947.4417114257812,432.6259765625,652.6334838867188,616.7626647949219,5.949551279471539,51.0,7.0,2.0,0.0,2460.5397385584183,3110.4293744446672,24535.881129692425,1,1,0,0
2010,Est,France,Spring_Barley,267823,6.283,3.380329012870789,14.72510846455892,24.338653564453125,14.43553066253662,-1.981672614812851,4.2379491329193115,12.717268308003744,6.081420818964641,9.481528798739117,18.527960936228435,19.840042114257812,24.94562530517578,26.93451690673828,1.5581705570220947,10.487159331639608,11.62138525644938,853.3375918865204,1667.516484260559,238.21664810180664,151.31012725830078,235.1943359375,211.57380294799805,79.17156982421875,125.22242736816406,169.82093811035156,836.2949142456055,84.03924629308665,22894.754610923177,55316.3756570816,147.17739486694336,636.4522705078125,815.0299072265625,346.4171333312988,584.44189453125,507.635009765625,3.4506750722516464,60.0,12.0,10.0,0.0,1434.6513291404594,4357.671468672188,19836.730556655675,1,1,0,1
2010,Nord,France,Spring_Barley,89387,6.457,3.4973793029785156,14.28728453318278,23.3341433207194,14.399869283040363,-1.2419212659200032,4.498441696166992,12.68438752492269,7.0943552652994795,9.392863114674885,18.009265422821045,19.307377815246586,23.979673385620117,25.70867347717285,2.9230451583862305,9.788842837015787,10.649755795796713,845.3576803207397,1620.833888053894,178.4691047668457,95.80786514282228,195.0100250244141,208.6397819519043,58.67739486694336,94.5653839111328,150.77082443237305,677.9267768859863,242.4073836527058,9179.147023225218,38028.9098600226,134.66294860839844,649.2163696289062,791.8502960205078,319.5722999572754,578.9486083984375,539.5930786132812,4.039845900340448,56.0,8.0,8.0,0.0,899.9101625957609,3511.987300775647,18477.148295896615,1,0,0,1
2010,Ouest,France,Spring_Barley,41510,4.732,6.201535860697429,15.37493578592936,23.906516393025715,16.148520787556965,0.2108174761136373,5.472723166147868,12.89671516418457,7.645853996276856,10.423829476038614,18.40161577860514,20.16977596282959,24.28129482269287,25.823989868164062,3.3001627922058105,9.902212619781494,11.009801228841145,938.1446528434752,1656.145420074463,230.38419342041016,119.3570556640625,125.17587852478027,261.50139236450195,79.67009353637695,78.5424633026123,72.68736839294434,736.4185199737549,183.91564056493723,14246.106736794114,15669.000564450547,182.74174118041992,691.3840637207031,844.4426879882812,368.6104049682617,606.5072326660156,561.8009643554688,6.692584175844967,44.0,10.0,7.0,0.0,1244.1575950042363,2303.438421362357,20187.682963362546,1,0,0,1
2010,Sud,France,Spring_Barley,22373,3.921,5.692493915557861,14.69156297047933,24.623257954915363,15.592031160990397,-1.541410764058431,4.599736213684082,13.17283058166504,6.477459351221721,9.645649592081709,18.8980442682902,19.410003662109375,24.462058067321777,26.861860275268555,1.32550048828125,10.091826756795248,11.450427373250324,868.1084632873535,1700.8239841461182,232.13257598876953,220.68414306640625,176.93996047973633,309.81903076171875,109.53243255615234,135.46092987060547,77.69742965698242,939.5757102966307,19.24154975793863,48701.49100095406,31307.749614570657,223.8115005493164,689.6618041992188,903.2018737792968,424.7989273071289,617.6435852050781,540.2325744628906,5.075879927949927,58.0,13.0,8.0,0.0,2128.6419145473824,3343.8192059755756,22239.772723430535,1,1,0,0
2011,Est,France,Spring_Barley,320140,5.092,7.439804077148437,18.543145179748535,23.31695810953776,17.293601671854656,1.4410840570926666,5.483163754145305,12.090628623962402,7.6784294446309405,12.01315446694692,17.703793366750084,22.764412879943848,22.74166774749756,24.467538833618164,2.532270669937134,13.05998142560323,11.22632948557536,1081.1839020252228,1593.341403007507,246.35595893859863,81.55303001403809,255.13026428222656,116.48855781555176,48.92008018493652,163.25589752197266,185.2471923828125,699.527811050415,220.80634948827708,6650.896704470597,65091.45175271877,147.22180557250977,757.6412353515625,786.5268096923828,369.2334709167481,535.0621643066406,594.1911010742188,3.0708077856262985,29.0,10.0,2.0,1.0,979.709146806198,4516.773480456878,18339.41267362567,1,0,0,1
2011,Nord,France,Spring_Barley,99508,5.747,8.205366929372152,17.424494743347168,21.882671356201172,16.87041187286377,3.0341195265452066,6.133149941762288,11.98575528462728,8.746333122253418,11.778822342554728,16.934213320414226,20.961463928222656,21.51576232910156,22.61648941040039,3.1780996322631836,11.29134480158488,9.896916071573893,1060.0940108299255,1524.0791988372805,239.85279083251953,40.68970203399658,231.5869903564453,110.22260665893556,31.78154754638672,132.90086364746094,164.48255157470703,622.352089881897,297.98207065679514,1655.6518516154256,53632.534102356294,128.85962677001953,714.0905303955078,722.478271484375,329.00903701782227,503.6226501464844,567.3504943847656,3.1062712079345416,16.0,8.0,0.0,0.0,479.2767714299335,3921.7434969287574,15809.754576888869,1,0,0,1
2011,Ouest,France,Spring_Barley,33700,4.501,9.994612534840902,18.190595626831055,22.356024424235027,18.61925792694092,4.065717538197835,6.903101444244385,12.329132715861002,9.917105992635092,12.54684853553772,17.342578570048016,21.304479598999023,21.946925163269043,23.174222946166992,4.24153470993042,11.28749418258667,10.026891708374023,1129.2163681983948,1560.8320713043213,268.10269927978516,51.34034156799317,206.0816650390625,113.2443389892578,32.146697998046875,119.78549194335938,153.43618774414062,638.7690448760986,281.5651156625935,2635.830672318207,42469.652665272355,166.68674850463867,737.3731079101562,783.7333831787109,367.5530242919922,545.4226379394531,588.9250183105469,3.7846584970758888,13.0,4.0,0.0,0.0,644.1594894163813,3573.9874677862585,17521.16265643161,1,0,0,1
2011,Sud,France,Spring_Barley,20132,3.234,8.893346786499023,18.04396470387777,23.84739367167155,19.01848538716634,1.0525602300961812,6.405131657918294,12.480375607808432,8.594983100891113,12.22454818089803,18.16388463973999,22.261876106262207,22.626490592956543,26.28919982910156,2.961212158203125,11.638833045959473,11.36701806386312,1100.2093362808228,1634.7496175765991,202.0816421508789,142.3675422668457,221.62519454956055,212.3774871826172,100.08355331420898,167.34249114990234,153.67940139770508,778.4518661499023,141.88229438878977,20268.517091102098,49117.72685913056,240.1331367492676,781.644287109375,869.534912109375,461.1261749267578,579.9117431640625,609.5218811035156,3.905824378362531,34.0,6.0,0.0,0.0,1740.378879837092,4025.57446705815,20736.141360334583,1,0,0,1
2012,Est,France,Spring_Barley,459795,6.642,5.773228804270427,16.292531967163086,23.90856552124023,15.629958152770996,-0.332220991452535,5.478272199630737,12.757238070170084,6.737101793289185,10.885402083396912,18.33290179570516,21.029239654541016,22.649958610534668,26.425779342651367,2.990437269210815,10.814259767532349,11.15132745107015,979.686187505722,1649.9611616134644,209.5479431152344,203.37265396118164,218.2434844970703,246.4818115234375,120.02980422973631,182.84222412109375,115.9398193359375,877.6458930969238,42.68826744176829,41360.43637921453,47630.21852542297,179.8901824951172,646.6141357421875,804.8074493408203,337.29256439208984,535.7317657470703,531.0014801025391,3.670838616650314,39.0,5.0,4.0,2.0,2213.793111135006,4001.0363688372913,19241.791634547233,1,0,0,0
2012,Nord,France,Spring_Barley,89454,7.054,6.919937451680501,15.011284510294596,22.390208562215168,14.879499117533364,1.31918207804362,5.695845444997151,12.350056966145834,7.457139492034912,10.353564977645874,17.3701327641805,19.198122024536133,21.08979225158691,24.99104118347168,4.066573619842529,9.315439065297443,10.040151596069334,931.8208479881288,1563.3119487762451,184.24478244781497,161.43390655517578,224.8350524902344,220.42203521728516,119.40572357177734,198.4051513671875,124.3703842163086,790.9357767105103,129.39838382818186,26060.906185665222,50550.80082828645,158.35581970214844,597.0933990478516,749.0280914306641,309.4424018859863,493.3057403564453,492.26930236816406,3.316704307729438,32.0,4.0,2.0,2.0,1671.4164411142249,3905.414711796863,16770.89518609054,1,0,0,1
2012,Ouest,France,Spring_Barley,27426,6.009,8.736613114674887,15.945927302042644,22.799969991048176,16.351579030354817,2.5514017740885415,6.150364398956299,12.881831487019856,8.376075267791748,11.04814585049947,17.840900739034016,19.962666511535645,21.66447162628174,25.070966720581055,4.35949182510376,9.795562903086344,9.91813850402832,994.3331265449524,1605.6810665130615,207.48403549194336,216.35868453979492,172.39258766174316,287.4145088195801,158.90888595581055,141.42510604858398,92.44783973693848,883.6498165130615,36.684344025630594,46811.080375790494,29719.2042807118,197.71269989013672,653.5662384033203,797.2901000976562,349.5446014404297,529.9920654296875,526.16357421875,4.598178681392204,28.0,2.0,1.0,0.0,2390.362302817859,3075.63904461838,18178.19035638636,1,0,0,0
2012,Sud,France,Spring_Barley,19635,4.44,6.931207180023193,16.242231051127117,25.473276774088543,17.144915262858074,-0.9068849484125772,5.5642391840616865,13.385276794433594,7.921372413635254,10.903235117594402,19.42927678426107,21.896278381347656,24.33701515197754,27.745800018310547,2.9868593215942383,10.67799186706543,12.087999979654947,981.291160583496,1748.634910583496,165.53643035888672,265.76629066467285,167.66812896728516,265.3233871459961,175.9073429107666,116.4984245300293,98.44708251953124,864.2942371368408,56.0399234018513,70631.72125365937,28112.601471390168,267.0319061279297,707.8656768798828,929.5444946289062,408.9208221435547,635.7523498535156,600.4781188964844,5.511085587539781,46.0,5.0,5.0,1.0,2897.7123534478624,3257.6704856045644,23678.54418551239,1,0,0,0
2013,Est,France,Spring_Barley,336600,5.941,5.432959238688151,12.625350952148438,24.77087910970052,15.371782302856444,-0.4432236918558677,4.124277094999949,12.693920453389486,7.734974543253581,8.374814023574194,18.732399781545,18.493767738342285,24.60413074493408,27.511398315429688,0.674733579158783,8.501073857148487,12.076958656311032,753.7332621216774,1685.9159803390503,188.99491119384768,277.34199142456055,179.15761947631836,313.08409881591797,144.97300338745117,129.41076278686523,105.97334671020508,958.5786209106444,38.2444603719523,76918.58020734102,32097.452616421288,156.226318359375,524.3384857177734,876.8678894042969,314.630615234375,603.6116333007812,474.1934051513672,4.8672262208680035,50.0,16.0,4.0,3.0,2322.687599108403,3356.0521519403087,21720.788483612083,1,1,0,0
2013,Nord,France,Spring_Barley,94645,7.093,6.076951026916504,11.85071881612142,23.410600662231445,15.362248738606771,1.032478893796603,4.032339910666148,12.6222349802653,8.251973946889242,7.941529363393784,18.01641782124837,17.549525260925293,22.995783805847168,25.89131546020508,0.8707638382911682,7.818378905455272,10.788365681966146,714.7376427054405,1621.4776039123535,152.45107650756836,154.88598823547363,163.0925636291504,246.64278411865232,70.24463844299316,120.71488189697266,100.89399337768556,717.0724124908447,203.2617480478474,23989.669351679277,26599.18431112847,141.81756591796875,544.0298767089844,822.8931121826172,296.9719009399414,565.9343719482422,467.9096374511719,5.0148105068451345,35.0,15.0,1.0,4.0,1230.031623550278,2938.343769881309,19264.422037008073,1,1,0,1
2013,Ouest,France,Spring_Barley,47730,5.757,8.460830688476562,13.332183837890623,23.982497533162434,17.129348119099934,2.406494935353597,5.029698848724365,13.01201629638672,9.3146120707194,9.180941343307495,18.497256914774574,18.1002516746521,23.52777671813965,26.703529357910156,2.765977382659912,8.30248498916626,10.970481236775717,826.2847208976746,1664.753122329712,247.48133087158203,221.7466163635254,124.26267623901369,267.2821617126465,140.26813125610352,104.64873886108398,70.76789093017578,860.7727851867676,59.56137535192454,49171.56186867251,15441.212706081931,178.71217346191406,597.6572723388672,864.8929748535156,340.3440933227539,585.2491760253906,501.9447937011719,6.9046343318037815,18.0,9.0,2.0,2.0,2035.8426779104368,2298.51864731049,20742.293635873957,1,0,0,0
2013,Sud,France,Spring_Barley,16639,3.974,7.42040999730428,13.489964485168455,24.78753089904785,16.49288813273112,-0.5217780967553457,4.4523866176605225,13.013344764709473,8.0280970732371,8.97117555141449,18.900437831878666,18.198606491088867,24.441737174987793,27.74647331237793,2.1868722438812256,9.037577867507936,11.77418613433838,807.4057996273041,1701.0394048690796,241.1237335205078,354.9777526855469,175.59317016601562,295.41527557373047,209.2261199951172,129.06320190429688,111.3527374267578,1067.1099319458008,146.77577140710866,126009.20490168128,30832.96140895132,250.09809112548828,615.6636810302734,935.923370361328,399.6636428833008,636.2933349609375,540.6733245849609,5.299884301762432,58.0,7.0,8.0,0.0,3184.567736188638,3318.7877964252693,23199.229461972427,1,0,0,0
2014,Est,France,Spring_Barley,382640,6.044,8.133421738942465,16.747775395711262,23.59144465128581,17.677896817525227,2.454635659853617,5.134011189142863,12.547590255737305,8.589032332102457,10.940893292427065,18.06951745351156,21.461939811706543,24.409855842590332,24.507368087768555,2.0835378170013428,11.613764206568398,11.043854395548504,984.6803963184356,1626.25657081604,228.0542907714844,128.52609252929688,287.52620697021484,199.6034889221191,52.740333557128906,181.6092758178711,241.13758850097656,843.7100791931152,76.62408134557688,16518.956460849382,82671.31969467882,149.97846603393555,674.0628356933594,798.9369354248047,367.6817817687988,568.7882690429688,585.6431579589844,2.7690272707438344,12.0,5.0,0.0,0.0,1406.1902636556442,5195.459815190274,18848.076491942185,1,0,0,1
2014,Nord,France,Spring_Barley,74800,7.095,8.629271984100342,16.00032615661621,22.23600196838379,17.147672017415363,3.370965321858724,6.0439291795094805,12.403708457946776,9.390907764434814,11.022127668062843,17.319855213165283,19.64576816558838,22.777135848999023,23.8865966796875,3.386883497238159,9.956396977106731,9.832293510437012,991.991490125656,1558.7869691848755,227.1735382080078,148.308443069458,265.3539390563965,138.27353477478027,59.19971656799317,159.20586776733398,206.81101989746097,779.1094551086426,141.22470543004954,21995.394285686667,70412.71297274578,140.09035682678223,635.928466796875,770.6673431396484,337.5898666381836,553.9470062255859,553.2064056396484,2.893395704489548,9.0,2.0,0.0,0.0,1634.6745937631963,4595.8918046998715,17136.560559022328,1,0,0,1
2014,Ouest,France,Spring_Barley,37691,5.834,10.210051854451498,16.227530479431152,23.117048899332683,18.954235394795734,4.394484281539917,6.4844902356465655,12.894550005594889,10.096189816792808,11.356010357538858,18.005799452463787,20.387840270996097,23.799562454223633,24.705015182495117,4.141756057739258,9.743040243784588,10.222498893737797,1022.0409321784972,1620.5219507217407,340.7639808654785,190.90195846557617,226.0642204284668,192.8829774856567,106.6052131652832,115.33414840698242,180.24417114257812,950.6131372451782,30.278976706486105,36443.55774599257,51105.031757930425,173.35882186889648,664.3282470703125,846.6189270019531,393.8101463317871,605.3787536621094,585.1782836914062,3.728543957319193,5.0,0.0,0.0,0.0,2167.884617609536,4070.467016412541,19571.33113460472,1,0,0,0
2014,Sud,France,Spring_Barley,21444,3.94,8.864996433258057,16.20931911468506,23.78095245361328,19.17291005452474,2.02550462881724,5.462972323099772,12.85814889272054,9.28380823135376,10.836145718892416,18.319550673166912,21.2674560546875,24.084237098693848,24.508455276489254,2.7101845741271973,10.746346791585283,10.92280356089274,975.2531147003174,1648.759560585022,317.7835159301758,197.31851196289065,254.4852752685547,300.5017395019531,121.21153259277344,179.5821533203125,197.93151092529297,1070.0890426635742,149.7548821248821,38934.59516324941,64762.75532851205,212.5742225646973,725.6498870849609,871.8224182128906,446.7010345458984,601.2546081542969,612.8806762695312,3.412417476101,13.0,3.0,0.0,0.0,2138.1721486648994,4662.055895857118,20732.767475514906,1,0,0,0
2015,Est,France,Spring_Barley,195108,5.817,7.811268488566081,16.157710393269856,26.60752995808919,15.506586074829102,1.1722946763038635,4.844591895739238,13.473663647969564,7.001156171162923,10.501151144504547,20.040596803029377,21.93449306488037,26.432294845581055,28.358631134033203,1.939555525779724,11.313118497530615,13.133866310119627,945.1036030054092,1803.653712272644,155.8465747833252,174.09525680541992,142.71910667419434,196.496280670166,113.59868621826172,62.41653251647949,102.50583457946776,669.1572189331055,251.17694160558665,30309.15844214511,20368.743409880062,171.97002410888672,663.7040710449219,886.4155120849609,345.92274475097656,631.9744873046875,588.010986328125,6.167694279469957,36.0,11.0,4.0,3.0,1828.2006052550485,2860.1760729460675,23585.32729311557,1,1,0,1
2015,Nord,France,Spring_Barley,80190,7.195,8.431376616160074,15.061688423156738,24.131585439046223,15.384875297546388,2.953554292519887,5.260952711105347,12.563344955444336,7.931969324747722,10.161320567131042,18.34746519724528,20.097966194152832,23.677090644836422,25.04057502746582,2.9520885944366455,9.800735712051392,11.568240483601889,914.5188510417938,1651.2718677520752,161.83319473266602,115.42389106750488,152.69285011291504,190.13662338256836,65.13047218322754,66.1115894317627,128.63948822021484,620.0865592956543,300.2476012430378,13322.674629163232,23315.10647560514,155.03747940063477,634.0618591308594,824.1042633056641,317.5239486694336,591.1573181152344,577.6952209472656,5.362020827255212,27.0,5.0,1.0,1.0,1172.8591582425304,2801.5267533148985,19886.942440642877,1,0,0,1
2015,Ouest,France,Spring_Barley,38062,6.085,10.190938631693522,16.096831957499187,24.227549235026043,16.99130344390869,3.7202979723612466,6.667294502258301,13.058854420979818,8.804455757141113,11.382063229878744,18.64320182800293,20.8244571685791,24.10431957244873,24.94573974609375,4.331230640411377,9.429537455240888,11.168694814046225,1024.385690689087,1677.8881645202637,202.7638168334961,144.15534210205078,186.3865547180176,173.5779151916504,84.4819107055664,78.54555892944336,148.23472213745117,706.8836288452148,213.45053169347727,20780.762656559295,34739.94777965256,187.7599334716797,644.5932312011719,853.4783477783203,375.3134536743164,612.0690002441406,591.782470703125,4.5546402678818065,20.0,2.0,0.0,0.0,1640.785218730343,3474.8421576341134,20677.688691827934,1,0,0,1
2015,Sud,France,Spring_Barley,19294,3.899,9.17287047704061,16.50608476003011,26.756282806396484,16.846927007039387,0.956005041797956,6.074195782343547,14.195404688517252,7.062490781148274,11.290140271186829,20.475843747456867,22.685585021972656,27.040762901306152,28.800827026367188,3.3746325969696045,10.431888977686562,12.560878117879232,1016.1126244068146,1842.8259372711184,173.0079689025879,179.24917221069336,191.9930648803711,219.27363204956055,136.21891021728516,104.1550521850586,120.80587768554688,763.5238380432129,156.81032249547923,32130.265738218804,36861.336962158384,247.8548812866211,709.8690185546875,958.800048828125,437.38401794433594,676.7543640136719,627.592529296875,4.96805441906655,35.0,4.0,4.0,1.0,2023.748297752852,3931.2199970858273,25653.92526123207,1,0,0,1
2016,Est,France,Spring_Barley,243235,4.896,7.376485824584961,14.10621420542399,24.63562838236491,16.0666348139445,0.9821478525797526,4.6004371245702105,13.120067596435549,6.907668352127075,9.3533256649971,18.87784798940023,20.05195426940918,23.63209819793701,26.642688751220703,1.342965006828308,9.50577708085378,11.515560785929363,841.7993098497391,1699.0063190460205,211.22969436645508,316.0870132446289,177.90034103393555,179.73553085327148,171.95154571533203,151.5376968383789,62.48215103149414,884.952579498291,35.3815810404011,99910.9999419102,31648.53133999057,166.49979782104492,566.5205535888672,797.9689788818359,352.4285125732422,520.8734588623047,461.3347625732422,4.460410607772231,41.0,14.0,6.0,4.0,2956.464773353266,3358.3755953010955,19658.467224388103,1,1,0,0
2016,Nord,France,Spring_Barley,85210,5.192,7.778411865234375,13.910153071085611,23.219703674316406,15.909049987792969,2.111994425455729,5.137740055720012,13.176427523295084,7.840669631958008,9.523946563402813,18.198065598805744,19.422218322753903,22.23072624206543,25.19765853881836,2.4265992641448975,8.7724130153656,10.043276151021322,857.155190706253,1637.825903892517,171.09628295898438,256.1278953552246,146.11273574829102,144.50315475463867,129.80400466918945,113.70744323730467,56.5025749206543,717.8400688171387,202.49409172155345,65601.49877909689,21348.93154784992,159.92658233642578,570.2767333984375,747.8565368652344,331.896484375,490.4642028808594,447.0628356933594,5.083560801593768,27.0,9.0,4.0,2.0,2439.3483887599864,2658.969149968369,17365.007176911226,1,0,0,0
2016,Ouest,France,Spring_Barley,32517,5.503,9.939315795898438,14.781821568806969,23.91221745808919,17.387437502543133,3.5424250761667886,5.658332268397014,13.29941463470459,8.402183850606283,10.22007691860199,18.60581604639689,19.81407356262207,22.71887588500977,26.298900604248047,3.326455354690552,9.123489300409954,10.612802823384602,919.8069226741792,1674.5234441757202,259.35428619384766,214.6568946838379,95.36030673980711,154.9159755706787,138.91370010375977,76.19690036773682,30.370171546936035,724.2874631881714,196.04669735052073,46077.58243530827,9093.588101510104,187.59624862670896,615.1962280273438,805.3418579101562,371.1773452758789,524.2955322265625,475.1914825439453,8.357609944982292,13.0,1.0,2.0,0.0,2193.80997477707,1774.2563253288329,19257.509634449223,1,0,0,0
2016,Sud,France,Spring_Barley,12517,3.926,9.760935147603352,14.6723051071167,25.222732543945312,17.50938828786214,1.7572962641716003,4.954967141151428,13.190739313761393,7.601009686787923,9.813636124134064,19.20673592885335,20.297656059265137,24.28801918029785,27.09215927124023,1.7106884717941284,9.717337965965273,12.03199323018392,883.2272511720657,1728.6062335968018,250.39566612243652,271.96514892578125,135.36827278137207,273.72530364990234,158.69691467285156,112.15464782714844,64.33261299133301,931.4543914794922,11.12023094080007,73965.04223022237,18324.56927581196,240.96124267578125,660.8565673828125,909.7218322753906,427.7041778564453,602.844482421875,550.9375,6.671066617774591,25.0,6.0,1.0,0.0,2668.9670100035473,2599.9826684568,22945.670464870054,1,1,0,0
2004,Est,France,Oats,42728,4.365,6.019989172617595,14.57748285929362,23.925570170084637,15.529293060302734,-0.0977606077988942,4.1612502336502075,12.613503456115724,7.493145783742269,9.369366546471912,18.26953681310018,20.709793090820312,23.694220542907715,24.388269424438477,1.1266368627548218,10.416232625643412,11.312066713968914,843.2429891824722,1644.258313179016,229.47437858581543,160.62070846557617,246.8087501525879,185.9695720672607,101.48329544067384,117.4582405090332,203.06057739257812,822.8734092712402,97.46075126745188,25799.011987983613,60914.55915188255,169.3035430908203,654.2715454101562,797.912109375,340.5748176574707,574.3302307128906,589.5094604492188,3.219870601355629,50.0,13.0,4.0,1.0,1504.914292567987,4509.081546707949,19090.50216241181,1,1,0,1
2004,Nord,France,Oats,12593,6.562,6.81196133295695,14.17328643798828,22.721026102701824,15.56043561299642,1.6254948774973552,4.912326335906982,12.586920420328775,8.239677588144938,9.542806386947632,17.6539732615153,19.471464157104492,22.10949993133545,23.94407844543457,2.4397382736206055,9.2609601020813,10.134105682373049,858.8525748252869,1588.857593536377,180.0696725845337,134.85136032104492,199.9755401611328,124.08111763000488,91.43175888061523,97.00057220458984,166.78255081176758,638.9776906967163,281.3564698419758,18184.88938043629,39990.21666273684,141.3909568786621,615.7617797851562,753.3732757568359,313.72887420654297,538.8726196289062,554.9656677246094,3.7485819177439024,30.0,9.0,4.0,0.0,1286.860422560244,3530.362838961718,17117.41386354905,1,0,0,1
2004,Ouest,France,Oats,36300,5.334,8.981989542643229,15.076415379842125,23.63335927327474,16.886321385701496,2.6746785640716553,5.459078947703044,13.08615239461263,9.038355191548664,10.267747163772585,18.359755833943684,21.253154754638672,23.491907119750977,23.916263580322266,2.7194509506225586,9.61733643213908,10.547206878662108,924.0972447395324,1652.3780250549316,221.43585968017575,165.08182525634766,178.74474906921387,177.90391731262207,118.20855712890624,79.35599327087402,161.36626434326172,743.1663513183594,177.16780922033274,27252.009029967303,31949.68531981623,185.7412872314453,663.2838134765625,821.0366058349609,354.27559661865234,591.0415954589844,608.1318969726562,4.567791883137606,25.0,8.0,0.0,0.0,1695.0184430662648,3281.7099495102993,19403.85308220769,1,0,0,1
2004,Sud,France,Oats,28577,3.514,7.940131823221843,14.193019231160482,24.986616134643555,16.82472864786784,0.3002460102240245,4.235304832458496,13.115801811218262,7.652104218800862,9.21416203180949,19.051208972930908,21.331148147583008,24.92194652557373,25.467662811279297,1.1412110328674316,9.957714398701986,11.870814323425291,829.274582862854,1714.6088075637815,239.10594940185547,223.6694107055664,177.99497604370117,216.60054779052737,161.2243881225586,60.43966293334961,156.4006309509277,857.3708839416504,62.96327659704173,50028.005285375344,31682.21149679775,238.68996047973633,690.4630737304688,919.1380004882812,421.4179229736328,654.2927856445312,631.3158264160156,5.134993287542752,41.0,14.0,5.0,1.0,2060.926191800433,3391.019484740382,22966.148392964504,1,1,0,0
2005,Est,France,Oats,35863,4.141,4.812640349070231,15.358482042948404,24.61280377705892,16.488113085428875,-0.9446573158105216,5.097314318021138,12.341830253601074,7.548173427581787,10.227898180484772,18.47731701532999,22.39185619354248,25.139875411987305,25.271638870239254,1.6929768323898315,10.261167724927263,12.270973523457844,920.5108362436296,1662.9585313796997,163.70045852661133,186.09405517578125,169.50360870361328,151.90177154541016,122.36367797851562,129.5812950134277,120.0378761291504,671.199893951416,249.1342665872761,34630.997371766716,28731.473363547644,168.0371856689453,625.5167999267578,849.3495330810547,359.05674743652344,593.922607421875,598.3877563476562,4.981416754395389,55.0,12.0,12.0,0.0,1903.3510483314055,3131.971913259111,20904.87339586061,1,1,0,0
2005,Nord,France,Oats,9636,6.113,6.288259983062744,14.481643676757812,23.147591908772785,16.478944142659504,1.2572030027707417,5.675541083017985,12.251171747843424,8.596081972122192,10.0785923798879,17.699381828308105,20.61505889892578,23.361533164978027,23.38355255126953,3.085522174835205,8.806102593739826,10.89642016092936,907.0733141899108,1592.9443645477295,128.2286148071289,148.42303848266602,176.39213943481445,144.2007179260254,91.96524047851562,124.68054962158205,136.0898475646973,597.2445106506348,323.08964988805735,22029.398352426957,31114.186854391024,149.22089004516602,579.5154266357422,802.048095703125,329.24463653564453,553.2760772705078,567.574951171875,4.521328274513822,33.0,8.0,10.0,0.0,1495.895304651206,3122.0318273689445,18565.48201054428,1,0,0,1
2005,Ouest,France,Oats,33278,5.151,7.926071484883626,15.657768885294596,24.6763973236084,17.66035334269206,2.018791913986206,6.229894479115804,13.002325693766275,9.061251719792685,10.9438316822052,18.839361508687336,21.6904935836792,24.74333095550537,24.828039169311523,3.78434944152832,9.427874406178791,11.674071629842125,984.944851398468,1695.5425357818604,152.603910446167,153.26740264892578,109.21059799194336,191.15795135498047,102.49307250976562,79.83740997314453,79.88093185424805,606.2398624420166,314.0942980966755,23490.89671474794,11926.954713757865,182.00495529174805,635.2925109863281,874.2037963867188,372.2268829345703,591.46533203125,592.2241821289062,7.932120978516286,26.0,9.0,8.0,0.0,1677.3326569586152,2057.457936150144,21572.200221445528,1,0,0,1
2005,Sud,France,Oats,25690,3.387,5.682480176289876,15.581202189127604,25.38285255432129,16.757495244344074,-2.0075994729995728,4.940386374791463,13.116981188456217,7.639197667439778,10.260794281959534,19.249916871388752,22.859838485717773,25.891283988952637,26.147315979003903,1.090153455734253,10.64081581433614,12.265871365865072,923.471485376358,1732.4925184249878,149.7438507080078,206.2294158935547,120.62703323364258,253.5763931274414,146.64458084106445,73.07870483398438,81.25710678100586,730.1766929626465,190.15746757604563,42530.57197979675,14550.881146750313,255.32840728759768,717.0655059814453,948.6335754394532,418.2715759277344,663.1514587402344,639.1996154785156,7.799529020963218,61.0,14.0,13.0,0.0,2116.0776113724405,2322.060362189868,24079.02617345826,1,1,0,0
2006,Est,France,Oats,30507,3.963,5.3107673327128095,14.298894246419271,25.39681752522787,18.07666047414144,-0.5158906976381937,4.908764759699504,13.233853340148926,9.22590414683024,9.603829503059387,19.3153354326884,21.718741416931152,27.47677326202393,30.27745056152344,1.3272998332977295,9.390129486719768,12.162964185078945,864.3446552753448,1738.3801889419556,160.11070251464844,265.9364547729492,203.76625061035156,231.28060913085935,167.03982543945312,75.58627319335938,169.48873138427734,861.0940170288086,59.240143509883524,70722.19797720487,41520.6848878006,159.2123565673828,583.7950134277344,874.0263366699219,344.05956649780273,664.8848266601562,564.1430511474609,4.268410121612771,51.0,19.0,6.0,5.0,2554.008370287468,3935.813480400188,22197.487384649387,1,1,0,0
2006,Nord,France,Oats,10797,5.623,5.957001209259033,13.50793425242106,24.033986409505207,17.869173685709637,1.1086180719236531,5.34094242254893,13.01175626118978,9.884966214497885,9.424438337484997,18.522871335347492,20.26921272277832,25.577282905578613,28.513263702392575,1.791646122932434,8.166991829872131,11.022230148315428,848.1994503736496,1667.0584201812744,175.1745376586914,192.47711181640625,211.33963012695312,147.547212600708,97.26667022705078,91.87525177001952,170.07167434692383,726.5384922027588,193.79566833593333,37047.438573185354,44664.43926219735,129.7729320526123,564.8014984130859,821.3602752685547,316.88411712646484,624.3100891113281,531.5108947753906,3.868144042529799,37.0,19.0,1.0,3.0,1813.9886716909252,3914.6167769014814,19740.5616931119,1,1,0,0
2006,Ouest,France,Oats,32100,5.04,7.593421300252278,14.909375190734863,25.126415888468426,18.805038770039875,1.909125566482544,6.312481959660848,13.736214637756348,10.63631502787272,10.610928575197857,19.43131526311239,21.56213092803955,26.41832160949707,28.433080673217773,3.785167932510376,8.596893231074016,11.390201250712078,954.983571767807,1748.8183736801147,220.12501525878903,215.1694450378418,120.63137817382812,274.14246368408203,155.4281234741211,68.39315414428711,101.66894912719728,830.068302154541,90.2658583841511,46297.89007789282,14551.929400117137,169.2408447265625,610.5773315429688,873.1620178222656,357.2535858154297,638.6513671875,575.6141204833984,7.178756262832079,33.0,9.0,0.0,2.0,2283.1476128615,2344.026339919389,21939.43199781653,1,0,0,0
2006,Sud,France,Oats,25327,3.218,7.290862560272217,15.643561681111654,25.74002456665039,19.057971000671387,-0.5816769401232401,5.381838083267212,13.57382901509603,9.555962085723875,10.512699882189434,19.65692679087321,22.469585418701172,27.323060035705566,29.4138126373291,2.5223195552825928,10.261723597844442,12.16619555155436,946.142989397049,1769.1234111785889,170.21800231933594,220.3478546142578,176.14671325683594,259.8867492675781,158.31124114990234,98.37969207763672,137.62845993041992,826.5993194580078,93.7348410806843,48553.1770331061,31027.66459118598,248.52472686767575,703.6942138671875,939.9056396484376,429.060791015625,669.6233215332031,629.7427673339844,5.30580343472541,57.0,11.0,2.0,0.0,2316.4508652440027,3462.5030469425596,24193.19425488403,1,0,0,0
2007,Est,France,Oats,31609,3.498,8.11901601155599,17.551306406656902,22.667449951171875,14.273257891337076,1.9316270351409912,6.108359018961589,12.659634908040363,5.284036596616109,11.829832712809246,17.66354242960612,21.445338249206543,22.834867477416992,22.84998321533203,2.0930428504943848,11.442947387695312,10.00781504313151,1064.684944152832,1589.7188186645508,239.99061584472656,202.55612754821777,316.72157287597656,134.0729465484619,96.22626304626463,209.90240478515625,216.11876678466797,893.3412628173828,26.992897721309305,41028.98480732986,100312.55472503252,169.17560195922852,677.2527008056641,744.7481231689453,360.9089584350586,518.5636291503906,494.62901306152344,2.3440275598146423,23.0,7.0,13.0,0.0,2396.205103849869,5594.424940866399,16881.540808161255,1,0,0,0
2007,Nord,France,Oats,8752,5.496,8.713521957397461,16.711120923360188,21.60576629638672,14.588984807332356,3.46282958984375,6.572430849075317,12.653850237528482,6.733707586924235,11.641775886217753,17.1298082669576,20.01307201385498,21.629300117492676,21.930644989013672,3.300952672958374,10.13869007428487,8.951916058858236,1047.7598297595978,1541.682744026184,209.15064239501953,148.7304768562317,277.0137405395508,137.14520645141602,67.369957447052,200.48155212402344,182.52103424072263,772.040066242218,148.2940942964741,22120.75474588207,76736.61244771356,142.53630828857422,636.4037780761719,698.1141662597656,319.3259048461914,484.2168884277344,455.42535400390625,2.511077923360592,21.0,0.0,7.0,0.0,1731.4868790105456,4745.192262755245,15083.291524405358,1,0,0,1
2007,Ouest,France,Oats,21060,4.318,10.24343999226888,16.8724152247111,21.700401941935223,16.11888885498047,4.346127827962239,7.374694744745891,12.766599337259928,7.06841246287028,12.123554984728496,17.233500639597576,19.846903800964355,21.51273822784424,22.075729370117188,3.821314573287964,9.49772047996521,8.933802604675295,1091.1199486255646,1551.0150575637815,249.05371856689453,217.78436088562012,264.7252655029297,110.0286922454834,114.88297080993652,198.86251068115232,164.75819396972656,841.5920372009277,78.74212333776438,47430.02784635802,70079.46619559661,178.94803619384766,642.4512329101562,755.262939453125,385.4679946899414,518.0363311767578,480.87669372558594,2.842269958875243,17.0,1.0,4.0,0.0,2640.3206740107694,4562.143032362377,16389.5093579803,1,0,0,0
2007,Sud,France,Oats,23626,3.218,9.2734325726827,16.60965887705485,23.440876642862957,15.653034845987955,1.442717367472748,6.412826061248779,12.520744959513346,5.791658600171407,11.511242469151815,17.980810801188152,20.826799392700195,23.276487350463867,23.983707427978516,2.396994113922119,10.196832815806072,10.920131683349611,1036.011822223663,1618.2729721069336,212.22041702270508,254.2445831298828,238.04326629638672,142.2574005126953,117.93804931640624,153.2820816040039,148.0946044921875,846.7656669616699,73.5684935770222,64640.30805088789,56664.59662905248,243.2098922729492,680.4949340820312,861.5155639648438,462.6270294189453,601.4281616210938,546.5371704101562,3.6040151948754815,28.0,6.0,9.0,0.0,2926.6710428765064,4280.210933772178,20194.680060806415,1,0,0,0
2008,Est,France,Oats,30066,4.287,7.737405618031819,14.774821917215982,23.339887619018555,14.319281260172524,0.6329409182071686,5.447246948877971,12.396590868631998,5.9385303656260175,10.111034433046976,17.868239243825276,21.783509254455566,23.39538192749023,24.65738868713379,2.4103453159332275,9.327574968338013,10.943296750386557,909.993098974228,1608.141531944275,172.04926300048828,278.45068359375,205.11024475097656,212.45721435546875,200.11241149902344,123.6098403930664,146.08901977539062,868.0674057006836,52.266754838008524,77534.78319382668,42070.21250180551,192.3968620300293,593.2266540527344,792.9345550537109,330.837345123291,563.8802795410156,545.7558288574219,3.847138001372704,45.0,13.0,6.0,3.0,2815.424449721875,3664.9589245700063,18507.003404190094,1,0,0,0
2008,Nord,France,Oats,7655,6.347,7.955069224039714,14.749836285909018,22.17722002665202,14.427213350931805,2.1206225752830505,6.113186438878377,12.321287155151367,6.8644782702128095,10.431511362393698,17.249253590901695,20.87104034423828,22.137110710144043,23.43893241882324,3.658242464065552,8.63664984703064,9.855932871500652,938.8360226154329,1552.4328231811523,132.31502151489258,233.14278411865232,171.8446388244629,186.77525329589844,160.00501251220703,85.0699577331543,136.63247680664062,724.0776977539062,196.25646278478587,54355.55778659653,29530.5798927101,164.06420135498047,589.0189971923828,746.0000457763672,308.6728515625,538.8743896484375,541.1444396972656,4.316014953370859,33.0,8.0,3.0,3.0,2432.031601593823,2964.1917533200713,16544.207155074975,1,0,0,0
2008,Ouest,France,Oats,29961,5.239,9.983787695566813,15.334803899129232,22.549496332804363,15.47876516977946,2.8973962863286338,6.662678400675456,12.523537317911783,7.542023499806722,10.998741149902344,17.536516825358074,21.1373233795166,22.58184814453125,23.453222274780273,4.472926616668701,8.672125498453777,10.02595901489258,989.8867034912108,1578.2865142822266,210.62201309204104,276.4026107788086,152.2973976135254,234.5007438659668,177.11638641357422,89.77253723144531,113.5202980041504,873.8227653503418,46.51139518835032,76398.40324534156,23194.49731985225,204.749698638916,615.9177856445312,815.9642791748047,351.22947692871094,589.221923828125,566.1437072753906,5.322753627115796,22.0,4.0,0.0,1.0,3040.080769113323,2670.7658757078366,18399.583520951615,1,0,0,0
2008,Sud,France,Oats,21248,3.494,9.435287952423096,14.75071620941162,24.0172856648763,15.507511456807457,0.9839812082548935,5.331174453099568,12.61395263671875,6.419172843297322,10.040945331255594,18.315619150797524,20.94212245941162,23.65217113494873,25.00770378112793,2.1867258548736572,9.419541756312054,11.403333028157553,903.6850798130037,1648.4057235717771,233.2388916015625,351.8583221435547,199.62039184570312,303.7022018432617,213.19641113281253,139.75347900390625,119.82427978515624,1088.419807434082,168.0856468953899,123804.2788616775,39848.30084063206,262.9848403930664,643.4010009765625,891.6534729003906,405.5596237182617,616.2418212890625,547.1201782226562,4.444480766372743,36.0,7.0,5.0,1.0,3532.9901769907524,3656.171071778866,21415.09617272772,1,0,0,0
2009,Est,France,Oats,35614,4.593,5.314071337381999,16.254872004191082,24.823930740356445,16.64990297953288,-1.3839214937761426,5.620269298553467,12.486722946166992,7.267072518666585,10.937570651372274,18.65532684326172,21.66393566131592,23.74048137664795,26.99082946777344,1.3924341201782229,10.634602705637615,12.337207794189451,984.3813586235046,1678.9794158935547,194.53409957885745,160.84084701538086,200.5143699645996,186.6838722229004,106.32540130615234,168.94383239746094,119.59113693237305,742.5731887817383,177.76097175695384,25869.77806862515,40206.012562300326,168.4541893005371,645.8183898925781,869.3492431640625,348.21228790283203,588.2803039550781,575.0844421386719,4.314080645051678,53.0,10.0,4.0,0.0,1759.2081278572875,3740.6611084603064,21580.66540148598,1,1,0,1
2009,Nord,France,Oats,8970,6.354,5.516240199406941,15.391186078389486,23.626492818196613,16.359098116556805,-0.2227992018063863,5.889743248621623,12.32308260599772,8.645788351694742,10.640464663505554,17.974787712097168,19.96619129180908,22.586410522460938,25.70665740966797,2.3890669345855713,9.501442829767864,11.303410212198893,957.6418197155,1617.7308940887451,176.95536422729492,143.58612823486328,142.22074699401855,198.99957847595215,86.75422286987305,123.12847137451172,82.98026084899902,661.7618179321289,258.5723426065632,20616.9762214786,20226.74087553664,149.25018692016602,614.8461303710938,833.8534240722656,314.55467987060547,574.3724365234375,548.837158203125,5.822155250363905,39.0,4.0,1.0,0.0,1527.82312365264,2556.387735473365,19701.03193527204,1,0,0,1
2009,Ouest,France,Oats,31470,5.433,7.948819160461426,15.916287740071615,23.864619572957356,17.78408972422282,1.2243277778228123,6.172426064809163,12.633178075154625,9.364187558492024,11.04435690244039,18.24889882405599,21.076566696166992,23.1909704208374,25.211917877197266,3.052799701690674,9.743861675262451,11.231441497802733,993.992121219635,1642.400894165039,245.6731109619141,170.25941467285156,132.63056564331055,250.01158142089844,113.91638565063477,109.93627166748048,77.30024719238281,798.5746726989746,121.75948783971751,28988.268284742026,17590.866942864508,191.59100341796875,661.1342926025391,866.0258483886719,365.8338050842285,601.4899291992188,585.7800903320312,6.480746708056942,29.0,2.0,0.0,0.0,1880.405741647569,2420.3617734020904,20667.377412143294,1,0,0,1
2009,Sud,France,Oats,24226,3.596,7.229782740275065,16.097704887390137,25.896982192993164,17.7691167195638,-0.5523309310277303,5.811385989189148,13.414357503255207,7.9705491065979,10.954545438289642,19.655669848124187,22.53229522705078,25.081374168395996,27.5281982421875,1.7629777193069458,10.286318898200989,12.482624689737955,985.9090894460678,1769.0102863311768,246.2407341003418,224.61358642578125,158.24591064453125,237.8905906677246,171.10528564453125,105.3373908996582,94.98211669921876,866.9908218383789,53.34333870031321,50451.2632070519,25041.76823571697,239.15221786499023,702.3821105957031,947.4417114257812,432.6259765625,652.6334838867188,616.7626647949219,5.949551279471539,51.0,7.0,2.0,0.0,2460.5397385584183,3110.4293744446672,24535.881129692425,1,1,0,0
2010,Est,France,Oats,29173,4.312,3.380329012870789,14.72510846455892,24.338653564453125,14.43553066253662,-1.981672614812851,4.2379491329193115,12.717268308003744,6.081420818964641,9.481528798739117,18.527960936228435,19.840042114257812,24.94562530517578,26.93451690673828,1.5581705570220947,10.487159331639608,11.62138525644938,853.3375918865204,1667.516484260559,238.21664810180664,151.31012725830078,235.1943359375,211.57380294799805,79.17156982421875,125.22242736816406,169.82093811035156,836.2949142456055,84.03924629308665,22894.754610923177,55316.3756570816,147.17739486694336,636.4522705078125,815.0299072265625,346.4171333312988,584.44189453125,507.635009765625,3.4506750722516464,60.0,12.0,10.0,0.0,1434.6513291404594,4357.671468672188,19836.730556655675,1,1,0,1
2010,Nord,France,Oats,10284,5.991,3.4973793029785156,14.28728453318278,23.3341433207194,14.399869283040363,-1.2419212659200032,4.498441696166992,12.68438752492269,7.0943552652994795,9.392863114674885,18.009265422821045,19.307377815246586,23.979673385620117,25.70867347717285,2.9230451583862305,9.788842837015787,10.649755795796713,845.3576803207397,1620.833888053894,178.4691047668457,95.80786514282228,195.0100250244141,208.6397819519043,58.67739486694336,94.5653839111328,150.77082443237305,677.9267768859863,242.4073836527058,9179.147023225218,38028.9098600226,134.66294860839844,649.2163696289062,791.8502960205078,319.5722999572754,578.9486083984375,539.5930786132812,4.039845900340448,56.0,8.0,8.0,0.0,899.9101625957609,3511.987300775647,18477.148295896615,1,0,0,1
2010,Ouest,France,Oats,26769,4.859,6.201535860697429,15.37493578592936,23.906516393025715,16.148520787556965,0.2108174761136373,5.472723166147868,12.89671516418457,7.645853996276856,10.423829476038614,18.40161577860514,20.16977596282959,24.28129482269287,25.823989868164062,3.3001627922058105,9.902212619781494,11.009801228841145,938.1446528434752,1656.145420074463,230.38419342041016,119.3570556640625,125.17587852478027,261.50139236450195,79.67009353637695,78.5424633026123,72.68736839294434,736.4185199737549,183.91564056493723,14246.106736794114,15669.000564450547,182.74174118041992,691.3840637207031,844.4426879882812,368.6104049682617,606.5072326660156,561.8009643554688,6.692584175844967,44.0,10.0,7.0,0.0,1244.1575950042363,2303.438421362357,20187.682963362546,1,0,0,1
2010,Sud,France,Oats,17586,3.69,5.692493915557861,14.69156297047933,24.623257954915363,15.592031160990397,-1.541410764058431,4.599736213684082,13.17283058166504,6.477459351221721,9.645649592081709,18.8980442682902,19.410003662109375,24.462058067321777,26.861860275268555,1.32550048828125,10.091826756795248,11.450427373250324,868.1084632873535,1700.8239841461182,232.13257598876953,220.68414306640625,176.93996047973633,309.81903076171875,109.53243255615234,135.46092987060547,77.69742965698242,939.5757102966307,19.24154975793863,48701.49100095406,31307.749614570657,223.8115005493164,689.6618041992188,903.2018737792968,424.7989273071289,617.6435852050781,540.2325744628906,5.075879927949927,58.0,13.0,8.0,0.0,2128.6419145473824,3343.8192059755756,22239.772723430535,1,1,0,0
2011,Est,France,Oats,25160,3.955,7.439804077148437,18.543145179748535,23.31695810953776,17.293601671854656,1.4410840570926666,5.483163754145305,12.090628623962402,7.6784294446309405,12.01315446694692,17.703793366750084,22.764412879943848,22.74166774749756,24.467538833618164,2.532270669937134,13.05998142560323,11.22632948557536,1081.1839020252228,1593.341403007507,246.35595893859863,81.55303001403809,255.13026428222656,116.48855781555176,48.92008018493652,163.25589752197266,185.2471923828125,699.527811050415,220.80634948827708,6650.896704470597,65091.45175271877,147.22180557250977,757.6412353515625,786.5268096923828,369.2334709167481,535.0621643066406,594.1911010742188,3.0708077856262985,29.0,10.0,2.0,1.0,979.709146806198,4516.773480456878,18339.41267362567,1,0,0,1
2011,Nord,France,Oats,5929,5.562,8.205366929372152,17.424494743347168,21.882671356201172,16.87041187286377,3.0341195265452066,6.133149941762288,11.98575528462728,8.746333122253418,11.778822342554728,16.934213320414226,20.961463928222656,21.51576232910156,22.61648941040039,3.1780996322631836,11.29134480158488,9.896916071573893,1060.0940108299255,1524.0791988372805,239.85279083251953,40.68970203399658,231.5869903564453,110.22260665893556,31.78154754638672,132.90086364746094,164.48255157470703,622.352089881897,297.98207065679514,1655.6518516154256,53632.534102356294,128.85962677001953,714.0905303955078,722.478271484375,329.00903701782227,503.6226501464844,567.3504943847656,3.1062712079345416,16.0,8.0,0.0,0.0,479.2767714299335,3921.7434969287574,15809.754576888869,1,0,0,1
2011,Ouest,France,Oats,23716,4.796,9.994612534840902,18.190595626831055,22.356024424235027,18.61925792694092,4.065717538197835,6.903101444244385,12.329132715861002,9.917105992635092,12.54684853553772,17.342578570048016,21.304479598999023,21.946925163269043,23.174222946166992,4.24153470993042,11.28749418258667,10.026891708374023,1129.2163681983948,1560.8320713043213,268.10269927978516,51.34034156799317,206.0816650390625,113.2443389892578,32.146697998046875,119.78549194335938,153.43618774414062,638.7690448760986,281.5651156625935,2635.830672318207,42469.652665272355,166.68674850463867,737.3731079101562,783.7333831787109,367.5530242919922,545.4226379394531,588.9250183105469,3.7846584970758888,13.0,4.0,0.0,0.0,644.1594894163813,3573.9874677862585,17521.16265643161,1,0,0,1
2011,Sud,France,Oats,18170,3.009,8.893346786499023,18.04396470387777,23.84739367167155,19.01848538716634,1.0525602300961812,6.405131657918294,12.480375607808432,8.594983100891113,12.22454818089803,18.16388463973999,22.261876106262207,22.626490592956543,26.28919982910156,2.961212158203125,11.638833045959473,11.36701806386312,1100.2093362808228,1634.7496175765991,202.0816421508789,142.3675422668457,221.62519454956055,212.3774871826172,100.08355331420898,167.34249114990234,153.67940139770508,778.4518661499023,141.88229438878977,20268.517091102098,49117.72685913056,240.1331367492676,781.644287109375,869.534912109375,461.1261749267578,579.9117431640625,609.5218811035156,3.905824378362531,34.0,6.0,0.0,0.0,1740.378879837092,4025.57446705815,20736.141360334583,1,0,0,1
2012,Est,France,Oats,26241,4.576,5.773228804270427,16.292531967163086,23.90856552124023,15.629958152770996,-0.332220991452535,5.478272199630737,12.757238070170084,6.737101793289185,10.885402083396912,18.33290179570516,21.029239654541016,22.649958610534668,26.425779342651367,2.990437269210815,10.814259767532349,11.15132745107015,979.686187505722,1649.9611616134644,209.5479431152344,203.37265396118164,218.2434844970703,246.4818115234375,120.02980422973631,182.84222412109375,115.9398193359375,877.6458930969238,42.68826744176829,41360.43637921453,47630.21852542297,179.8901824951172,646.6141357421875,804.8074493408203,337.29256439208984,535.7317657470703,531.0014801025391,3.670838616650314,39.0,5.0,4.0,2.0,2213.793111135006,4001.0363688372913,19241.791634547233,1,0,0,0
2012,Nord,France,Oats,8779,6.249,6.919937451680501,15.011284510294596,22.390208562215168,14.879499117533364,1.31918207804362,5.695845444997151,12.350056966145834,7.457139492034912,10.353564977645874,17.3701327641805,19.198122024536133,21.08979225158691,24.99104118347168,4.066573619842529,9.315439065297443,10.040151596069334,931.8208479881288,1563.3119487762451,184.24478244781497,161.43390655517578,224.8350524902344,220.42203521728516,119.40572357177734,198.4051513671875,124.3703842163086,790.9357767105103,129.39838382818186,26060.906185665222,50550.80082828645,158.35581970214844,597.0933990478516,749.0280914306641,309.4424018859863,493.3057403564453,492.26930236816406,3.316704307729438,32.0,4.0,2.0,2.0,1671.4164411142249,3905.414711796863,16770.89518609054,1,0,0,1
2012,Ouest,France,Oats,26744,5.447,8.736613114674887,15.945927302042644,22.799969991048176,16.351579030354817,2.5514017740885415,6.150364398956299,12.881831487019856,8.376075267791748,11.04814585049947,17.840900739034016,19.962666511535645,21.66447162628174,25.070966720581055,4.35949182510376,9.795562903086344,9.91813850402832,994.3331265449524,1605.6810665130615,207.48403549194336,216.35868453979492,172.39258766174316,287.4145088195801,158.90888595581055,141.42510604858398,92.44783973693848,883.6498165130615,36.684344025630594,46811.080375790494,29719.2042807118,197.71269989013672,653.5662384033203,797.2901000976562,349.5446014404297,529.9920654296875,526.16357421875,4.598178681392204,28.0,2.0,1.0,0.0,2390.362302817859,3075.63904461838,18178.19035638636,1,0,0,0
2012,Sud,France,Oats,19340,3.589,6.931207180023193,16.242231051127117,25.473276774088543,17.144915262858074,-0.9068849484125772,5.5642391840616865,13.385276794433594,7.921372413635254,10.903235117594402,19.42927678426107,21.896278381347656,24.33701515197754,27.745800018310547,2.9868593215942383,10.67799186706543,12.087999979654947,981.291160583496,1748.634910583496,165.53643035888672,265.76629066467285,167.66812896728516,265.3233871459961,175.9073429107666,116.4984245300293,98.44708251953124,864.2942371368408,56.0399234018513,70631.72125365937,28112.601471390168,267.0319061279297,707.8656768798828,929.5444946289062,408.9208221435547,635.7523498535156,600.4781188964844,5.511085587539781,46.0,5.0,5.0,1.0,2897.7123534478624,3257.6704856045644,23678.54418551239,1,0,0,0
2013,Est,France,Oats,33875,4.226,5.432959238688151,12.625350952148438,24.77087910970052,15.371782302856444,-0.4432236918558677,4.124277094999949,12.693920453389486,7.734974543253581,8.374814023574194,18.732399781545,18.493767738342285,24.60413074493408,27.511398315429688,0.674733579158783,8.501073857148487,12.076958656311032,753.7332621216774,1685.9159803390503,188.99491119384768,277.34199142456055,179.15761947631836,313.08409881591797,144.97300338745117,129.41076278686523,105.97334671020508,958.5786209106444,38.2444603719523,76918.58020734102,32097.452616421288,156.226318359375,524.3384857177734,876.8678894042969,314.630615234375,603.6116333007812,474.1934051513672,4.8672262208680035,50.0,16.0,4.0,3.0,2322.687599108403,3356.0521519403087,21720.788483612083,1,1,0,0
2013,Nord,France,Oats,11704,6.175,6.076951026916504,11.85071881612142,23.410600662231445,15.362248738606771,1.032478893796603,4.032339910666148,12.6222349802653,8.251973946889242,7.941529363393784,18.01641782124837,17.549525260925293,22.995783805847168,25.89131546020508,0.8707638382911682,7.818378905455272,10.788365681966146,714.7376427054405,1621.4776039123535,152.45107650756836,154.88598823547363,163.0925636291504,246.64278411865232,70.24463844299316,120.71488189697266,100.89399337768556,717.0724124908447,203.2617480478474,23989.669351679277,26599.18431112847,141.81756591796875,544.0298767089844,822.8931121826172,296.9719009399414,565.9343719482422,467.9096374511719,5.0148105068451345,35.0,15.0,1.0,4.0,1230.031623550278,2938.343769881309,19264.422037008073,1,1,0,1
2013,Ouest,France,Oats,29085,5.174,8.460830688476562,13.332183837890623,23.982497533162434,17.129348119099934,2.406494935353597,5.029698848724365,13.01201629638672,9.3146120707194,9.180941343307495,18.497256914774574,18.1002516746521,23.52777671813965,26.703529357910156,2.765977382659912,8.30248498916626,10.970481236775717,826.2847208976746,1664.753122329712,247.48133087158203,221.7466163635254,124.26267623901369,267.2821617126465,140.26813125610352,104.64873886108398,70.76789093017578,860.7727851867676,59.56137535192454,49171.56186867251,15441.212706081931,178.71217346191406,597.6572723388672,864.8929748535156,340.3440933227539,585.2491760253906,501.9447937011719,6.9046343318037815,18.0,9.0,2.0,2.0,2035.8426779104368,2298.51864731049,20742.293635873957,1,0,0,0
2013,Sud,France,Oats,19017,3.49,7.42040999730428,13.489964485168455,24.78753089904785,16.49288813273112,-0.5217780967553457,4.4523866176605225,13.013344764709473,8.0280970732371,8.97117555141449,18.900437831878666,18.198606491088867,24.441737174987793,27.74647331237793,2.1868722438812256,9.037577867507936,11.77418613433838,807.4057996273041,1701.0394048690796,241.1237335205078,354.9777526855469,175.59317016601562,295.41527557373047,209.2261199951172,129.06320190429688,111.3527374267578,1067.1099319458008,146.77577140710866,126009.20490168128,30832.96140895132,250.09809112548828,615.6636810302734,935.923370361328,399.6636428833008,636.2933349609375,540.6733245849609,5.299884301762432,58.0,7.0,8.0,0.0,3184.567736188638,3318.7877964252693,23199.229461972427,1,0,0,0
2014,Est,France,Oats,34945,3.831,8.133421738942465,16.747775395711262,23.59144465128581,17.677896817525227,2.454635659853617,5.134011189142863,12.547590255737305,8.589032332102457,10.940893292427065,18.06951745351156,21.461939811706543,24.409855842590332,24.507368087768555,2.0835378170013428,11.613764206568398,11.043854395548504,984.6803963184356,1626.25657081604,228.0542907714844,128.52609252929688,287.52620697021484,199.6034889221191,52.740333557128906,181.6092758178711,241.13758850097656,843.7100791931152,76.62408134557688,16518.956460849382,82671.31969467882,149.97846603393555,674.0628356933594,798.9369354248047,367.6817817687988,568.7882690429688,585.6431579589844,2.7690272707438344,12.0,5.0,0.0,0.0,1406.1902636556442,5195.459815190274,18848.076491942185,1,0,0,1
2014,Nord,France,Oats,11257,5.931,8.629271984100342,16.00032615661621,22.23600196838379,17.147672017415363,3.370965321858724,6.0439291795094805,12.403708457946776,9.390907764434814,11.022127668062843,17.319855213165283,19.64576816558838,22.777135848999023,23.8865966796875,3.386883497238159,9.956396977106731,9.832293510437012,991.991490125656,1558.7869691848755,227.1735382080078,148.308443069458,265.3539390563965,138.27353477478027,59.19971656799317,159.20586776733398,206.81101989746097,779.1094551086426,141.22470543004954,21995.394285686667,70412.71297274578,140.09035682678223,635.928466796875,770.6673431396484,337.5898666381836,553.9470062255859,553.2064056396484,2.893395704489548,9.0,2.0,0.0,0.0,1634.6745937631963,4595.8918046998715,17136.560559022328,1,0,0,1
2014,Ouest,France,Oats,28927,5.202,10.210051854451498,16.227530479431152,23.117048899332683,18.954235394795734,4.394484281539917,6.4844902356465655,12.894550005594889,10.096189816792808,11.356010357538858,18.005799452463787,20.387840270996097,23.799562454223633,24.705015182495117,4.141756057739258,9.743040243784588,10.222498893737797,1022.0409321784972,1620.5219507217407,340.7639808654785,190.90195846557617,226.0642204284668,192.8829774856567,106.6052131652832,115.33414840698242,180.24417114257812,950.6131372451782,30.278976706486105,36443.55774599257,51105.031757930425,173.35882186889648,664.3282470703125,846.6189270019531,393.8101463317871,605.3787536621094,585.1782836914062,3.728543957319193,5.0,0.0,0.0,0.0,2167.884617609536,4070.467016412541,19571.33113460472,1,0,0,0
2014,Sud,France,Oats,20681,3.517,8.864996433258057,16.20931911468506,23.78095245361328,19.17291005452474,2.02550462881724,5.462972323099772,12.85814889272054,9.28380823135376,10.836145718892416,18.319550673166912,21.2674560546875,24.084237098693848,24.508455276489254,2.7101845741271973,10.746346791585283,10.92280356089274,975.2531147003174,1648.759560585022,317.7835159301758,197.31851196289065,254.4852752685547,300.5017395019531,121.21153259277344,179.5821533203125,197.93151092529297,1070.0890426635742,149.7548821248821,38934.59516324941,64762.75532851205,212.5742225646973,725.6498870849609,871.8224182128906,446.7010345458984,601.2546081542969,612.8806762695312,3.412417476101,13.0,3.0,0.0,0.0,2138.1721486648994,4662.055895857118,20732.767475514906,1,0,0,0
2015,Est,France,Oats,30054,4.324,7.811268488566081,16.157710393269856,26.60752995808919,15.506586074829102,1.1722946763038635,4.844591895739238,13.473663647969564,7.001156171162923,10.501151144504547,20.040596803029377,21.93449306488037,26.432294845581055,28.358631134033203,1.939555525779724,11.313118497530615,13.133866310119627,945.1036030054092,1803.653712272644,155.8465747833252,174.09525680541992,142.71910667419434,196.496280670166,113.59868621826172,62.41653251647949,102.50583457946776,669.1572189331055,251.17694160558665,30309.15844214511,20368.743409880062,171.97002410888672,663.7040710449219,886.4155120849609,345.92274475097656,631.9744873046875,588.010986328125,6.167694279469957,36.0,11.0,4.0,3.0,1828.2006052550485,2860.1760729460675,23585.32729311557,1,1,0,1
2015,Nord,France,Oats,8263,6.047,8.431376616160074,15.061688423156738,24.131585439046223,15.384875297546388,2.953554292519887,5.260952711105347,12.563344955444336,7.931969324747722,10.161320567131042,18.34746519724528,20.097966194152832,23.677090644836422,25.04057502746582,2.9520885944366455,9.800735712051392,11.568240483601889,914.5188510417938,1651.2718677520752,161.83319473266602,115.42389106750488,152.69285011291504,190.13662338256836,65.13047218322754,66.1115894317627,128.63948822021484,620.0865592956543,300.2476012430378,13322.674629163232,23315.10647560514,155.03747940063477,634.0618591308594,824.1042633056641,317.5239486694336,591.1573181152344,577.6952209472656,5.362020827255212,27.0,5.0,1.0,1.0,1172.8591582425304,2801.5267533148985,19886.942440642877,1,0,0,1
2015,Ouest,France,Oats,23326,5.595,10.190938631693522,16.096831957499187,24.227549235026043,16.99130344390869,3.7202979723612466,6.667294502258301,13.058854420979818,8.804455757141113,11.382063229878744,18.64320182800293,20.8244571685791,24.10431957244873,24.94573974609375,4.331230640411377,9.429537455240888,11.168694814046225,1024.385690689087,1677.8881645202637,202.7638168334961,144.15534210205078,186.3865547180176,173.5779151916504,84.4819107055664,78.54555892944336,148.23472213745117,706.8836288452148,213.45053169347727,20780.762656559295,34739.94777965256,187.7599334716797,644.5932312011719,853.4783477783203,375.3134536743164,612.0690002441406,591.782470703125,4.5546402678818065,20.0,2.0,0.0,0.0,1640.785218730343,3474.8421576341134,20677.688691827934,1,0,0,1
2015,Sud,France,Oats,21217,3.322,9.17287047704061,16.50608476003011,26.756282806396484,16.846927007039387,0.956005041797956,6.074195782343547,14.195404688517252,7.062490781148274,11.290140271186829,20.475843747456867,22.685585021972656,27.040762901306152,28.800827026367188,3.3746325969696045,10.431888977686562,12.560878117879232,1016.1126244068146,1842.8259372711184,173.0079689025879,179.24917221069336,191.9930648803711,219.27363204956055,136.21891021728516,104.1550521850586,120.80587768554688,763.5238380432129,156.81032249547923,32130.265738218804,36861.336962158384,247.8548812866211,709.8690185546875,958.800048828125,437.38401794433594,676.7543640136719,627.592529296875,4.96805441906655,35.0,4.0,4.0,1.0,2023.748297752852,3931.2199970858273,25653.92526123207,1,0,0,1
2016,Est,France,Oats,28186,3.727,7.376485824584961,14.10621420542399,24.63562838236491,16.0666348139445,0.9821478525797526,4.6004371245702105,13.120067596435549,6.907668352127075,9.3533256649971,18.87784798940023,20.05195426940918,23.63209819793701,26.642688751220703,1.342965006828308,9.50577708085378,11.515560785929363,841.7993098497391,1699.0063190460205,211.22969436645508,316.0870132446289,177.90034103393555,179.73553085327148,171.95154571533203,151.5376968383789,62.48215103149414,884.952579498291,35.3815810404011,99910.9999419102,31648.53133999057,166.49979782104492,566.5205535888672,797.9689788818359,352.4285125732422,520.8734588623047,461.3347625732422,4.460410607772231,41.0,14.0,6.0,4.0,2956.464773353266,3358.3755953010955,19658.467224388103,1,1,0,0
2016,Nord,France,Oats,8715,5.635,7.778411865234375,13.910153071085611,23.219703674316406,15.909049987792969,2.111994425455729,5.137740055720012,13.176427523295084,7.840669631958008,9.523946563402813,18.198065598805744,19.422218322753903,22.23072624206543,25.19765853881836,2.4265992641448975,8.7724130153656,10.043276151021322,857.155190706253,1637.825903892517,171.09628295898438,256.1278953552246,146.11273574829102,144.50315475463867,129.80400466918945,113.70744323730467,56.5025749206543,717.8400688171387,202.49409172155345,65601.49877909689,21348.93154784992,159.92658233642578,570.2767333984375,747.8565368652344,331.896484375,490.4642028808594,447.0628356933594,5.083560801593768,27.0,9.0,4.0,2.0,2439.3483887599864,2658.969149968369,17365.007176911226,1,0,0,0
2016,Ouest,France,Oats,22114,4.533,9.939315795898438,14.781821568806969,23.91221745808919,17.387437502543133,3.5424250761667886,5.658332268397014,13.29941463470459,8.402183850606283,10.22007691860199,18.60581604639689,19.81407356262207,22.71887588500977,26.298900604248047,3.326455354690552,9.123489300409954,10.612802823384602,919.8069226741792,1674.5234441757202,259.35428619384766,214.6568946838379,95.36030673980711,154.9159755706787,138.91370010375977,76.19690036773682,30.370171546936035,724.2874631881714,196.04669735052073,46077.58243530827,9093.588101510104,187.59624862670896,615.1962280273438,805.3418579101562,371.1773452758789,524.2955322265625,475.1914825439453,8.357609944982292,13.0,1.0,2.0,0.0,2193.80997477707,1774.2563253288329,19257.509634449223,1,0,0,0
2016,Sud,France,Oats,19902,3.324,9.760935147603352,14.6723051071167,25.222732543945312,17.50938828786214,1.7572962641716003,4.954967141151428,13.190739313761393,7.601009686787923,9.813636124134064,19.20673592885335,20.297656059265137,24.28801918029785,27.09215927124023,1.7106884717941284,9.717337965965273,12.03199323018392,883.2272511720657,1728.6062335968018,250.39566612243652,271.96514892578125,135.36827278137207,273.72530364990234,158.69691467285156,112.15464782714844,64.33261299133301,931.4543914794922,11.12023094080007,73965.04223022237,18324.56927581196,240.96124267578125,660.8565673828125,909.7218322753906,427.7041778564453,602.844482421875,550.9375,6.671066617774591,25.0,6.0,1.0,0.0,2668.9670100035473,2599.9826684568,22945.670464870054,1,1,0,0
2004,Est,France,Oilseed_Rape,687445,3.584,6.019989172617595,14.57748285929362,23.925570170084637,15.529293060302734,-0.0977606077988942,4.1612502336502075,12.613503456115724,7.493145783742269,9.369366546471912,18.26953681310018,20.709793090820312,23.694220542907715,24.388269424438477,1.1266368627548218,10.416232625643412,11.312066713968914,843.2429891824722,1644.258313179016,229.47437858581543,160.62070846557617,246.8087501525879,185.9695720672607,101.48329544067384,117.4582405090332,203.06057739257812,822.8734092712402,97.46075126745188,25799.011987983613,60914.55915188255,169.3035430908203,654.2715454101562,797.912109375,340.5748176574707,574.3302307128906,589.5094604492188,3.219870601355629,50.0,13.0,4.0,1.0,1504.914292567987,4509.081546707949,19090.50216241181,1,1,0,1
2004,Nord,France,Oilseed_Rape,163436,3.91,6.81196133295695,14.17328643798828,22.721026102701824,15.56043561299642,1.6254948774973552,4.912326335906982,12.586920420328775,8.239677588144938,9.542806386947632,17.6539732615153,19.471464157104492,22.10949993133545,23.94407844543457,2.4397382736206055,9.2609601020813,10.134105682373049,858.8525748252869,1588.857593536377,180.0696725845337,134.85136032104492,199.9755401611328,124.08111763000488,91.43175888061523,97.00057220458984,166.78255081176758,638.9776906967163,281.3564698419758,18184.88938043629,39990.21666273684,141.3909568786621,615.7617797851562,753.3732757568359,313.72887420654297,538.8726196289062,554.9656677246094,3.7485819177439024,30.0,9.0,4.0,0.0,1286.860422560244,3530.362838961718,17117.41386354905,1,0,0,1
2004,Ouest,France,Oilseed_Rape,183063,3.199,8.981989542643229,15.076415379842125,23.63335927327474,16.886321385701496,2.6746785640716553,5.459078947703044,13.08615239461263,9.038355191548664,10.267747163772585,18.359755833943684,21.253154754638672,23.491907119750977,23.916263580322266,2.7194509506225586,9.61733643213908,10.547206878662108,924.0972447395324,1652.3780250549316,221.43585968017575,165.08182525634766,178.74474906921387,177.90391731262207,118.20855712890624,79.35599327087402,161.36626434326172,743.1663513183594,177.16780922033274,27252.009029967303,31949.68531981623,185.7412872314453,663.2838134765625,821.0366058349609,354.27559661865234,591.0415954589844,608.1318969726562,4.567791883137606,25.0,8.0,0.0,0.0,1695.0184430662648,3281.7099495102993,19403.85308220769,1,0,0,1
2004,Sud,France,Oilseed_Rape,58571,2.996,7.940131823221843,14.193019231160482,24.986616134643555,16.82472864786784,0.3002460102240245,4.235304832458496,13.115801811218262,7.652104218800862,9.21416203180949,19.051208972930908,21.331148147583008,24.92194652557373,25.467662811279297,1.1412110328674316,9.957714398701986,11.870814323425291,829.274582862854,1714.6088075637815,239.10594940185547,223.6694107055664,177.99497604370117,216.60054779052737,161.2243881225586,60.43966293334961,156.4006309509277,857.3708839416504,62.96327659704173,50028.005285375344,31682.21149679775,238.68996047973633,690.4630737304688,919.1380004882812,421.4179229736328,654.2927856445312,631.3158264160156,5.134993287542752,41.0,14.0,5.0,1.0,2060.926191800433,3391.019484740382,22966.148392964504,1,1,0,0
2005,Est,France,Oilseed_Rape,651073,3.568,4.812640349070231,15.358482042948404,24.61280377705892,16.488113085428875,-0.9446573158105216,5.097314318021138,12.341830253601074,7.548173427581787,10.227898180484772,18.47731701532999,22.39185619354248,25.139875411987305,25.271638870239254,1.6929768323898315,10.261167724927263,12.270973523457844,920.5108362436296,1662.9585313796997,163.70045852661133,186.09405517578125,169.50360870361328,151.90177154541016,122.36367797851562,129.5812950134277,120.0378761291504,671.199893951416,249.1342665872761,34630.997371766716,28731.473363547644,168.0371856689453,625.5167999267578,849.3495330810547,359.05674743652344,593.922607421875,598.3877563476562,4.981416754395389,55.0,12.0,12.0,0.0,1903.3510483314055,3131.971913259111,20904.87339586061,1,1,0,0
2005,Nord,France,Oilseed_Rape,182316,3.95,6.288259983062744,14.481643676757812,23.147591908772785,16.478944142659504,1.2572030027707417,5.675541083017985,12.251171747843424,8.596081972122192,10.0785923798879,17.699381828308105,20.61505889892578,23.361533164978027,23.38355255126953,3.085522174835205,8.806102593739826,10.89642016092936,907.0733141899108,1592.9443645477295,128.2286148071289,148.42303848266602,176.39213943481445,144.2007179260254,91.96524047851562,124.68054962158205,136.0898475646973,597.2445106506348,323.08964988805735,22029.398352426957,31114.186854391024,149.22089004516602,579.5154266357422,802.048095703125,329.24463653564453,553.2760772705078,567.574951171875,4.521328274513822,33.0,8.0,10.0,0.0,1495.895304651206,3122.0318273689445,18565.48201054428,1,0,0,1
2005,Ouest,France,Oilseed_Rape,213470,3.773,7.926071484883626,15.657768885294596,24.6763973236084,17.66035334269206,2.018791913986206,6.229894479115804,13.002325693766275,9.061251719792685,10.9438316822052,18.839361508687336,21.6904935836792,24.74333095550537,24.828039169311523,3.78434944152832,9.427874406178791,11.674071629842125,984.944851398468,1695.5425357818604,152.603910446167,153.26740264892578,109.21059799194336,191.15795135498047,102.49307250976562,79.83740997314453,79.88093185424805,606.2398624420166,314.0942980966755,23490.89671474794,11926.954713757865,182.00495529174805,635.2925109863281,874.2037963867188,372.2268829345703,591.46533203125,592.2241821289062,7.932120978516286,26.0,9.0,8.0,0.0,1677.3326569586152,2057.457936150144,21572.200221445528,1,0,0,1
2005,Sud,France,Oilseed_Rape,69817,3.046,5.682480176289876,15.581202189127604,25.38285255432129,16.757495244344074,-2.0075994729995728,4.940386374791463,13.116981188456217,7.639197667439778,10.260794281959534,19.249916871388752,22.859838485717773,25.891283988952637,26.147315979003903,1.090153455734253,10.64081581433614,12.265871365865072,923.471485376358,1732.4925184249878,149.7438507080078,206.2294158935547,120.62703323364258,253.5763931274414,146.64458084106445,73.07870483398438,81.25710678100586,730.1766929626465,190.15746757604563,42530.57197979675,14550.881146750313,255.32840728759768,717.0655059814453,948.6335754394532,418.2715759277344,663.1514587402344,639.1996154785156,7.799529020963218,61.0,14.0,13.0,0.0,2116.0776113724405,2322.060362189868,24079.02617345826,1,1,0,0
2006,Est,France,Oilseed_Rape,795128,2.97,5.3107673327128095,14.298894246419271,25.39681752522787,18.07666047414144,-0.5158906976381937,4.908764759699504,13.233853340148926,9.22590414683024,9.603829503059387,19.3153354326884,21.718741416931152,27.47677326202393,30.27745056152344,1.3272998332977295,9.390129486719768,12.162964185078945,864.3446552753448,1738.3801889419556,160.11070251464844,265.9364547729492,203.76625061035156,231.28060913085935,167.03982543945312,75.58627319335938,169.48873138427734,861.0940170288086,59.240143509883524,70722.19797720487,41520.6848878006,159.2123565673828,583.7950134277344,874.0263366699219,344.05956649780273,664.8848266601562,564.1430511474609,4.268410121612771,51.0,19.0,6.0,5.0,2554.008370287468,3935.813480400188,22197.487384649387,1,1,0,0
2006,Nord,France,Oilseed_Rape,256104,3.022,5.957001209259033,13.50793425242106,24.033986409505207,17.869173685709637,1.1086180719236531,5.34094242254893,13.01175626118978,9.884966214497885,9.424438337484997,18.522871335347492,20.26921272277832,25.577282905578613,28.513263702392575,1.791646122932434,8.166991829872131,11.022230148315428,848.1994503736496,1667.0584201812744,175.1745376586914,192.47711181640625,211.33963012695312,147.547212600708,97.26667022705078,91.87525177001952,170.07167434692383,726.5384922027588,193.79566833593333,37047.438573185354,44664.43926219735,129.7729320526123,564.8014984130859,821.3602752685547,316.88411712646484,624.3100891113281,531.5108947753906,3.868144042529799,37.0,19.0,1.0,3.0,1813.9886716909252,3914.6167769014814,19740.5616931119,1,1,0,0
2006,Ouest,France,Oilseed_Rape,254180,2.88,7.593421300252278,14.909375190734863,25.126415888468426,18.805038770039875,1.909125566482544,6.312481959660848,13.736214637756348,10.63631502787272,10.610928575197857,19.43131526311239,21.56213092803955,26.41832160949707,28.433080673217773,3.785167932510376,8.596893231074016,11.390201250712078,954.983571767807,1748.8183736801147,220.12501525878903,215.1694450378418,120.63137817382812,274.14246368408203,155.4281234741211,68.39315414428711,101.66894912719728,830.068302154541,90.2658583841511,46297.89007789282,14551.929400117137,169.2408447265625,610.5773315429688,873.1620178222656,357.2535858154297,638.6513671875,575.6141204833984,7.178756262832079,33.0,9.0,0.0,2.0,2283.1476128615,2344.026339919389,21939.43199781653,1,0,0,0
2006,Sud,France,Oilseed_Rape,93922,2.788,7.290862560272217,15.643561681111654,25.74002456665039,19.057971000671387,-0.5816769401232401,5.381838083267212,13.57382901509603,9.555962085723875,10.512699882189434,19.65692679087321,22.469585418701172,27.323060035705566,29.4138126373291,2.5223195552825928,10.261723597844442,12.16619555155436,946.142989397049,1769.1234111785889,170.21800231933594,220.3478546142578,176.14671325683594,259.8867492675781,158.31124114990234,98.37969207763672,137.62845993041992,826.5993194580078,93.7348410806843,48553.1770331061,31027.66459118598,248.52472686767575,703.6942138671875,939.9056396484376,429.060791015625,669.6233215332031,629.7427673339844,5.30580343472541,57.0,11.0,2.0,0.0,2316.4508652440027,3462.5030469425596,24193.19425488403,1,0,0,0
2007,Est,France,Oilseed_Rape,870348,2.948,8.11901601155599,17.551306406656902,22.667449951171875,14.273257891337076,1.9316270351409912,6.108359018961589,12.659634908040363,5.284036596616109,11.829832712809246,17.66354242960612,21.445338249206543,22.834867477416992,22.84998321533203,2.0930428504943848,11.442947387695312,10.00781504313151,1064.684944152832,1589.7188186645508,239.99061584472656,202.55612754821777,316.72157287597656,134.0729465484619,96.22626304626463,209.90240478515625,216.11876678466797,893.3412628173828,26.992897721309305,41028.98480732986,100312.55472503252,169.17560195922852,677.2527008056641,744.7481231689453,360.9089584350586,518.5636291503906,494.62901306152344,2.3440275598146423,23.0,7.0,13.0,0.0,2396.205103849869,5594.424940866399,16881.540808161255,1,0,0,0
2007,Nord,France,Oilseed_Rape,314878,3.195,8.713521957397461,16.711120923360188,21.60576629638672,14.588984807332356,3.46282958984375,6.572430849075317,12.653850237528482,6.733707586924235,11.641775886217753,17.1298082669576,20.01307201385498,21.629300117492676,21.930644989013672,3.300952672958374,10.13869007428487,8.951916058858236,1047.7598297595978,1541.682744026184,209.15064239501953,148.7304768562317,277.0137405395508,137.14520645141602,67.369957447052,200.48155212402344,182.52103424072263,772.040066242218,148.2940942964741,22120.75474588207,76736.61244771356,142.53630828857422,636.4037780761719,698.1141662597656,319.3259048461914,484.2168884277344,455.42535400390625,2.511077923360592,21.0,0.0,7.0,0.0,1731.4868790105456,4745.192262755245,15083.291524405358,1,0,0,1
2007,Ouest,France,Oilseed_Rape,303148,2.636,10.24343999226888,16.8724152247111,21.700401941935223,16.11888885498047,4.346127827962239,7.374694744745891,12.766599337259928,7.06841246287028,12.123554984728496,17.233500639597576,19.846903800964355,21.51273822784424,22.075729370117188,3.821314573287964,9.49772047996521,8.933802604675295,1091.1199486255646,1551.0150575637815,249.05371856689453,217.78436088562012,264.7252655029297,110.0286922454834,114.88297080993652,198.86251068115232,164.75819396972656,841.5920372009277,78.74212333776438,47430.02784635802,70079.46619559661,178.94803619384766,642.4512329101562,755.262939453125,385.4679946899414,518.0363311767578,480.87669372558594,2.842269958875243,17.0,1.0,4.0,0.0,2640.3206740107694,4562.143032362377,16389.5093579803,1,0,0,0
2007,Sud,France,Oilseed_Rape,125959,2.461,9.2734325726827,16.60965887705485,23.440876642862957,15.653034845987955,1.442717367472748,6.412826061248779,12.520744959513346,5.791658600171407,11.511242469151815,17.980810801188152,20.826799392700195,23.276487350463867,23.983707427978516,2.396994113922119,10.196832815806072,10.920131683349611,1036.011822223663,1618.2729721069336,212.22041702270508,254.2445831298828,238.04326629638672,142.2574005126953,117.93804931640624,153.2820816040039,148.0946044921875,846.7656669616699,73.5684935770222,64640.30805088789,56664.59662905248,243.2098922729492,680.4949340820312,861.5155639648438,462.6270294189453,601.4281616210938,546.5371704101562,3.6040151948754815,28.0,6.0,9.0,0.0,2926.6710428765064,4280.210933772178,20194.680060806415,1,0,0,0
2008,Est,France,Oilseed_Rape,809639,3.286,7.737405618031819,14.774821917215982,23.339887619018555,14.319281260172524,0.6329409182071686,5.447246948877971,12.396590868631998,5.9385303656260175,10.111034433046976,17.868239243825276,21.783509254455566,23.39538192749023,24.65738868713379,2.4103453159332275,9.327574968338013,10.943296750386557,909.993098974228,1608.141531944275,172.04926300048828,278.45068359375,205.11024475097656,212.45721435546875,200.11241149902344,123.6098403930664,146.08901977539062,868.0674057006836,52.266754838008524,77534.78319382668,42070.21250180551,192.3968620300293,593.2266540527344,792.9345550537109,330.837345123291,563.8802795410156,545.7558288574219,3.847138001372704,45.0,13.0,6.0,3.0,2815.424449721875,3664.9589245700063,18507.003404190094,1,0,0,0
2008,Nord,France,Oilseed_Rape,259909,3.768,7.955069224039714,14.749836285909018,22.17722002665202,14.427213350931805,2.1206225752830505,6.113186438878377,12.321287155151367,6.8644782702128095,10.431511362393698,17.249253590901695,20.87104034423828,22.137110710144043,23.43893241882324,3.658242464065552,8.63664984703064,9.855932871500652,938.8360226154329,1552.4328231811523,132.31502151489258,233.14278411865232,171.8446388244629,186.77525329589844,160.00501251220703,85.0699577331543,136.63247680664062,724.0776977539062,196.25646278478587,54355.55778659653,29530.5798927101,164.06420135498047,589.0189971923828,746.0000457763672,308.6728515625,538.8743896484375,541.1444396972656,4.316014953370859,33.0,8.0,3.0,3.0,2432.031601593823,2964.1917533200713,16544.207155074975,1,0,0,0
2008,Ouest,France,Oilseed_Rape,240822,3.058,9.983787695566813,15.334803899129232,22.549496332804363,15.47876516977946,2.8973962863286338,6.662678400675456,12.523537317911783,7.542023499806722,10.998741149902344,17.536516825358074,21.1373233795166,22.58184814453125,23.453222274780273,4.472926616668701,8.672125498453777,10.02595901489258,989.8867034912108,1578.2865142822266,210.62201309204104,276.4026107788086,152.2973976135254,234.5007438659668,177.11638641357422,89.77253723144531,113.5202980041504,873.8227653503418,46.51139518835032,76398.40324534156,23194.49731985225,204.749698638916,615.9177856445312,815.9642791748047,351.22947692871094,589.221923828125,566.1437072753906,5.322753627115796,22.0,4.0,0.0,1.0,3040.080769113323,2670.7658757078366,18399.583520951615,1,0,0,0
2008,Sud,France,Oilseed_Rape,105594,3.106,9.435287952423096,14.75071620941162,24.0172856648763,15.507511456807457,0.9839812082548935,5.331174453099568,12.61395263671875,6.419172843297322,10.040945331255594,18.315619150797524,20.94212245941162,23.65217113494873,25.00770378112793,2.1867258548736572,9.419541756312054,11.403333028157553,903.6850798130037,1648.4057235717771,233.2388916015625,351.8583221435547,199.62039184570312,303.7022018432617,213.19641113281253,139.75347900390625,119.82427978515624,1088.419807434082,168.0856468953899,123804.2788616775,39848.30084063206,262.9848403930664,643.4010009765625,891.6534729003906,405.5596237182617,616.2418212890625,547.1201782226562,4.444480766372743,36.0,7.0,5.0,1.0,3532.9901769907524,3656.171071778866,21415.09617272772,1,0,0,0
2009,Est,France,Oilseed_Rape,769578,3.75,5.314071337381999,16.254872004191082,24.823930740356445,16.64990297953288,-1.3839214937761426,5.620269298553467,12.486722946166992,7.267072518666585,10.937570651372274,18.65532684326172,21.66393566131592,23.74048137664795,26.99082946777344,1.3924341201782229,10.634602705637615,12.337207794189451,984.3813586235046,1678.9794158935547,194.53409957885745,160.84084701538086,200.5143699645996,186.6838722229004,106.32540130615234,168.94383239746094,119.59113693237305,742.5731887817383,177.76097175695384,25869.77806862515,40206.012562300326,168.4541893005371,645.8183898925781,869.3492431640625,348.21228790283203,588.2803039550781,575.0844421386719,4.314080645051678,53.0,10.0,4.0,0.0,1759.2081278572875,3740.6611084603064,21580.66540148598,1,1,0,1
2009,Nord,France,Oilseed_Rape,147320,4.184,5.516240199406941,15.391186078389486,23.626492818196613,16.359098116556805,-0.2227992018063863,5.889743248621623,12.32308260599772,8.645788351694742,10.640464663505554,17.974787712097168,19.96619129180908,22.586410522460938,25.70665740966797,2.3890669345855713,9.501442829767864,11.303410212198893,957.6418197155,1617.7308940887451,176.95536422729492,143.58612823486328,142.22074699401855,198.99957847595215,86.75422286987305,123.12847137451172,82.98026084899902,661.7618179321289,258.5723426065632,20616.9762214786,20226.74087553664,149.25018692016602,614.8461303710938,833.8534240722656,314.55467987060547,574.3724365234375,548.837158203125,5.822155250363905,39.0,4.0,1.0,0.0,1527.82312365264,2556.387735473365,19701.03193527204,1,0,0,1
2009,Ouest,France,Oilseed_Rape,238762,3.597,7.948819160461426,15.916287740071615,23.864619572957356,17.78408972422282,1.2243277778228123,6.172426064809163,12.633178075154625,9.364187558492024,11.04435690244039,18.24889882405599,21.076566696166992,23.1909704208374,25.211917877197266,3.052799701690674,9.743861675262451,11.231441497802733,993.992121219635,1642.400894165039,245.6731109619141,170.25941467285156,132.63056564331055,250.01158142089844,113.91638565063477,109.93627166748048,77.30024719238281,798.5746726989746,121.75948783971751,28988.268284742026,17590.866942864508,191.59100341796875,661.1342926025391,866.0258483886719,365.8338050842285,601.4899291992188,585.7800903320312,6.480746708056942,29.0,2.0,0.0,0.0,1880.405741647569,2420.3617734020904,20667.377412143294,1,0,0,1
2009,Sud,France,Oilseed_Rape,101254,2.743,7.229782740275065,16.097704887390137,25.896982192993164,17.7691167195638,-0.5523309310277303,5.811385989189148,13.414357503255207,7.9705491065979,10.954545438289642,19.655669848124187,22.53229522705078,25.081374168395996,27.5281982421875,1.7629777193069458,10.286318898200989,12.482624689737955,985.9090894460678,1769.0102863311768,246.2407341003418,224.61358642578125,158.24591064453125,237.8905906677246,171.10528564453125,105.3373908996582,94.98211669921876,866.9908218383789,53.34333870031321,50451.2632070519,25041.76823571697,239.15221786499023,702.3821105957031,947.4417114257812,432.6259765625,652.6334838867188,616.7626647949219,5.949551279471539,51.0,7.0,2.0,0.0,2460.5397385584183,3110.4293744446672,24535.881129692425,1,1,0,0
2010,Est,France,Oilseed_Rape,845054,3.244,3.380329012870789,14.72510846455892,24.338653564453125,14.43553066253662,-1.981672614812851,4.2379491329193115,12.717268308003744,6.081420818964641,9.481528798739117,18.527960936228435,19.840042114257812,24.94562530517578,26.93451690673828,1.5581705570220947,10.487159331639608,11.62138525644938,853.3375918865204,1667.516484260559,238.21664810180664,151.31012725830078,235.1943359375,211.57380294799805,79.17156982421875,125.22242736816406,169.82093811035156,836.2949142456055,84.03924629308665,22894.754610923177,55316.3756570816,147.17739486694336,636.4522705078125,815.0299072265625,346.4171333312988,584.44189453125,507.635009765625,3.4506750722516464,60.0,12.0,10.0,0.0,1434.6513291404594,4357.671468672188,19836.730556655675,1,1,0,1
2010,Nord,France,Oilseed_Rape,289875,3.81,3.4973793029785156,14.28728453318278,23.3341433207194,14.399869283040363,-1.2419212659200032,4.498441696166992,12.68438752492269,7.0943552652994795,9.392863114674885,18.009265422821045,19.307377815246586,23.979673385620117,25.70867347717285,2.9230451583862305,9.788842837015787,10.649755795796713,845.3576803207397,1620.833888053894,178.4691047668457,95.80786514282228,195.0100250244141,208.6397819519043,58.67739486694336,94.5653839111328,150.77082443237305,677.9267768859863,242.4073836527058,9179.147023225218,38028.9098600226,134.66294860839844,649.2163696289062,791.8502960205078,319.5722999572754,578.9486083984375,539.5930786132812,4.039845900340448,56.0,8.0,8.0,0.0,899.9101625957609,3511.987300775647,18477.148295896615,1,0,0,1
2010,Ouest,France,Oilseed_Rape,229386,3.023,6.201535860697429,15.37493578592936,23.906516393025715,16.148520787556965,0.2108174761136373,5.472723166147868,12.89671516418457,7.645853996276856,10.423829476038614,18.40161577860514,20.16977596282959,24.28129482269287,25.823989868164062,3.3001627922058105,9.902212619781494,11.009801228841145,938.1446528434752,1656.145420074463,230.38419342041016,119.3570556640625,125.17587852478027,261.50139236450195,79.67009353637695,78.5424633026123,72.68736839294434,736.4185199737549,183.91564056493723,14246.106736794114,15669.000564450547,182.74174118041992,691.3840637207031,844.4426879882812,368.6104049682617,606.5072326660156,561.8009643554688,6.692584175844967,44.0,10.0,7.0,0.0,1244.1575950042363,2303.438421362357,20187.682963362546,1,0,0,1
2010,Sud,France,Oilseed_Rape,94675,2.716,5.692493915557861,14.69156297047933,24.623257954915363,15.592031160990397,-1.541410764058431,4.599736213684082,13.17283058166504,6.477459351221721,9.645649592081709,18.8980442682902,19.410003662109375,24.462058067321777,26.861860275268555,1.32550048828125,10.091826756795248,11.450427373250324,868.1084632873535,1700.8239841461182,232.13257598876953,220.68414306640625,176.93996047973633,309.81903076171875,109.53243255615234,135.46092987060547,77.69742965698242,939.5757102966307,19.24154975793863,48701.49100095406,31307.749614570657,223.8115005493164,689.6618041992188,903.2018737792968,424.7989273071289,617.6435852050781,540.2325744628906,5.075879927949927,58.0,13.0,8.0,0.0,2128.6419145473824,3343.8192059755756,22239.772723430535,1,1,0,0
2011,Est,France,Oilseed_Rape,877650,3.345,7.439804077148437,18.543145179748535,23.31695810953776,17.293601671854656,1.4410840570926666,5.483163754145305,12.090628623962402,7.6784294446309405,12.01315446694692,17.703793366750084,22.764412879943848,22.74166774749756,24.467538833618164,2.532270669937134,13.05998142560323,11.22632948557536,1081.1839020252228,1593.341403007507,246.35595893859863,81.55303001403809,255.13026428222656,116.48855781555176,48.92008018493652,163.25589752197266,185.2471923828125,699.527811050415,220.80634948827708,6650.896704470597,65091.45175271877,147.22180557250977,757.6412353515625,786.5268096923828,369.2334709167481,535.0621643066406,594.1911010742188,3.0708077856262985,29.0,10.0,2.0,1.0,979.709146806198,4516.773480456878,18339.41267362567,1,0,0,1
2011,Nord,France,Oilseed_Rape,225154,3.977,8.205366929372152,17.424494743347168,21.882671356201172,16.87041187286377,3.0341195265452066,6.133149941762288,11.98575528462728,8.746333122253418,11.778822342554728,16.934213320414226,20.961463928222656,21.51576232910156,22.61648941040039,3.1780996322631836,11.29134480158488,9.896916071573893,1060.0940108299255,1524.0791988372805,239.85279083251953,40.68970203399658,231.5869903564453,110.22260665893556,31.78154754638672,132.90086364746094,164.48255157470703,622.352089881897,297.98207065679514,1655.6518516154256,53632.534102356294,128.85962677001953,714.0905303955078,722.478271484375,329.00903701782227,503.6226501464844,567.3504943847656,3.1062712079345416,16.0,8.0,0.0,0.0,479.2767714299335,3921.7434969287574,15809.754576888869,1,0,0,1
2011,Ouest,France,Oilseed_Rape,250105,3.295,9.994612534840902,18.190595626831055,22.356024424235027,18.61925792694092,4.065717538197835,6.903101444244385,12.329132715861002,9.917105992635092,12.54684853553772,17.342578570048016,21.304479598999023,21.946925163269043,23.174222946166992,4.24153470993042,11.28749418258667,10.026891708374023,1129.2163681983948,1560.8320713043213,268.10269927978516,51.34034156799317,206.0816650390625,113.2443389892578,32.146697998046875,119.78549194335938,153.43618774414062,638.7690448760986,281.5651156625935,2635.830672318207,42469.652665272355,166.68674850463867,737.3731079101562,783.7333831787109,367.5530242919922,545.4226379394531,588.9250183105469,3.7846584970758888,13.0,4.0,0.0,0.0,644.1594894163813,3573.9874677862585,17521.16265643161,1,0,0,1
2011,Sud,France,Oilseed_Rape,102716,2.53,8.893346786499023,18.04396470387777,23.84739367167155,19.01848538716634,1.0525602300961812,6.405131657918294,12.480375607808432,8.594983100891113,12.22454818089803,18.16388463973999,22.261876106262207,22.626490592956543,26.28919982910156,2.961212158203125,11.638833045959473,11.36701806386312,1100.2093362808228,1634.7496175765991,202.0816421508789,142.3675422668457,221.62519454956055,212.3774871826172,100.08355331420898,167.34249114990234,153.67940139770508,778.4518661499023,141.88229438878977,20268.517091102098,49117.72685913056,240.1331367492676,781.644287109375,869.534912109375,461.1261749267578,579.9117431640625,609.5218811035156,3.905824378362531,34.0,6.0,0.0,0.0,1740.378879837092,4025.57446705815,20736.141360334583,1,0,0,1
2012,Est,France,Oilseed_Rape,877820,3.203,5.773228804270427,16.292531967163086,23.90856552124023,15.629958152770996,-0.332220991452535,5.478272199630737,12.757238070170084,6.737101793289185,10.885402083396912,18.33290179570516,21.029239654541016,22.649958610534668,26.425779342651367,2.990437269210815,10.814259767532349,11.15132745107015,979.686187505722,1649.9611616134644,209.5479431152344,203.37265396118164,218.2434844970703,246.4818115234375,120.02980422973631,182.84222412109375,115.9398193359375,877.6458930969238,42.68826744176829,41360.43637921453,47630.21852542297,179.8901824951172,646.6141357421875,804.8074493408203,337.29256439208984,535.7317657470703,531.0014801025391,3.670838616650314,39.0,5.0,4.0,2.0,2213.793111135006,4001.0363688372913,19241.791634547233,1,0,0,0
2012,Nord,France,Oilseed_Rape,347749,3.923,6.919937451680501,15.011284510294596,22.390208562215168,14.879499117533364,1.31918207804362,5.695845444997151,12.350056966145834,7.457139492034912,10.353564977645874,17.3701327641805,19.198122024536133,21.08979225158691,24.99104118347168,4.066573619842529,9.315439065297443,10.040151596069334,931.8208479881288,1563.3119487762451,184.24478244781497,161.43390655517578,224.8350524902344,220.42203521728516,119.40572357177734,198.4051513671875,124.3703842163086,790.9357767105103,129.39838382818186,26060.906185665222,50550.80082828645,158.35581970214844,597.0933990478516,749.0280914306641,309.4424018859863,493.3057403564453,492.26930236816406,3.316704307729438,32.0,4.0,2.0,2.0,1671.4164411142249,3905.414711796863,16770.89518609054,1,0,0,1
2012,Ouest,France,Oilseed_Rape,272362,3.56,8.736613114674887,15.945927302042644,22.799969991048176,16.351579030354817,2.5514017740885415,6.150364398956299,12.881831487019856,8.376075267791748,11.04814585049947,17.840900739034016,19.962666511535645,21.66447162628174,25.070966720581055,4.35949182510376,9.795562903086344,9.91813850402832,994.3331265449524,1605.6810665130615,207.48403549194336,216.35868453979492,172.39258766174316,287.4145088195801,158.90888595581055,141.42510604858398,92.44783973693848,883.6498165130615,36.684344025630594,46811.080375790494,29719.2042807118,197.71269989013672,653.5662384033203,797.2901000976562,349.5446014404297,529.9920654296875,526.16357421875,4.598178681392204,28.0,2.0,1.0,0.0,2390.362302817859,3075.63904461838,18178.19035638636,1,0,0,0
2012,Sud,France,Oilseed_Rape,105629,2.9,6.931207180023193,16.242231051127117,25.473276774088543,17.144915262858074,-0.9068849484125772,5.5642391840616865,13.385276794433594,7.921372413635254,10.903235117594402,19.42927678426107,21.896278381347656,24.33701515197754,27.745800018310547,2.9868593215942383,10.67799186706543,12.087999979654947,981.291160583496,1748.634910583496,165.53643035888672,265.76629066467285,167.66812896728516,265.3233871459961,175.9073429107666,116.4984245300293,98.44708251953124,864.2942371368408,56.0399234018513,70631.72125365937,28112.601471390168,267.0319061279297,707.8656768798828,929.5444946289062,408.9208221435547,635.7523498535156,600.4781188964844,5.511085587539781,46.0,5.0,5.0,1.0,2897.7123534478624,3257.6704856045644,23678.54418551239,1,0,0,0
2013,Est,France,Oilseed_Rape,704700,2.858,5.432959238688151,12.625350952148438,24.77087910970052,15.371782302856444,-0.4432236918558677,4.124277094999949,12.693920453389486,7.734974543253581,8.374814023574194,18.732399781545,18.493767738342285,24.60413074493408,27.511398315429688,0.674733579158783,8.501073857148487,12.076958656311032,753.7332621216774,1685.9159803390503,188.99491119384768,277.34199142456055,179.15761947631836,313.08409881591797,144.97300338745117,129.41076278686523,105.97334671020508,958.5786209106444,38.2444603719523,76918.58020734102,32097.452616421288,156.226318359375,524.3384857177734,876.8678894042969,314.630615234375,603.6116333007812,474.1934051513672,4.8672262208680035,50.0,16.0,4.0,3.0,2322.687599108403,3356.0521519403087,21720.788483612083,1,1,0,0
2013,Nord,France,Oilseed_Rape,348869,3.606,6.076951026916504,11.85071881612142,23.410600662231445,15.362248738606771,1.032478893796603,4.032339910666148,12.6222349802653,8.251973946889242,7.941529363393784,18.01641782124837,17.549525260925293,22.995783805847168,25.89131546020508,0.8707638382911682,7.818378905455272,10.788365681966146,714.7376427054405,1621.4776039123535,152.45107650756836,154.88598823547363,163.0925636291504,246.64278411865232,70.24463844299316,120.71488189697266,100.89399337768556,717.0724124908447,203.2617480478474,23989.669351679277,26599.18431112847,141.81756591796875,544.0298767089844,822.8931121826172,296.9719009399414,565.9343719482422,467.9096374511719,5.0148105068451345,35.0,15.0,1.0,4.0,1230.031623550278,2938.343769881309,19264.422037008073,1,1,0,1
2013,Ouest,France,Oilseed_Rape,228232,3.056,8.460830688476562,13.332183837890623,23.982497533162434,17.129348119099934,2.406494935353597,5.029698848724365,13.01201629638672,9.3146120707194,9.180941343307495,18.497256914774574,18.1002516746521,23.52777671813965,26.703529357910156,2.765977382659912,8.30248498916626,10.970481236775717,826.2847208976746,1664.753122329712,247.48133087158203,221.7466163635254,124.26267623901369,267.2821617126465,140.26813125610352,104.64873886108398,70.76789093017578,860.7727851867676,59.56137535192454,49171.56186867251,15441.212706081931,178.71217346191406,597.6572723388672,864.8929748535156,340.3440933227539,585.2491760253906,501.9447937011719,6.9046343318037815,18.0,9.0,2.0,2.0,2035.8426779104368,2298.51864731049,20742.293635873957,1,0,0,0
2013,Sud,France,Oilseed_Rape,102159,2.787,7.42040999730428,13.489964485168455,24.78753089904785,16.49288813273112,-0.5217780967553457,4.4523866176605225,13.013344764709473,8.0280970732371,8.97117555141449,18.900437831878666,18.198606491088867,24.441737174987793,27.74647331237793,2.1868722438812256,9.037577867507936,11.77418613433838,807.4057996273041,1701.0394048690796,241.1237335205078,354.9777526855469,175.59317016601562,295.41527557373047,209.2261199951172,129.06320190429688,111.3527374267578,1067.1099319458008,146.77577140710866,126009.20490168128,30832.96140895132,250.09809112548828,615.6636810302734,935.923370361328,399.6636428833008,636.2933349609375,540.6733245849609,5.299884301762432,58.0,7.0,8.0,0.0,3184.567736188638,3318.7877964252693,23199.229461972427,1,0,0,0
2014,Est,France,Oilseed_Rape,809490,3.722,8.133421738942465,16.747775395711262,23.59144465128581,17.677896817525227,2.454635659853617,5.134011189142863,12.547590255737305,8.589032332102457,10.940893292427065,18.06951745351156,21.461939811706543,24.409855842590332,24.507368087768555,2.0835378170013428,11.613764206568398,11.043854395548504,984.6803963184356,1626.25657081604,228.0542907714844,128.52609252929688,287.52620697021484,199.6034889221191,52.740333557128906,181.6092758178711,241.13758850097656,843.7100791931152,76.62408134557688,16518.956460849382,82671.31969467882,149.97846603393555,674.0628356933594,798.9369354248047,367.6817817687988,568.7882690429688,585.6431579589844,2.7690272707438344,12.0,5.0,0.0,0.0,1406.1902636556442,5195.459815190274,18848.076491942185,1,0,0,1
2014,Nord,France,Oilseed_Rape,336865,3.849,8.629271984100342,16.00032615661621,22.23600196838379,17.147672017415363,3.370965321858724,6.0439291795094805,12.403708457946776,9.390907764434814,11.022127668062843,17.319855213165283,19.64576816558838,22.777135848999023,23.8865966796875,3.386883497238159,9.956396977106731,9.832293510437012,991.991490125656,1558.7869691848755,227.1735382080078,148.308443069458,265.3539390563965,138.27353477478027,59.19971656799317,159.20586776733398,206.81101989746097,779.1094551086426,141.22470543004954,21995.394285686667,70412.71297274578,140.09035682678223,635.928466796875,770.6673431396484,337.5898666381836,553.9470062255859,553.2064056396484,2.893395704489548,9.0,2.0,0.0,0.0,1634.6745937631963,4595.8918046998715,17136.560559022328,1,0,0,1
2014,Ouest,France,Oilseed_Rape,246184,3.574,10.210051854451498,16.227530479431152,23.117048899332683,18.954235394795734,4.394484281539917,6.4844902356465655,12.894550005594889,10.096189816792808,11.356010357538858,18.005799452463787,20.387840270996097,23.799562454223633,24.705015182495117,4.141756057739258,9.743040243784588,10.222498893737797,1022.0409321784972,1620.5219507217407,340.7639808654785,190.90195846557617,226.0642204284668,192.8829774856567,106.6052131652832,115.33414840698242,180.24417114257812,950.6131372451782,30.278976706486105,36443.55774599257,51105.031757930425,173.35882186889648,664.3282470703125,846.6189270019531,393.8101463317871,605.3787536621094,585.1782836914062,3.728543957319193,5.0,0.0,0.0,0.0,2167.884617609536,4070.467016412541,19571.33113460472,1,0,0,0
2014,Sud,France,Oilseed_Rape,105380,3.036,8.864996433258057,16.20931911468506,23.78095245361328,19.17291005452474,2.02550462881724,5.462972323099772,12.85814889272054,9.28380823135376,10.836145718892416,18.319550673166912,21.2674560546875,24.084237098693848,24.508455276489254,2.7101845741271973,10.746346791585283,10.92280356089274,975.2531147003174,1648.759560585022,317.7835159301758,197.31851196289065,254.4852752685547,300.5017395019531,121.21153259277344,179.5821533203125,197.93151092529297,1070.0890426635742,149.7548821248821,38934.59516324941,64762.75532851205,212.5742225646973,725.6498870849609,871.8224182128906,446.7010345458984,601.2546081542969,612.8806762695312,3.412417476101,13.0,3.0,0.0,0.0,2138.1721486648994,4662.055895857118,20732.767475514906,1,0,0,0
2015,Est,France,Oilseed_Rape,823496,3.505,7.811268488566081,16.157710393269856,26.60752995808919,15.506586074829102,1.1722946763038635,4.844591895739238,13.473663647969564,7.001156171162923,10.501151144504547,20.040596803029377,21.93449306488037,26.432294845581055,28.358631134033203,1.939555525779724,11.313118497530615,13.133866310119627,945.1036030054092,1803.653712272644,155.8465747833252,174.09525680541992,142.71910667419434,196.496280670166,113.59868621826172,62.41653251647949,102.50583457946776,669.1572189331055,251.17694160558665,30309.15844214511,20368.743409880062,171.97002410888672,663.7040710449219,886.4155120849609,345.92274475097656,631.9744873046875,588.010986328125,6.167694279469957,36.0,11.0,4.0,3.0,1828.2006052550485,2860.1760729460675,23585.32729311557,1,1,0,1
2015,Nord,France,Oilseed_Rape,316241,4.034,8.431376616160074,15.061688423156738,24.131585439046223,15.384875297546388,2.953554292519887,5.260952711105347,12.563344955444336,7.931969324747722,10.161320567131042,18.34746519724528,20.097966194152832,23.677090644836422,25.04057502746582,2.9520885944366455,9.800735712051392,11.568240483601889,914.5188510417938,1651.2718677520752,161.83319473266602,115.42389106750488,152.69285011291504,190.13662338256836,65.13047218322754,66.1115894317627,128.63948822021484,620.0865592956543,300.2476012430378,13322.674629163232,23315.10647560514,155.03747940063477,634.0618591308594,824.1042633056641,317.5239486694336,591.1573181152344,577.6952209472656,5.362020827255212,27.0,5.0,1.0,1.0,1172.8591582425304,2801.5267533148985,19886.942440642877,1,0,0,1
2015,Ouest,France,Oilseed_Rape,262776,3.394,10.190938631693522,16.096831957499187,24.227549235026043,16.99130344390869,3.7202979723612466,6.667294502258301,13.058854420979818,8.804455757141113,11.382063229878744,18.64320182800293,20.8244571685791,24.10431957244873,24.94573974609375,4.331230640411377,9.429537455240888,11.168694814046225,1024.385690689087,1677.8881645202637,202.7638168334961,144.15534210205078,186.3865547180176,173.5779151916504,84.4819107055664,78.54555892944336,148.23472213745117,706.8836288452148,213.45053169347727,20780.762656559295,34739.94777965256,187.7599334716797,644.5932312011719,853.4783477783203,375.3134536743164,612.0690002441406,591.782470703125,4.5546402678818065,20.0,2.0,0.0,0.0,1640.785218730343,3474.8421576341134,20677.688691827934,1,0,0,1
2015,Sud,France,Oilseed_Rape,98350,2.673,9.17287047704061,16.50608476003011,26.756282806396484,16.846927007039387,0.956005041797956,6.074195782343547,14.195404688517252,7.062490781148274,11.290140271186829,20.475843747456867,22.685585021972656,27.040762901306152,28.800827026367188,3.3746325969696045,10.431888977686562,12.560878117879232,1016.1126244068146,1842.8259372711184,173.0079689025879,179.24917221069336,191.9930648803711,219.27363204956055,136.21891021728516,104.1550521850586,120.80587768554688,763.5238380432129,156.81032249547923,32130.265738218804,36861.336962158384,247.8548812866211,709.8690185546875,958.800048828125,437.38401794433594,676.7543640136719,627.592529296875,4.96805441906655,35.0,4.0,4.0,1.0,2023.748297752852,3931.2199970858273,25653.92526123207,1,0,0,1
2016,Est,France,Oilseed_Rape,832723,2.91,7.376485824584961,14.10621420542399,24.63562838236491,16.0666348139445,0.9821478525797526,4.6004371245702105,13.120067596435549,6.907668352127075,9.3533256649971,18.87784798940023,20.05195426940918,23.63209819793701,26.642688751220703,1.342965006828308,9.50577708085378,11.515560785929363,841.7993098497391,1699.0063190460205,211.22969436645508,316.0870132446289,177.90034103393555,179.73553085327148,171.95154571533203,151.5376968383789,62.48215103149414,884.952579498291,35.3815810404011,99910.9999419102,31648.53133999057,166.49979782104492,566.5205535888672,797.9689788818359,352.4285125732422,520.8734588623047,461.3347625732422,4.460410607772231,41.0,14.0,6.0,4.0,2956.464773353266,3358.3755953010955,19658.467224388103,1,1,0,0
2016,Nord,France,Oilseed_Rape,317110,3.207,7.778411865234375,13.910153071085611,23.219703674316406,15.909049987792969,2.111994425455729,5.137740055720012,13.176427523295084,7.840669631958008,9.523946563402813,18.198065598805744,19.422218322753903,22.23072624206543,25.19765853881836,2.4265992641448975,8.7724130153656,10.043276151021322,857.155190706253,1637.825903892517,171.09628295898438,256.1278953552246,146.11273574829102,144.50315475463867,129.80400466918945,113.70744323730467,56.5025749206543,717.8400688171387,202.49409172155345,65601.49877909689,21348.93154784992,159.92658233642578,570.2767333984375,747.8565368652344,331.896484375,490.4642028808594,447.0628356933594,5.083560801593768,27.0,9.0,4.0,2.0,2439.3483887599864,2658.969149968369,17365.007176911226,1,0,0,0
2016,Ouest,France,Oilseed_Rape,284781,3.292,9.939315795898438,14.781821568806969,23.91221745808919,17.387437502543133,3.5424250761667886,5.658332268397014,13.29941463470459,8.402183850606283,10.22007691860199,18.60581604639689,19.81407356262207,22.71887588500977,26.298900604248047,3.326455354690552,9.123489300409954,10.612802823384602,919.8069226741792,1674.5234441757202,259.35428619384766,214.6568946838379,95.36030673980711,154.9159755706787,138.91370010375977,76.19690036773682,30.370171546936035,724.2874631881714,196.04669735052073,46077.58243530827,9093.588101510104,187.59624862670896,615.1962280273438,805.3418579101562,371.1773452758789,524.2955322265625,475.1914825439453,8.357609944982292,13.0,1.0,2.0,0.0,2193.80997477707,1774.2563253288329,19257.509634449223,1,0,0,0
2016,Sud,France,Oilseed_Rape,107275,3.166,9.760935147603352,14.6723051071167,25.222732543945312,17.50938828786214,1.7572962641716003,4.954967141151428,13.190739313761393,7.601009686787923,9.813636124134064,19.20673592885335,20.297656059265137,24.28801918029785,27.09215927124023,1.7106884717941284,9.717337965965273,12.03199323018392,883.2272511720657,1728.6062335968018,250.39566612243652,271.96514892578125,135.36827278137207,273.72530364990234,158.69691467285156,112.15464782714844,64.33261299133301,931.4543914794922,11.12023094080007,73965.04223022237,18324.56927581196,240.96124267578125,660.8565673828125,909.7218322753906,427.7041778564453,602.844482421875,550.9375,6.671066617774591,25.0,6.0,1.0,0.0,2668.9670100035473,2599.9826684568,22945.670464870054,1,1,0,0
2004,Nord_DE,Germany,Oats,31261,5.295,4.432606935501099,13.109906832377115,21.42678705851237,13.555578072865805,-0.2122591336568196,4.3079235553741455,12.129287401835125,6.292231639226277,8.70891519387563,16.778037230173748,17.9752197265625,20.257768630981445,23.76482391357422,1.146190881729126,8.80198327700297,9.297499656677248,783.8023674488068,1510.0233507156372,202.4011993408203,115.76644134521484,267.41284942626953,182.70034790039065,69.59674835205078,187.35445404052737,186.46892547607425,768.2808380126953,152.0533225259968,13401.868941735069,71509.6320382767,105.87972640991212,563.0747833251953,713.2241363525391,282.0703468322754,480.5789031982422,477.9334564208984,2.6571907338901632,47.0,13.0,9.0,1.0,1008.2001199722534,4486.662743500797,15282.101694617246,1,1,0,1
2004,Nord_DE,Germany,Oilseed_Rape,503045,4.363,4.432606935501099,13.109906832377115,21.42678705851237,13.555578072865805,-0.2122591336568196,4.3079235553741455,12.129287401835125,6.292231639226277,8.70891519387563,16.778037230173748,17.9752197265625,20.257768630981445,23.76482391357422,1.146190881729126,8.80198327700297,9.297499656677248,783.8023674488068,1510.0233507156372,202.4011993408203,115.76644134521484,267.41284942626953,182.70034790039065,69.59674835205078,187.35445404052737,186.46892547607425,768.2808380126953,152.0533225259968,13401.868941735069,71509.6320382767,105.87972640991212,563.0747833251953,713.2241363525391,282.0703468322754,480.5789031982422,477.9334564208984,2.6571907338901632,47.0,13.0,9.0,1.0,1008.2001199722534,4486.662743500797,15282.101694617246,1,1,0,1
2004,Nord_DE,Germany,Spring_Barley,68901,4.852,4.432606935501099,13.109906832377115,21.42678705851237,13.555578072865805,-0.2122591336568196,4.3079235553741455,12.129287401835125,6.292231639226277,8.70891519387563,16.778037230173748,17.9752197265625,20.257768630981445,23.76482391357422,1.146190881729126,8.80198327700297,9.297499656677248,783.8023674488068,1510.0233507156372,202.4011993408203,115.76644134521484,267.41284942626953,182.70034790039065,69.59674835205078,187.35445404052737,186.46892547607425,768.2808380126953,152.0533225259968,13401.868941735069,71509.6320382767,105.87972640991212,563.0747833251953,713.2241363525391,282.0703468322754,480.5789031982422,477.9334564208984,2.6571907338901632,47.0,13.0,9.0,1.0,1008.2001199722534,4486.662743500797,15282.101694617246,1,1,0,1
2004,Nord_DE,Germany,Wheat,893851,8.4,4.432606935501099,13.109906832377115,21.42678705851237,13.555578072865805,-0.2122591336568196,4.3079235553741455,12.129287401835125,6.292231639226277,8.70891519387563,16.778037230173748,17.9752197265625,20.257768630981445,23.76482391357422,1.146190881729126,8.80198327700297,9.297499656677248,783.8023674488068,1510.0233507156372,202.4011993408203,115.76644134521484,267.41284942626953,182.70034790039065,69.59674835205078,187.35445404052737,186.46892547607425,768.2808380126953,152.0533225259968,13401.868941735069,71509.6320382767,105.87972640991212,563.0747833251953,713.2241363525391,282.0703468322754,480.5789031982422,477.9334564208984,2.6571907338901632,47.0,13.0,9.0,1.0,1008.2001199722534,4486.662743500797,15282.101694617246,1,1,0,1
2004,Nord_DE,Germany,Winter_Barley,384928,7.548,4.432606935501099,13.109906832377115,21.42678705851237,13.555578072865805,-0.2122591336568196,4.3079235553741455,12.129287401835125,6.292231639226277,8.70891519387563,16.778037230173748,17.9752197265625,20.257768630981445,23.76482391357422,1.146190881729126,8.80198327700297,9.297499656677248,783.8023674488068,1510.0233507156372,202.4011993408203,115.76644134521484,267.41284942626953,182.70034790039065,69.59674835205078,187.35445404052737,186.46892547607425,768.2808380126953,152.0533225259968,13401.868941735069,71509.6320382767,105.87972640991212,563.0747833251953,713.2241363525391,282.0703468322754,480.5789031982422,477.9334564208984,2.6571907338901632,47.0,13.0,9.0,1.0,1008.2001199722534,4486.662743500797,15282.101694617246,1,1,0,1
2004,Ost_DE,Germany,Oats,33610,4.976,3.4544231494267783,13.320738156636557,22.5429630279541,13.585689067840576,-1.78417573372523,3.648973216613134,11.672798792521158,5.262007673581441,8.484855686624845,17.10788091023763,18.563776969909668,21.489100456237793,24.65068817138672,0.3553859889507293,9.671764940023422,10.870164235432943,763.637011796236,1539.7092819213867,145.3427276611328,125.08251953125,216.3143615722656,147.72096633911133,56.61659240722656,160.58349609375,156.01123809814453,634.4605751037598,285.87358543493235,15645.636692285538,46791.90302241687,117.01145362854004,564.2899475097656,753.0719146728516,301.3320617675781,510.5990447998047,483.3272705078125,3.465357324865183,62.0,20.0,12.0,2.0,1061.30712714209,3700.680336952403,16976.4723298607,1,1,0,1
2004,Ost_DE,Germany,Oilseed_Rape,571074,4.12,3.4544231494267783,13.320738156636557,22.5429630279541,13.585689067840576,-1.78417573372523,3.648973216613134,11.672798792521158,5.262007673581441,8.484855686624845,17.10788091023763,18.563776969909668,21.489100456237793,24.65068817138672,0.3553859889507293,9.671764940023422,10.870164235432943,763.637011796236,1539.7092819213867,145.3427276611328,125.08251953125,216.3143615722656,147.72096633911133,56.61659240722656,160.58349609375,156.01123809814453,634.4605751037598,285.87358543493235,15645.636692285538,46791.90302241687,117.01145362854004,564.2899475097656,753.0719146728516,301.3320617675781,510.5990447998047,483.3272705078125,3.465357324865183,62.0,20.0,12.0,2.0,1061.30712714209,3700.680336952403,16976.4723298607,1,1,0,1
2004,Ost_DE,Germany,Spring_Barley,101578,5.658,3.4544231494267783,13.320738156636557,22.5429630279541,13.585689067840576,-1.78417573372523,3.648973216613134,11.672798792521158,5.262007673581441,8.484855686624845,17.10788091023763,18.563776969909668,21.489100456237793,24.65068817138672,0.3553859889507293,9.671764940023422,10.870164235432943,763.637011796236,1539.7092819213867,145.3427276611328,125.08251953125,216.3143615722656,147.72096633911133,56.61659240722656,160.58349609375,156.01123809814453,634.4605751037598,285.87358543493235,15645.636692285538,46791.90302241687,117.01145362854004,564.2899475097656,753.0719146728516,301.3320617675781,510.5990447998047,483.3272705078125,3.465357324865183,62.0,20.0,12.0,2.0,1061.30712714209,3700.680336952403,16976.4723298607,1,1,0,1
2004,Ost_DE,Germany,Wheat,827347,7.95,3.4544231494267783,13.320738156636557,22.5429630279541,13.585689067840576,-1.78417573372523,3.648973216613134,11.672798792521158,5.262007673581441,8.484855686624845,17.10788091023763,18.563776969909668,21.489100456237793,24.65068817138672,0.3553859889507293,9.671764940023422,10.870164235432943,763.637011796236,1539.7092819213867,145.3427276611328,125.08251953125,216.3143615722656,147.72096633911133,56.61659240722656,160.58349609375,156.01123809814453,634.4605751037598,285.87358543493235,15645.636692285538,46791.90302241687,117.01145362854004,564.2899475097656,753.0719146728516,301.3320617675781,510.5990447998047,483.3272705078125,3.465357324865183,62.0,20.0,12.0,2.0,1061.30712714209,3700.680336952403,16976.4723298607,1,1,0,1
2004,Ost_DE,Germany,Winter_Barley,336079,7.08,3.4544231494267783,13.320738156636557,22.5429630279541,13.585689067840576,-1.78417573372523,3.648973216613134,11.672798792521158,5.262007673581441,8.484855686624845,17.10788091023763,18.563776969909668,21.489100456237793,24.65068817138672,0.3553859889507293,9.671764940023422,10.870164235432943,763.637011796236,1539.7092819213867,145.3427276611328,125.08251953125,216.3143615722656,147.72096633911133,56.61659240722656,160.58349609375,156.01123809814453,634.4605751037598,285.87358543493235,15645.636692285538,46791.90302241687,117.01145362854004,564.2899475097656,753.0719146728516,301.3320617675781,510.5990447998047,483.3272705078125,3.465357324865183,62.0,20.0,12.0,2.0,1061.30712714209,3700.680336952403,16976.4723298607,1,1,0,1
2004,Sued_DE,Germany,Oats,67505,5.236,2.9110238949457803,12.988768259684244,22.504318873087566,13.226451873779297,-2.873189608256022,2.500105381011963,11.526707649230955,5.184660375118256,7.744436820348104,17.015513261159263,18.628339767456055,21.828781127929688,23.85539436340332,-1.2890510559082031,10.48866287867228,10.97761122385661,696.9993138313293,1531.3961935043335,227.10712814331055,166.53839874267578,276.8745651245117,207.400390625,82.28850555419922,179.59578704833984,197.03648376464844,877.920482635498,42.41367790319407,27735.03825577447,76659.52481288748,157.5053825378418,640.1994781494141,786.6214599609375,322.18657302856445,542.0399169921875,530.1544494628906,2.8308508898915,70.0,23.0,16.0,3.0,1289.7461072245926,4711.162834553833,17702.38016737462,1,1,0,1
2004,Sued_DE,Germany,Oilseed_Rape,241009,3.869,2.9110238949457803,12.988768259684244,22.504318873087566,13.226451873779297,-2.873189608256022,2.500105381011963,11.526707649230955,5.184660375118256,7.744436820348104,17.015513261159263,18.628339767456055,21.828781127929688,23.85539436340332,-1.2890510559082031,10.48866287867228,10.97761122385661,696.9993138313293,1531.3961935043335,227.10712814331055,166.53839874267578,276.8745651245117,207.400390625,82.28850555419922,179.59578704833984,197.03648376464844,877.920482635498,42.41367790319407,27735.03825577447,76659.52481288748,157.5053825378418,640.1994781494141,786.6214599609375,322.18657302856445,542.0399169921875,530.1544494628906,2.8308508898915,70.0,23.0,16.0,3.0,1289.7461072245926,4711.162834553833,17702.38016737462,1,1,0,1
2004,Sued_DE,Germany,Spring_Barley,223109,5.614,2.9110238949457803,12.988768259684244,22.504318873087566,13.226451873779297,-2.873189608256022,2.500105381011963,11.526707649230955,5.184660375118256,7.744436820348104,17.015513261159263,18.628339767456055,21.828781127929688,23.85539436340332,-1.2890510559082031,10.48866287867228,10.97761122385661,696.9993138313293,1531.3961935043335,227.10712814331055,166.53839874267578,276.8745651245117,207.400390625,82.28850555419922,179.59578704833984,197.03648376464844,877.920482635498,42.41367790319407,27735.03825577447,76659.52481288748,157.5053825378418,640.1994781494141,786.6214599609375,322.18657302856445,542.0399169921875,530.1544494628906,2.8308508898915,70.0,23.0,16.0,3.0,1289.7461072245926,4711.162834553833,17702.38016737462,1,1,0,1
2004,Sued_DE,Germany,Wheat,662521,8.047,2.9110238949457803,12.988768259684244,22.504318873087566,13.226451873779297,-2.873189608256022,2.500105381011963,11.526707649230955,5.184660375118256,7.744436820348104,17.015513261159263,18.628339767456055,21.828781127929688,23.85539436340332,-1.2890510559082031,10.48866287867228,10.97761122385661,696.9993138313293,1531.3961935043335,227.10712814331055,166.53839874267578,276.8745651245117,207.400390625,82.28850555419922,179.59578704833984,197.03648376464844,877.920482635498,42.41367790319407,27735.03825577447,76659.52481288748,157.5053825378418,640.1994781494141,786.6214599609375,322.18657302856445,542.0399169921875,530.1544494628906,2.8308508898915,70.0,23.0,16.0,3.0,1289.7461072245926,4711.162834553833,17702.38016737462,1,1,0,1
2004,Sued_DE,Germany,Winter_Barley,396345,6.503,2.9110238949457803,12.988768259684244,22.504318873087566,13.226451873779297,-2.873189608256022,2.500105381011963,11.526707649230955,5.184660375118256,7.744436820348104,17.015513261159263,18.628339767456055,21.828781127929688,23.85539436340332,-1.2890510559082031,10.48866287867228,10.97761122385661,696.9993138313293,1531.3961935043335,227.10712814331055,166.53839874267578,276.8745651245117,207.400390625,82.28850555419922,179.59578704833984,197.03648376464844,877.920482635498,42.41367790319407,27735.03825577447,76659.52481288748,157.5053825378418,640.1994781494141,786.6214599609375,322.18657302856445,542.0399169921875,530.1544494628906,2.8308508898915,70.0,23.0,16.0,3.0,1289.7461072245926,4711.162834553833,17702.38016737462,1,1,0,1
2004,West_DE,Germany,Oats,38436,5.212,4.325354099273682,13.597249348958334,22.21575482686361,13.725587209065756,-0.7030497988065084,3.9692445397377014,12.108572959899902,6.146222313245137,8.783246944348019,17.162163893381752,18.68226432800293,21.364761352539062,23.917741775512695,0.5927082896232605,9.628004809220633,10.107181866963703,790.4922249913216,1544.594750404358,206.54621505737305,159.71260833740234,270.3164520263672,190.09939575195312,85.6500473022461,153.77235412597656,214.08365631103516,826.6746711730957,93.65948936559641,25508.11726193648,73070.98423612327,118.84064865112305,577.5039672851562,725.1729431152344,297.02073669433594,500.7317352294922,492.8752746582031,2.672793845338801,56.0,18.0,10.0,1.0,1402.795279153341,4639.215252753979,16110.264311323155,1,1,0,1
2004,West_DE,Germany,Oilseed_Rape,181623,3.798,4.325354099273682,13.597249348958334,22.21575482686361,13.725587209065756,-0.7030497988065084,3.9692445397377014,12.108572959899902,6.146222313245137,8.783246944348019,17.162163893381752,18.68226432800293,21.364761352539062,23.917741775512695,0.5927082896232605,9.628004809220633,10.107181866963703,790.4922249913216,1544.594750404358,206.54621505737305,159.71260833740234,270.3164520263672,190.09939575195312,85.6500473022461,153.77235412597656,214.08365631103516,826.6746711730957,93.65948936559641,25508.11726193648,73070.98423612327,118.84064865112305,577.5039672851562,725.1729431152344,297.02073669433594,500.7317352294922,492.8752746582031,2.672793845338801,56.0,18.0,10.0,1.0,1402.795279153341,4639.215252753979,16110.264311323155,1,1,0,1
2004,West_DE,Germany,Spring_Barley,91507,5.51,4.325354099273682,13.597249348958334,22.21575482686361,13.725587209065756,-0.7030497988065084,3.9692445397377014,12.108572959899902,6.146222313245137,8.783246944348019,17.162163893381752,18.68226432800293,21.364761352539062,23.917741775512695,0.5927082896232605,9.628004809220633,10.107181866963703,790.4922249913216,1544.594750404358,206.54621505737305,159.71260833740234,270.3164520263672,190.09939575195312,85.6500473022461,153.77235412597656,214.08365631103516,826.6746711730957,93.65948936559641,25508.11726193648,73070.98423612327,118.84064865112305,577.5039672851562,725.1729431152344,297.02073669433594,500.7317352294922,492.8752746582031,2.672793845338801,56.0,18.0,10.0,1.0,1402.795279153341,4639.215252753979,16110.264311323155,1,1,0,1
2004,West_DE,Germany,Wheat,519603,8.449,4.325354099273682,13.597249348958334,22.21575482686361,13.725587209065756,-0.7030497988065084,3.9692445397377014,12.108572959899902,6.146222313245137,8.783246944348019,17.162163893381752,18.68226432800293,21.364761352539062,23.917741775512695,0.5927082896232605,9.628004809220633,10.107181866963703,790.4922249913216,1544.594750404358,206.54621505737305,159.71260833740234,270.3164520263672,190.09939575195312,85.6500473022461,153.77235412597656,214.08365631103516,826.6746711730957,93.65948936559641,25508.11726193648,73070.98423612327,118.84064865112305,577.5039672851562,725.1729431152344,297.02073669433594,500.7317352294922,492.8752746582031,2.672793845338801,56.0,18.0,10.0,1.0,1402.795279153341,4639.215252753979,16110.264311323155,1,1,0,1
2004,West_DE,Germany,Winter_Barley,288141,7.161,4.325354099273682,13.597249348958334,22.21575482686361,13.725587209065756,-0.7030497988065084,3.9692445397377014,12.108572959899902,6.146222313245137,8.783246944348019,17.162163893381752,18.68226432800293,21.364761352539062,23.917741775512695,0.5927082896232605,9.628004809220633,10.107181866963703,790.4922249913216,1544.594750404358,206.54621505737305,159.71260833740234,270.3164520263672,190.09939575195312,85.6500473022461,153.77235412597656,214.08365631103516,826.6746711730957,93.65948936559641,25508.11726193648,73070.98423612327,118.84064865112305,577.5039672851562,725.1729431152344,297.02073669433594,500.7317352294922,492.8752746582031,2.672793845338801,56.0,18.0,10.0,1.0,1402.795279153341,4639.215252753979,16110.264311323155,1,1,0,1
2005,Nord_DE,Germany,Oats,31261,4.778,4.2657151222229,13.09276533126831,21.462093353271484,15.068186283111572,-0.3781169354915617,3.6798212826251984,11.703719774881998,6.702557484308879,8.386293306946754,16.58290656407674,19.08895206451416,21.892390251159668,23.045724868774418,-0.2766462862491607,9.412944048643112,9.758373578389486,754.7663976252079,1492.4615907669067,182.2581329345703,152.3089084625244,210.75273895263672,143.01634979248047,70.35342597961426,150.7076187133789,167.22106170654297,688.3361301422119,231.9980303964802,23198.00359704564,44416.71697603824,106.8383903503418,585.5878448486328,723.5726318359375,312.74308013916016,521.0627288818359,532.9752197265625,3.4170638614397375,47.0,19.0,10.0,2.0,1277.3071796276345,3494.892978174831,15529.383372335227,1,1,0,1
2005,Nord_DE,Germany,Oilseed_Rape,502699,3.893,4.2657151222229,13.09276533126831,21.462093353271484,15.068186283111572,-0.3781169354915617,3.6798212826251984,11.703719774881998,6.702557484308879,8.386293306946754,16.58290656407674,19.08895206451416,21.892390251159668,23.045724868774418,-0.2766462862491607,9.412944048643112,9.758373578389486,754.7663976252079,1492.4615907669067,182.2581329345703,152.3089084625244,210.75273895263672,143.01634979248047,70.35342597961426,150.7076187133789,167.22106170654297,688.3361301422119,231.9980303964802,23198.00359704564,44416.71697603824,106.8383903503418,585.5878448486328,723.5726318359375,312.74308013916016,521.0627288818359,532.9752197265625,3.4170638614397375,47.0,19.0,10.0,2.0,1277.3071796276345,3494.892978174831,15529.383372335227,1,1,0,1
2005,Nord_DE,Germany,Spring_Barley,68876,4.793,4.2657151222229,13.09276533126831,21.462093353271484,15.068186283111572,-0.3781169354915617,3.6798212826251984,11.703719774881998,6.702557484308879,8.386293306946754,16.58290656407674,19.08895206451416,21.892390251159668,23.045724868774418,-0.2766462862491607,9.412944048643112,9.758373578389486,754.7663976252079,1492.4615907669067,182.2581329345703,152.3089084625244,210.75273895263672,143.01634979248047,70.35342597961426,150.7076187133789,167.22106170654297,688.3361301422119,231.9980303964802,23198.00359704564,44416.71697603824,106.8383903503418,585.5878448486328,723.5726318359375,312.74308013916016,521.0627288818359,532.9752197265625,3.4170638614397375,47.0,19.0,10.0,2.0,1277.3071796276345,3494.892978174831,15529.383372335227,1,1,0,1
2005,Nord_DE,Germany,Wheat,893851,8.197,4.2657151222229,13.09276533126831,21.462093353271484,15.068186283111572,-0.3781169354915617,3.6798212826251984,11.703719774881998,6.702557484308879,8.386293306946754,16.58290656407674,19.08895206451416,21.892390251159668,23.045724868774418,-0.2766462862491607,9.412944048643112,9.758373578389486,754.7663976252079,1492.4615907669067,182.2581329345703,152.3089084625244,210.75273895263672,143.01634979248047,70.35342597961426,150.7076187133789,167.22106170654297,688.3361301422119,231.9980303964802,23198.00359704564,44416.71697603824,106.8383903503418,585.5878448486328,723.5726318359375,312.74308013916016,521.0627288818359,532.9752197265625,3.4170638614397375,47.0,19.0,10.0,2.0,1277.3071796276345,3494.892978174831,15529.383372335227,1,1,0,1
2005,Nord_DE,Germany,Winter_Barley,384890,7.468,4.2657151222229,13.09276533126831,21.462093353271484,15.068186283111572,-0.3781169354915617,3.6798212826251984,11.703719774881998,6.702557484308879,8.386293306946754,16.58290656407674,19.08895206451416,21.892390251159668,23.045724868774418,-0.2766462862491607,9.412944048643112,9.758373578389486,754.7663976252079,1492.4615907669067,182.2581329345703,152.3089084625244,210.75273895263672,143.01634979248047,70.35342597961426,150.7076187133789,167.22106170654297,688.3361301422119,231.9980303964802,23198.00359704564,44416.71697603824,106.8383903503418,585.5878448486328,723.5726318359375,312.74308013916016,521.0627288818359,532.9752197265625,3.4170638614397375,47.0,19.0,10.0,2.0,1277.3071796276345,3494.892978174831,15529.383372335227,1,1,0,1
2005,Ost_DE,Germany,Oats,32967,4.243,3.091800570487976,13.730224609375,22.366687138875324,14.796956698099772,-2.0693178375562034,3.1510770320892334,11.34200382232666,5.620616475741069,8.440650820732117,16.85434548060099,20.13715648651123,22.877243995666504,23.928720474243164,-1.0766808986663818,10.579147577285768,11.024683316548664,759.6585738658905,1516.8910932540894,179.21900177001953,124.23711204528809,217.4748497009277,113.3177490234375,48.77591514587402,157.0629844665527,175.72025299072266,634.2487125396729,286.08544799901927,15434.860009353466,47295.31025244111,115.71322059631348,608.6524505615234,749.2647552490234,330.53110122680664,533.2030639648438,542.5574340820312,3.429524067757451,61.0,26.0,14.0,7.0,1048.6420817504488,3665.396250201211,16758.5703648409,1,1,0,1
2005,Ost_DE,Germany,Oilseed_Rape,571906,3.727,3.091800570487976,13.730224609375,22.366687138875324,14.796956698099772,-2.0693178375562034,3.1510770320892334,11.34200382232666,5.620616475741069,8.440650820732117,16.85434548060099,20.13715648651123,22.877243995666504,23.928720474243164,-1.0766808986663818,10.579147577285768,11.024683316548664,759.6585738658905,1516.8910932540894,179.21900177001953,124.23711204528809,217.4748497009277,113.3177490234375,48.77591514587402,157.0629844665527,175.72025299072266,634.2487125396729,286.08544799901927,15434.860009353466,47295.31025244111,115.71322059631348,608.6524505615234,749.2647552490234,330.53110122680664,533.2030639648438,542.5574340820312,3.429524067757451,61.0,26.0,14.0,7.0,1048.6420817504488,3665.396250201211,16758.5703648409,1,1,0,1
2005,Ost_DE,Germany,Spring_Barley,101548,4.717,3.091800570487976,13.730224609375,22.366687138875324,14.796956698099772,-2.0693178375562034,3.1510770320892334,11.34200382232666,5.620616475741069,8.440650820732117,16.85434548060099,20.13715648651123,22.877243995666504,23.928720474243164,-1.0766808986663818,10.579147577285768,11.024683316548664,759.6585738658905,1516.8910932540894,179.21900177001953,124.23711204528809,217.4748497009277,113.3177490234375,48.77591514587402,157.0629844665527,175.72025299072266,634.2487125396729,286.08544799901927,15434.860009353466,47295.31025244111,115.71322059631348,608.6524505615234,749.2647552490234,330.53110122680664,533.2030639648438,542.5574340820312,3.429524067757451,61.0,26.0,14.0,7.0,1048.6420817504488,3665.396250201211,16758.5703648409,1,1,0,1
2005,Ost_DE,Germany,Wheat,827347,7.076,3.091800570487976,13.730224609375,22.366687138875324,14.796956698099772,-2.0693178375562034,3.1510770320892334,11.34200382232666,5.620616475741069,8.440650820732117,16.85434548060099,20.13715648651123,22.877243995666504,23.928720474243164,-1.0766808986663818,10.579147577285768,11.024683316548664,759.6585738658905,1516.8910932540894,179.21900177001953,124.23711204528809,217.4748497009277,113.3177490234375,48.77591514587402,157.0629844665527,175.72025299072266,634.2487125396729,286.08544799901927,15434.860009353466,47295.31025244111,115.71322059631348,608.6524505615234,749.2647552490234,330.53110122680664,533.2030639648438,542.5574340820312,3.429524067757451,61.0,26.0,14.0,7.0,1048.6420817504488,3665.396250201211,16758.5703648409,1,1,0,1
2005,Ost_DE,Germany,Winter_Barley,335896,6.513,3.091800570487976,13.730224609375,22.366687138875324,14.796956698099772,-2.0693178375562034,3.1510770320892334,11.34200382232666,5.620616475741069,8.440650820732117,16.85434548060099,20.13715648651123,22.877243995666504,23.928720474243164,-1.0766808986663818,10.579147577285768,11.024683316548664,759.6585738658905,1516.8910932540894,179.21900177001953,124.23711204528809,217.4748497009277,113.3177490234375,48.77591514587402,157.0629844665527,175.72025299072266,634.2487125396729,286.08544799901927,15434.860009353466,47295.31025244111,115.71322059631348,608.6524505615234,749.2647552490234,330.53110122680664,533.2030639648438,542.5574340820312,3.429524067757451,61.0,26.0,14.0,7.0,1048.6420817504488,3665.396250201211,16758.5703648409,1,1,0,1
2005,Sued_DE,Germany,Oats,67505,4.508,1.780258297920227,13.568281809488932,22.271079381306965,13.841123580932615,-4.192760070164998,2.835707902908325,11.26208464304606,4.9508571326732635,8.201994856198628,16.766582012176514,20.68967342376709,23.077580451965332,23.343029022216797,-2.0133516788482666,10.732573906580608,11.008994738260904,738.1795370578766,1508.9923810958862,222.34644317626953,231.0852165222168,301.8029975891113,143.27984619140625,140.1589317321777,181.05134201049805,240.97042846679688,898.5145034790039,21.81965705968821,53400.37729511982,91085.04935377314,158.63518905639648,632.6860046386719,785.6270446777344,352.1736640930176,563.4370727539062,579.8095703125,2.5945154140904223,71.0,23.0,15.0,6.0,1895.359757258768,5060.204710598546,17496.762276119414,1,1,0,0
2005,Sued_DE,Germany,Oilseed_Rape,239160,3.709,1.780258297920227,13.568281809488932,22.271079381306965,13.841123580932615,-4.192760070164998,2.835707902908325,11.26208464304606,4.9508571326732635,8.201994856198628,16.766582012176514,20.68967342376709,23.077580451965332,23.343029022216797,-2.0133516788482666,10.732573906580608,11.008994738260904,738.1795370578766,1508.9923810958862,222.34644317626953,231.0852165222168,301.8029975891113,143.27984619140625,140.1589317321777,181.05134201049805,240.97042846679688,898.5145034790039,21.81965705968821,53400.37729511982,91085.04935377314,158.63518905639648,632.6860046386719,785.6270446777344,352.1736640930176,563.4370727539062,579.8095703125,2.5945154140904223,71.0,23.0,15.0,6.0,1895.359757258768,5060.204710598546,17496.762276119414,1,1,0,0
2005,Sued_DE,Germany,Spring_Barley,223109,4.508,1.780258297920227,13.568281809488932,22.271079381306965,13.841123580932615,-4.192760070164998,2.835707902908325,11.26208464304606,4.9508571326732635,8.201994856198628,16.766582012176514,20.68967342376709,23.077580451965332,23.343029022216797,-2.0133516788482666,10.732573906580608,11.008994738260904,738.1795370578766,1508.9923810958862,222.34644317626953,231.0852165222168,301.8029975891113,143.27984619140625,140.1589317321777,181.05134201049805,240.97042846679688,898.5145034790039,21.81965705968821,53400.37729511982,91085.04935377314,158.63518905639648,632.6860046386719,785.6270446777344,352.1736640930176,563.4370727539062,579.8095703125,2.5945154140904223,71.0,23.0,15.0,6.0,1895.359757258768,5060.204710598546,17496.762276119414,1,1,0,0
2005,Sued_DE,Germany,Wheat,662521,6.842,1.780258297920227,13.568281809488932,22.271079381306965,13.841123580932615,-4.192760070164998,2.835707902908325,11.26208464304606,4.9508571326732635,8.201994856198628,16.766582012176514,20.68967342376709,23.077580451965332,23.343029022216797,-2.0133516788482666,10.732573906580608,11.008994738260904,738.1795370578766,1508.9923810958862,222.34644317626953,231.0852165222168,301.8029975891113,143.27984619140625,140.1589317321777,181.05134201049805,240.97042846679688,898.5145034790039,21.81965705968821,53400.37729511982,91085.04935377314,158.63518905639648,632.6860046386719,785.6270446777344,352.1736640930176,563.4370727539062,579.8095703125,2.5945154140904223,71.0,23.0,15.0,6.0,1895.359757258768,5060.204710598546,17496.762276119414,1,1,0,0
2005,Sued_DE,Germany,Winter_Barley,396345,5.658,1.780258297920227,13.568281809488932,22.271079381306965,13.841123580932615,-4.192760070164998,2.835707902908325,11.26208464304606,4.9508571326732635,8.201994856198628,16.766582012176514,20.68967342376709,23.077580451965332,23.343029022216797,-2.0133516788482666,10.732573906580608,11.008994738260904,738.1795370578766,1508.9923810958862,222.34644317626953,231.0852165222168,301.8029975891113,143.27984619140625,140.1589317321777,181.05134201049805,240.97042846679688,898.5145034790039,21.81965705968821,53400.37729511982,91085.04935377314,158.63518905639648,632.6860046386719,785.6270446777344,352.1736640930176,563.4370727539062,579.8095703125,2.5945154140904223,71.0,23.0,15.0,6.0,1895.359757258768,5060.204710598546,17496.762276119414,1,1,0,0
2005,West_DE,Germany,Oats,37587,4.849,3.8513986269632974,14.223821957906088,22.4020201365153,15.267203172047934,-1.0162683576345444,4.516495267550151,11.578036626180014,6.852363665898641,9.37015861272812,16.990028381347656,20.381311416625977,23.07624340057373,23.602333068847656,1.387109875679016,9.707326690355938,10.823983510335289,843.3142751455307,1529.102554321289,205.07709503173828,195.9658966064453,207.27215576171875,152.1105995178223,118.25509643554688,135.2143325805664,150.8878936767578,760.4257469177246,159.9084136209675,38402.632632768014,42961.7465541102,123.2906551361084,564.9513549804688,750.9201965332031,329.85837173461914,539.6350708007812,540.4183044433594,3.60547569974894,51.0,13.0,12.0,2.0,1836.2315338878716,3521.5598090547137,16822.129363652843,1,1,0,0
2005,West_DE,Germany,Oilseed_Rape,181493,3.763,3.8513986269632974,14.223821957906088,22.4020201365153,15.267203172047934,-1.0162683576345444,4.516495267550151,11.578036626180014,6.852363665898641,9.37015861272812,16.990028381347656,20.381311416625977,23.07624340057373,23.602333068847656,1.387109875679016,9.707326690355938,10.823983510335289,843.3142751455307,1529.102554321289,205.07709503173828,195.9658966064453,207.27215576171875,152.1105995178223,118.25509643554688,135.2143325805664,150.8878936767578,760.4257469177246,159.9084136209675,38402.632632768014,42961.7465541102,123.2906551361084,564.9513549804688,750.9201965332031,329.85837173461914,539.6350708007812,540.4183044433594,3.60547569974894,51.0,13.0,12.0,2.0,1836.2315338878716,3521.5598090547137,16822.129363652843,1,1,0,0
2005,West_DE,Germany,Spring_Barley,90312,4.751,3.8513986269632974,14.223821957906088,22.4020201365153,15.267203172047934,-1.0162683576345444,4.516495267550151,11.578036626180014,6.852363665898641,9.37015861272812,16.990028381347656,20.381311416625977,23.07624340057373,23.602333068847656,1.387109875679016,9.707326690355938,10.823983510335289,843.3142751455307,1529.102554321289,205.07709503173828,195.9658966064453,207.27215576171875,152.1105995178223,118.25509643554688,135.2143325805664,150.8878936767578,760.4257469177246,159.9084136209675,38402.632632768014,42961.7465541102,123.2906551361084,564.9513549804688,750.9201965332031,329.85837173461914,539.6350708007812,540.4183044433594,3.60547569974894,51.0,13.0,12.0,2.0,1836.2315338878716,3521.5598090547137,16822.129363652843,1,1,0,0
2005,West_DE,Germany,Wheat,517950,7.773,3.8513986269632974,14.223821957906088,22.4020201365153,15.267203172047934,-1.0162683576345444,4.516495267550151,11.578036626180014,6.852363665898641,9.37015861272812,16.990028381347656,20.381311416625977,23.07624340057373,23.602333068847656,1.387109875679016,9.707326690355938,10.823983510335289,843.3142751455307,1529.102554321289,205.07709503173828,195.9658966064453,207.27215576171875,152.1105995178223,118.25509643554688,135.2143325805664,150.8878936767578,760.4257469177246,159.9084136209675,38402.632632768014,42961.7465541102,123.2906551361084,564.9513549804688,750.9201965332031,329.85837173461914,539.6350708007812,540.4183044433594,3.60547569974894,51.0,13.0,12.0,2.0,1836.2315338878716,3521.5598090547137,16822.129363652843,1,1,0,0
2005,West_DE,Germany,Winter_Barley,287224,6.719,3.8513986269632974,14.223821957906088,22.4020201365153,15.267203172047934,-1.0162683576345444,4.516495267550151,11.578036626180014,6.852363665898641,9.37015861272812,16.990028381347656,20.381311416625977,23.07624340057373,23.602333068847656,1.387109875679016,9.707326690355938,10.823983510335289,843.3142751455307,1529.102554321289,205.07709503173828,195.9658966064453,207.27215576171875,152.1105995178223,118.25509643554688,135.2143325805664,150.8878936767578,760.4257469177246,159.9084136209675,38402.632632768014,42961.7465541102,123.2906551361084,564.9513549804688,750.9201965332031,329.85837173461914,539.6350708007812,540.4183044433594,3.60547569974894,51.0,13.0,12.0,2.0,1836.2315338878716,3521.5598090547137,16822.129363652843,1,1,0,0
2006,Nord_DE,Germany,Oats,31185,4.486,4.012313365936279,11.64115556081136,23.83845392862956,16.588444073994953,-0.626225471496582,3.1190949281056723,12.792887369791666,8.929813226064047,7.380125244458517,18.315670649210613,19.96195697784424,25.06830883026123,28.37013053894043,-2.470350503921509,8.522060632705688,11.045566558837892,664.2112720012665,1648.410358428955,111.5997486114502,191.08818817138672,210.4107894897461,143.35531044006348,120.40462493896484,69.72431182861328,175.0547981262207,656.4540367126465,263.88012382604563,36514.6956586233,44272.700333698245,101.0546932220459,538.2549819946289,805.4087371826172,284.21595764160156,612.8777160644531,544.9004821777344,3.809686057776542,48.0,27.0,2.0,3.0,1410.2547614414905,3853.814721334576,19199.699075043533,1,1,0,0
2006,Nord_DE,Germany,Oilseed_Rape,502906,3.845,4.012313365936279,11.64115556081136,23.83845392862956,16.588444073994953,-0.626225471496582,3.1190949281056723,12.792887369791666,8.929813226064047,7.380125244458517,18.315670649210613,19.96195697784424,25.06830883026123,28.37013053894043,-2.470350503921509,8.522060632705688,11.045566558837892,664.2112720012665,1648.410358428955,111.5997486114502,191.08818817138672,210.4107894897461,143.35531044006348,120.40462493896484,69.72431182861328,175.0547981262207,656.4540367126465,263.88012382604563,36514.6956586233,44272.700333698245,101.0546932220459,538.2549819946289,805.4087371826172,284.21595764160156,612.8777160644531,544.9004821777344,3.809686057776542,48.0,27.0,2.0,3.0,1410.2547614414905,3853.814721334576,19199.699075043533,1,1,0,0
2006,Nord_DE,Germany,Spring_Barley,68976,4.614,4.012313365936279,11.64115556081136,23.83845392862956,16.588444073994953,-0.626225471496582,3.1190949281056723,12.792887369791666,8.929813226064047,7.380125244458517,18.315670649210613,19.96195697784424,25.06830883026123,28.37013053894043,-2.470350503921509,8.522060632705688,11.045566558837892,664.2112720012665,1648.410358428955,111.5997486114502,191.08818817138672,210.4107894897461,143.35531044006348,120.40462493896484,69.72431182861328,175.0547981262207,656.4540367126465,263.88012382604563,36514.6956586233,44272.700333698245,101.0546932220459,538.2549819946289,805.4087371826172,284.21595764160156,612.8777160644531,544.9004821777344,3.809686057776542,48.0,27.0,2.0,3.0,1410.2547614414905,3853.814721334576,19199.699075043533,1,1,0,0
2006,Nord_DE,Germany,Wheat,893851,7.926,4.012313365936279,11.64115556081136,23.83845392862956,16.588444073994953,-0.626225471496582,3.1190949281056723,12.792887369791666,8.929813226064047,7.380125244458517,18.315670649210613,19.96195697784424,25.06830883026123,28.37013053894043,-2.470350503921509,8.522060632705688,11.045566558837892,664.2112720012665,1648.410358428955,111.5997486114502,191.08818817138672,210.4107894897461,143.35531044006348,120.40462493896484,69.72431182861328,175.0547981262207,656.4540367126465,263.88012382604563,36514.6956586233,44272.700333698245,101.0546932220459,538.2549819946289,805.4087371826172,284.21595764160156,612.8777160644531,544.9004821777344,3.809686057776542,48.0,27.0,2.0,3.0,1410.2547614414905,3853.814721334576,19199.699075043533,1,1,0,0
2006,Nord_DE,Germany,Winter_Barley,384890,6.8,4.012313365936279,11.64115556081136,23.83845392862956,16.588444073994953,-0.626225471496582,3.1190949281056723,12.792887369791666,8.929813226064047,7.380125244458517,18.315670649210613,19.96195697784424,25.06830883026123,28.37013053894043,-2.470350503921509,8.522060632705688,11.045566558837892,664.2112720012665,1648.410358428955,111.5997486114502,191.08818817138672,210.4107894897461,143.35531044006348,120.40462493896484,69.72431182861328,175.0547981262207,656.4540367126465,263.88012382604563,36514.6956586233,44272.700333698245,101.0546932220459,538.2549819946289,805.4087371826172,284.21595764160156,612.8777160644531,544.9004821777344,3.809686057776542,48.0,27.0,2.0,3.0,1410.2547614414905,3853.814721334576,19199.699075043533,1,1,0,0
2006,Ost_DE,Germany,Oats,33436,3.898,2.868038376172384,12.229491551717125,24.584781010945637,16.829235712687176,-2.7383960088094077,2.7807456652323403,12.472506841023764,7.674566586812337,7.5051186084747314,18.5286439259847,20.87134552001953,26.26249599456787,29.616147994995117,-2.490811824798584,9.448745886484785,12.112274169921871,675.4606747627258,1667.577953338623,97.30874252319336,164.62408828735352,164.42694473266602,103.3941135406494,102.24772644042967,70.83398818969727,127.922664642334,529.7538890838623,390.5802714548298,27101.090444442365,27036.220154119204,125.55550384521484,564.4087371826172,819.5362548828125,321.94776153564453,629.8208618164062,565.2265014648438,4.954067526346467,60.0,27.0,4.0,3.0,1235.523308408604,3046.608310789134,20148.11935682447,1,1,0,1
2006,Ost_DE,Germany,Oilseed_Rape,571991,3.618,2.868038376172384,12.229491551717125,24.584781010945637,16.829235712687176,-2.7383960088094077,2.7807456652323403,12.472506841023764,7.674566586812337,7.5051186084747314,18.5286439259847,20.87134552001953,26.26249599456787,29.616147994995117,-2.490811824798584,9.448745886484785,12.112274169921871,675.4606747627258,1667.577953338623,97.30874252319336,164.62408828735352,164.42694473266602,103.3941135406494,102.24772644042967,70.83398818969727,127.922664642334,529.7538890838623,390.5802714548298,27101.090444442365,27036.220154119204,125.55550384521484,564.4087371826172,819.5362548828125,321.94776153564453,629.8208618164062,565.2265014648438,4.954067526346467,60.0,27.0,4.0,3.0,1235.523308408604,3046.608310789134,20148.11935682447,1,1,0,1
2006,Ost_DE,Germany,Spring_Barley,100590,4.837,2.868038376172384,12.229491551717125,24.584781010945637,16.829235712687176,-2.7383960088094077,2.7807456652323403,12.472506841023764,7.674566586812337,7.5051186084747314,18.5286439259847,20.87134552001953,26.26249599456787,29.616147994995117,-2.490811824798584,9.448745886484785,12.112274169921871,675.4606747627258,1667.577953338623,97.30874252319336,164.62408828735352,164.42694473266602,103.3941135406494,102.24772644042967,70.83398818969727,127.922664642334,529.7538890838623,390.5802714548298,27101.090444442365,27036.220154119204,125.55550384521484,564.4087371826172,819.5362548828125,321.94776153564453,629.8208618164062,565.2265014648438,4.954067526346467,60.0,27.0,4.0,3.0,1235.523308408604,3046.608310789134,20148.11935682447,1,1,0,1
2006,Ost_DE,Germany,Wheat,826359,6.461,2.868038376172384,12.229491551717125,24.584781010945637,16.829235712687176,-2.7383960088094077,2.7807456652323403,12.472506841023764,7.674566586812337,7.5051186084747314,18.5286439259847,20.87134552001953,26.26249599456787,29.616147994995117,-2.490811824798584,9.448745886484785,12.112274169921871,675.4606747627258,1667.577953338623,97.30874252319336,164.62408828735352,164.42694473266602,103.3941135406494,102.24772644042967,70.83398818969727,127.922664642334,529.7538890838623,390.5802714548298,27101.090444442365,27036.220154119204,125.55550384521484,564.4087371826172,819.5362548828125,321.94776153564453,629.8208618164062,565.2265014648438,4.954067526346467,60.0,27.0,4.0,3.0,1235.523308408604,3046.608310789134,20148.11935682447,1,1,0,1
2006,Ost_DE,Germany,Winter_Barley,336088,6.229,2.868038376172384,12.229491551717125,24.584781010945637,16.829235712687176,-2.7383960088094077,2.7807456652323403,12.472506841023764,7.674566586812337,7.5051186084747314,18.5286439259847,20.87134552001953,26.26249599456787,29.616147994995117,-2.490811824798584,9.448745886484785,12.112274169921871,675.4606747627258,1667.577953338623,97.30874252319336,164.62408828735352,164.42694473266602,103.3941135406494,102.24772644042967,70.83398818969727,127.922664642334,529.7538890838623,390.5802714548298,27101.090444442365,27036.220154119204,125.55550384521484,564.4087371826172,819.5362548828125,321.94776153564453,629.8208618164062,565.2265014648438,4.954067526346467,60.0,27.0,4.0,3.0,1235.523308408604,3046.608310789134,20148.11935682447,1,1,0,1
2006,Sued_DE,Germany,Oats,67505,4.717,2.502370605866114,12.093853950500488,23.47582244873047,16.181092898050945,-4.00080527861913,2.7062187989552817,11.893535931905111,6.58397642771403,7.400036374727885,17.68467919031779,20.457836151123047,25.56045627593994,28.275623321533203,-2.571786403656006,9.387635151545206,11.582286516825356,666.0032737255096,1591.621127128601,130.48068809509277,323.97349548339844,285.5802230834961,151.9654426574707,202.8390884399414,125.77953338623048,220.88558959960935,891.999849319458,28.33431121923411,104958.8257757316,81556.0638164194,171.7477989196777,586.9991302490234,849.5414276123047,367.40956115722656,654.1545715332031,576.8711547851562,2.96441051818425,74.0,29.0,6.0,7.0,2397.4156510248886,5050.394628331016,19943.683717467473,1,1,0,0
2006,Sued_DE,Germany,Oilseed_Rape,240949,3.853,2.502370605866114,12.093853950500488,23.47582244873047,16.181092898050945,-4.00080527861913,2.7062187989552817,11.893535931905111,6.58397642771403,7.400036374727885,17.68467919031779,20.457836151123047,25.56045627593994,28.275623321533203,-2.571786403656006,9.387635151545206,11.582286516825356,666.0032737255096,1591.621127128601,130.48068809509277,323.97349548339844,285.5802230834961,151.9654426574707,202.8390884399414,125.77953338623048,220.88558959960935,891.999849319458,28.33431121923411,104958.8257757316,81556.0638164194,171.7477989196777,586.9991302490234,849.5414276123047,367.40956115722656,654.1545715332031,576.8711547851562,2.96441051818425,74.0,29.0,6.0,7.0,2397.4156510248886,5050.394628331016,19943.683717467473,1,1,0,0
2006,Sued_DE,Germany,Spring_Barley,223109,4.471,2.502370605866114,12.093853950500488,23.47582244873047,16.181092898050945,-4.00080527861913,2.7062187989552817,11.893535931905111,6.58397642771403,7.400036374727885,17.68467919031779,20.457836151123047,25.56045627593994,28.275623321533203,-2.571786403656006,9.387635151545206,11.582286516825356,666.0032737255096,1591.621127128601,130.48068809509277,323.97349548339844,285.5802230834961,151.9654426574707,202.8390884399414,125.77953338623048,220.88558959960935,891.999849319458,28.33431121923411,104958.8257757316,81556.0638164194,171.7477989196777,586.9991302490234,849.5414276123047,367.40956115722656,654.1545715332031,576.8711547851562,2.96441051818425,74.0,29.0,6.0,7.0,2397.4156510248886,5050.394628331016,19943.683717467473,1,1,0,0
2006,Sued_DE,Germany,Wheat,662521,6.998,2.502370605866114,12.093853950500488,23.47582244873047,16.181092898050945,-4.00080527861913,2.7062187989552817,11.893535931905111,6.58397642771403,7.400036374727885,17.68467919031779,20.457836151123047,25.56045627593994,28.275623321533203,-2.571786403656006,9.387635151545206,11.582286516825356,666.0032737255096,1591.621127128601,130.48068809509277,323.97349548339844,285.5802230834961,151.9654426574707,202.8390884399414,125.77953338623048,220.88558959960935,891.999849319458,28.33431121923411,104958.8257757316,81556.0638164194,171.7477989196777,586.9991302490234,849.5414276123047,367.40956115722656,654.1545715332031,576.8711547851562,2.96441051818425,74.0,29.0,6.0,7.0,2397.4156510248886,5050.394628331016,19943.683717467473,1,1,0,0
2006,Sued_DE,Germany,Winter_Barley,396345,5.715,2.502370605866114,12.093853950500488,23.47582244873047,16.181092898050945,-4.00080527861913,2.7062187989552817,11.893535931905111,6.58397642771403,7.400036374727885,17.68467919031779,20.457836151123047,25.56045627593994,28.275623321533203,-2.571786403656006,9.387635151545206,11.582286516825356,666.0032737255096,1591.621127128601,130.48068809509277,323.97349548339844,285.5802230834961,151.9654426574707,202.8390884399414,125.77953338623048,220.88558959960935,891.999849319458,28.33431121923411,104958.8257757316,81556.0638164194,171.7477989196777,586.9991302490234,849.5414276123047,367.40956115722656,654.1545715332031,576.8711547851562,2.96441051818425,74.0,29.0,6.0,7.0,2397.4156510248886,5050.394628331016,19943.683717467473,1,1,0,0
2006,West_DE,Germany,Oats,37794,4.657,3.952703913052877,12.539732297261557,23.935324986775715,16.787904739379883,-1.1806666453679402,3.642610271771749,12.633353233337402,8.541893323262531,8.091171284516653,18.284339110056557,20.523433685302734,25.847599029541016,29.067411422729492,-0.983012557029724,8.897122025489807,11.301971753438313,728.2054156064987,1645.5905199050903,145.51766395568848,245.9484405517578,219.0340118408203,154.93643188476562,138.17841339111328,87.48123168945312,179.55570602416992,765.4365482330322,154.8976123056599,60490.63540984155,47975.89834308461,123.05005073547365,543.2760848999023,807.5084991455078,310.5505180358887,625.3083801269531,541.4862670898438,3.669925810059244,53.0,25.0,1.0,3.0,1990.010959664034,4004.892149133702,19327.97835663123,1,1,0,0
2006,West_DE,Germany,Oilseed_Rape,175260,3.862,3.952703913052877,12.539732297261557,23.935324986775715,16.787904739379883,-1.1806666453679402,3.642610271771749,12.633353233337402,8.541893323262531,8.091171284516653,18.284339110056557,20.523433685302734,25.847599029541016,29.067411422729492,-0.983012557029724,8.897122025489807,11.301971753438313,728.2054156064987,1645.5905199050903,145.51766395568848,245.9484405517578,219.0340118408203,154.93643188476562,138.17841339111328,87.48123168945312,179.55570602416992,765.4365482330322,154.8976123056599,60490.63540984155,47975.89834308461,123.05005073547365,543.2760848999023,807.5084991455078,310.5505180358887,625.3083801269531,541.4862670898438,3.669925810059244,53.0,25.0,1.0,3.0,1990.010959664034,4004.892149133702,19327.97835663123,1,1,0,0
2006,West_DE,Germany,Spring_Barley,91523,5.012,3.952703913052877,12.539732297261557,23.935324986775715,16.787904739379883,-1.1806666453679402,3.642610271771749,12.633353233337402,8.541893323262531,8.091171284516653,18.284339110056557,20.523433685302734,25.847599029541016,29.067411422729492,-0.983012557029724,8.897122025489807,11.301971753438313,728.2054156064987,1645.5905199050903,145.51766395568848,245.9484405517578,219.0340118408203,154.93643188476562,138.17841339111328,87.48123168945312,179.55570602416992,765.4365482330322,154.8976123056599,60490.63540984155,47975.89834308461,123.05005073547365,543.2760848999023,807.5084991455078,310.5505180358887,625.3083801269531,541.4862670898438,3.669925810059244,53.0,25.0,1.0,3.0,1990.010959664034,4004.892149133702,19327.97835663123,1,1,0,0
2006,West_DE,Germany,Wheat,514517,7.591,3.952703913052877,12.539732297261557,23.935324986775715,16.787904739379883,-1.1806666453679402,3.642610271771749,12.633353233337402,8.541893323262531,8.091171284516653,18.284339110056557,20.523433685302734,25.847599029541016,29.067411422729492,-0.983012557029724,8.897122025489807,11.301971753438313,728.2054156064987,1645.5905199050903,145.51766395568848,245.9484405517578,219.0340118408203,154.93643188476562,138.17841339111328,87.48123168945312,179.55570602416992,765.4365482330322,154.8976123056599,60490.63540984155,47975.89834308461,123.05005073547365,543.2760848999023,807.5084991455078,310.5505180358887,625.3083801269531,541.4862670898438,3.669925810059244,53.0,25.0,1.0,3.0,1990.010959664034,4004.892149133702,19327.97835663123,1,1,0,0
2006,West_DE,Germany,Winter_Barley,288660,6.765,3.952703913052877,12.539732297261557,23.935324986775715,16.787904739379883,-1.1806666453679402,3.642610271771749,12.633353233337402,8.541893323262531,8.091171284516653,18.284339110056557,20.523433685302734,25.847599029541016,29.067411422729492,-0.983012557029724,8.897122025489807,11.301971753438313,728.2054156064987,1645.5905199050903,145.51766395568848,245.9484405517578,219.0340118408203,154.93643188476562,138.17841339111328,87.48123168945312,179.55570602416992,765.4365482330322,154.8976123056599,60490.63540984155,47975.89834308461,123.05005073547365,543.2760848999023,807.5084991455078,310.5505180358887,625.3083801269531,541.4862670898438,3.669925810059244,53.0,25.0,1.0,3.0,1990.010959664034,4004.892149133702,19327.97835663123,1,1,0,0
2007,Nord_DE,Germany,Oats,31236,4.051,6.253305276234944,15.772573788960775,21.903873443603516,12.450352350870768,1.7530900637308755,5.264379660288493,12.652261734008787,5.751886367797852,10.518476724624634,17.278067588806152,20.462380409240723,21.87220001220703,22.058380126953125,2.929856777191162,10.508194128672285,9.251611709594728,946.662905216217,1555.0260829925537,251.2450408935547,167.0613899230957,310.93150329589844,194.78527069091797,60.83998489379883,231.9494857788086,203.9713134765625,924.0232048034668,3.6890442647746795,27909.508003036623,96678.3997418473,92.6684913635254,637.7616729736328,696.7337341308594,254.2501640319824,478.8794250488281,502.29942321777344,2.2336113113587546,25.0,3.0,8.0,2.0,1757.2313414895225,5372.295529435636,15261.167536291645,1,0,0,1
2007,Nord_DE,Germany,Oilseed_Rape,503434,3.386,6.253305276234944,15.772573788960775,21.903873443603516,12.450352350870768,1.7530900637308755,5.264379660288493,12.652261734008787,5.751886367797852,10.518476724624634,17.278067588806152,20.462380409240723,21.87220001220703,22.058380126953125,2.929856777191162,10.508194128672285,9.251611709594728,946.662905216217,1555.0260829925537,251.2450408935547,167.0613899230957,310.93150329589844,194.78527069091797,60.83998489379883,231.9494857788086,203.9713134765625,924.0232048034668,3.6890442647746795,27909.508003036623,96678.3997418473,92.6684913635254,637.7616729736328,696.7337341308594,254.2501640319824,478.8794250488281,502.29942321777344,2.2336113113587546,25.0,3.0,8.0,2.0,1757.2313414895225,5372.295529435636,15261.167536291645,1,0,0,1
2007,Nord_DE,Germany,Spring_Barley,68877,4.134,6.253305276234944,15.772573788960775,21.903873443603516,12.450352350870768,1.7530900637308755,5.264379660288493,12.652261734008787,5.751886367797852,10.518476724624634,17.278067588806152,20.462380409240723,21.87220001220703,22.058380126953125,2.929856777191162,10.508194128672285,9.251611709594728,946.662905216217,1555.0260829925537,251.2450408935547,167.0613899230957,310.93150329589844,194.78527069091797,60.83998489379883,231.9494857788086,203.9713134765625,924.0232048034668,3.6890442647746795,27909.508003036623,96678.3997418473,92.6684913635254,637.7616729736328,696.7337341308594,254.2501640319824,478.8794250488281,502.29942321777344,2.2336113113587546,25.0,3.0,8.0,2.0,1757.2313414895225,5372.295529435636,15261.167536291645,1,0,0,1
2007,Nord_DE,Germany,Wheat,894756,6.923,6.253305276234944,15.772573788960775,21.903873443603516,12.450352350870768,1.7530900637308755,5.264379660288493,12.652261734008787,5.751886367797852,10.518476724624634,17.278067588806152,20.462380409240723,21.87220001220703,22.058380126953125,2.929856777191162,10.508194128672285,9.251611709594728,946.662905216217,1555.0260829925537,251.2450408935547,167.0613899230957,310.93150329589844,194.78527069091797,60.83998489379883,231.9494857788086,203.9713134765625,924.0232048034668,3.6890442647746795,27909.508003036623,96678.3997418473,92.6684913635254,637.7616729736328,696.7337341308594,254.2501640319824,478.8794250488281,502.29942321777344,2.2336113113587546,25.0,3.0,8.0,2.0,1757.2313414895225,5372.295529435636,15261.167536291645,1,0,0,1
2007,Nord_DE,Germany,Winter_Barley,384332,5.698,6.253305276234944,15.772573788960775,21.903873443603516,12.450352350870768,1.7530900637308755,5.264379660288493,12.652261734008787,5.751886367797852,10.518476724624634,17.278067588806152,20.462380409240723,21.87220001220703,22.058380126953125,2.929856777191162,10.508194128672285,9.251611709594728,946.662905216217,1555.0260829925537,251.2450408935547,167.0613899230957,310.93150329589844,194.78527069091797,60.83998489379883,231.9494857788086,203.9713134765625,924.0232048034668,3.6890442647746795,27909.508003036623,96678.3997418473,92.6684913635254,637.7616729736328,696.7337341308594,254.2501640319824,478.8794250488281,502.29942321777344,2.2336113113587546,25.0,3.0,8.0,2.0,1757.2313414895225,5372.295529435636,15261.167536291645,1,0,0,1
2007,Ost_DE,Germany,Oats,34373,3.412,5.840690851211548,16.531033515930176,23.163476308186848,11.8262726465861,0.7097026109695435,4.504965305328369,12.446793874104818,4.515403926372528,10.517999410629272,17.805135091145832,22.119060516357425,23.298468589782715,23.541606903076172,1.689039707183838,12.026068210601808,10.71668243408203,946.6199469566344,1602.462158203125,163.71739959716797,175.00205183029175,280.5412139892578,184.32364559173584,57.87038373947144,203.9611053466797,186.15522003173828,803.5843110084534,116.74984953023875,30625.71814481212,78703.37274656654,113.09370040893556,670.5675201416016,731.7606658935547,263.5703773498535,502.97633361816406,535.888916015625,2.599124495930727,37.0,7.0,17.0,4.0,1840.671478009922,4995.074213712786,16950.120847688384,1,1,0,1
2007,Ost_DE,Germany,Oilseed_Rape,571159,3.167,5.840690851211548,16.531033515930176,23.163476308186848,11.8262726465861,0.7097026109695435,4.504965305328369,12.446793874104818,4.515403926372528,10.517999410629272,17.805135091145832,22.119060516357425,23.298468589782715,23.541606903076172,1.689039707183838,12.026068210601808,10.71668243408203,946.6199469566344,1602.462158203125,163.71739959716797,175.00205183029175,280.5412139892578,184.32364559173584,57.87038373947144,203.9611053466797,186.15522003173828,803.5843110084534,116.74984953023875,30625.71814481212,78703.37274656654,113.09370040893556,670.5675201416016,731.7606658935547,263.5703773498535,502.97633361816406,535.888916015625,2.599124495930727,37.0,7.0,17.0,4.0,1840.671478009922,4995.074213712786,16950.120847688384,1,1,0,1
2007,Ost_DE,Germany,Spring_Barley,101004,4.518,5.840690851211548,16.531033515930176,23.163476308186848,11.8262726465861,0.7097026109695435,4.504965305328369,12.446793874104818,4.515403926372528,10.517999410629272,17.805135091145832,22.119060516357425,23.298468589782715,23.541606903076172,1.689039707183838,12.026068210601808,10.71668243408203,946.6199469566344,1602.462158203125,163.71739959716797,175.00205183029175,280.5412139892578,184.32364559173584,57.87038373947144,203.9611053466797,186.15522003173828,803.5843110084534,116.74984953023875,30625.71814481212,78703.37274656654,113.09370040893556,670.5675201416016,731.7606658935547,263.5703773498535,502.97633361816406,535.888916015625,2.599124495930727,37.0,7.0,17.0,4.0,1840.671478009922,4995.074213712786,16950.120847688384,1,1,0,1
2007,Ost_DE,Germany,Wheat,825644,6.656,5.840690851211548,16.531033515930176,23.163476308186848,11.8262726465861,0.7097026109695435,4.504965305328369,12.446793874104818,4.515403926372528,10.517999410629272,17.805135091145832,22.119060516357425,23.298468589782715,23.541606903076172,1.689039707183838,12.026068210601808,10.71668243408203,946.6199469566344,1602.462158203125,163.71739959716797,175.00205183029175,280.5412139892578,184.32364559173584,57.87038373947144,203.9611053466797,186.15522003173828,803.5843110084534,116.74984953023875,30625.71814481212,78703.37274656654,113.09370040893556,670.5675201416016,731.7606658935547,263.5703773498535,502.97633361816406,535.888916015625,2.599124495930727,37.0,7.0,17.0,4.0,1840.671478009922,4995.074213712786,16950.120847688384,1,1,0,1
2007,Ost_DE,Germany,Winter_Barley,336088,5.957,5.840690851211548,16.531033515930176,23.163476308186848,11.8262726465861,0.7097026109695435,4.504965305328369,12.446793874104818,4.515403926372528,10.517999410629272,17.805135091145832,22.119060516357425,23.298468589782715,23.541606903076172,1.689039707183838,12.026068210601808,10.71668243408203,946.6199469566344,1602.462158203125,163.71739959716797,175.00205183029175,280.5412139892578,184.32364559173584,57.87038373947144,203.9611053466797,186.15522003173828,803.5843110084534,116.74984953023875,30625.71814481212,78703.37274656654,113.09370040893556,670.5675201416016,731.7606658935547,263.5703773498535,502.97633361816406,535.888916015625,2.599124495930727,37.0,7.0,17.0,4.0,1840.671478009922,4995.074213712786,16950.120847688384,1,1,0,1
2007,Sued_DE,Germany,Oats,67505,4.345,5.5719380378723145,16.393878936767578,22.49173355102539,11.381614685058594,-0.5314054687817892,4.101790974537532,11.669756571451822,3.2601372599601746,10.247834955652555,17.080745061238606,21.280997276306152,22.761795043945312,22.76384735107422,0.4319030940532684,12.292087962230044,10.821976979573568,922.30514600873,1537.2670555114746,236.1374053955078,227.9386329650879,341.6348648071289,218.08100128173828,67.94452285766602,244.46704864501953,228.81900024414065,1023.7919044494628,103.45774391077066,51956.02039799305,116714.38085178524,157.11984634399414,727.772216796875,788.9810485839844,311.560733795166,554.505615234375,558.3782958984375,2.3026875826781557,45.0,13.0,22.0,1.0,2335.8774906432855,5835.378029801286,17745.551521559595,1,1,0,0
2007,Sued_DE,Germany,Oilseed_Rape,240815,4.067,5.5719380378723145,16.393878936767578,22.49173355102539,11.381614685058594,-0.5314054687817892,4.101790974537532,11.669756571451822,3.2601372599601746,10.247834955652555,17.080745061238606,21.280997276306152,22.761795043945312,22.76384735107422,0.4319030940532684,12.292087962230044,10.821976979573568,922.30514600873,1537.2670555114746,236.1374053955078,227.9386329650879,341.6348648071289,218.08100128173828,67.94452285766602,244.46704864501953,228.81900024414065,1023.7919044494628,103.45774391077066,51956.02039799305,116714.38085178524,157.11984634399414,727.772216796875,788.9810485839844,311.560733795166,554.505615234375,558.3782958984375,2.3026875826781557,45.0,13.0,22.0,1.0,2335.8774906432855,5835.378029801286,17745.551521559595,1,1,0,0
2007,Sued_DE,Germany,Spring_Barley,222847,4.27,5.5719380378723145,16.393878936767578,22.49173355102539,11.381614685058594,-0.5314054687817892,4.101790974537532,11.669756571451822,3.2601372599601746,10.247834955652555,17.080745061238606,21.280997276306152,22.761795043945312,22.76384735107422,0.4319030940532684,12.292087962230044,10.821976979573568,922.30514600873,1537.2670555114746,236.1374053955078,227.9386329650879,341.6348648071289,218.08100128173828,67.94452285766602,244.46704864501953,228.81900024414065,1023.7919044494628,103.45774391077066,51956.02039799305,116714.38085178524,157.11984634399414,727.772216796875,788.9810485839844,311.560733795166,554.505615234375,558.3782958984375,2.3026875826781557,45.0,13.0,22.0,1.0,2335.8774906432855,5835.378029801286,17745.551521559595,1,1,0,0
2007,Sued_DE,Germany,Wheat,662521,7.372,5.5719380378723145,16.393878936767578,22.49173355102539,11.381614685058594,-0.5314054687817892,4.101790974537532,11.669756571451822,3.2601372599601746,10.247834955652555,17.080745061238606,21.280997276306152,22.761795043945312,22.76384735107422,0.4319030940532684,12.292087962230044,10.821976979573568,922.30514600873,1537.2670555114746,236.1374053955078,227.9386329650879,341.6348648071289,218.08100128173828,67.94452285766602,244.46704864501953,228.81900024414065,1023.7919044494628,103.45774391077066,51956.02039799305,116714.38085178524,157.11984634399414,727.772216796875,788.9810485839844,311.560733795166,554.505615234375,558.3782958984375,2.3026875826781557,45.0,13.0,22.0,1.0,2335.8774906432855,5835.378029801286,17745.551521559595,1,1,0,0
2007,Sued_DE,Germany,Winter_Barley,396345,5.862,5.5719380378723145,16.393878936767578,22.49173355102539,11.381614685058594,-0.5314054687817892,4.101790974537532,11.669756571451822,3.2601372599601746,10.247834955652555,17.080745061238606,21.280997276306152,22.761795043945312,22.76384735107422,0.4319030940532684,12.292087962230044,10.821976979573568,922.30514600873,1537.2670555114746,236.1374053955078,227.9386329650879,341.6348648071289,218.08100128173828,67.94452285766602,244.46704864501953,228.81900024414065,1023.7919044494628,103.45774391077066,51956.02039799305,116714.38085178524,157.11984634399414,727.772216796875,788.9810485839844,311.560733795166,554.505615234375,558.3782958984375,2.3026875826781557,45.0,13.0,22.0,1.0,2335.8774906432855,5835.378029801286,17745.551521559595,1,1,0,0
2007,West_DE,Germany,Oats,38471,4.245,6.619482040405273,16.616642634073894,21.95166269938151,12.471696058909098,1.4967207411925,5.4227151075998945,12.122105598449709,5.180881182352702,11.019678870836897,17.03688414891561,20.82432651519775,22.13030242919922,22.308019638061523,2.0168278217315674,11.193927526474,9.829557100931805,991.7710983753204,1533.3195734024048,263.31200408935547,189.58022046089172,319.7878952026367,199.33562088012695,68.70827221870422,206.0324935913086,217.59576416015625,972.0157406330108,51.68158009431863,35940.659990000306,102264.29791813256,114.49755668640135,654.3279266357422,708.2835083007812,269.29194259643555,488.5221710205078,488.68641662597656,2.2079496106091208,30.0,5.0,10.0,2.0,2089.113149741489,5448.189322792888,15548.000669753335,1,0,0,0
2007,West_DE,Germany,Oilseed_Rape,180157,3.513,6.619482040405273,16.616642634073894,21.95166269938151,12.471696058909098,1.4967207411925,5.4227151075998945,12.122105598449709,5.180881182352702,11.019678870836897,17.03688414891561,20.82432651519775,22.13030242919922,22.308019638061523,2.0168278217315674,11.193927526474,9.829557100931805,991.7710983753204,1533.3195734024048,263.31200408935547,189.58022046089172,319.7878952026367,199.33562088012695,68.70827221870422,206.0324935913086,217.59576416015625,972.0157406330108,51.68158009431863,35940.659990000306,102264.29791813256,114.49755668640135,654.3279266357422,708.2835083007812,269.29194259643555,488.5221710205078,488.68641662597656,2.2079496106091208,30.0,5.0,10.0,2.0,2089.113149741489,5448.189322792888,15548.000669753335,1,0,0,0
2007,West_DE,Germany,Spring_Barley,91386,4.107,6.619482040405273,16.616642634073894,21.95166269938151,12.471696058909098,1.4967207411925,5.4227151075998945,12.122105598449709,5.180881182352702,11.019678870836897,17.03688414891561,20.82432651519775,22.13030242919922,22.308019638061523,2.0168278217315674,11.193927526474,9.829557100931805,991.7710983753204,1533.3195734024048,263.31200408935547,189.58022046089172,319.7878952026367,199.33562088012695,68.70827221870422,206.0324935913086,217.59576416015625,972.0157406330108,51.68158009431863,35940.659990000306,102264.29791813256,114.49755668640135,654.3279266357422,708.2835083007812,269.29194259643555,488.5221710205078,488.68641662597656,2.2079496106091208,30.0,5.0,10.0,2.0,2089.113149741489,5448.189322792888,15548.000669753335,1,0,0,0
2007,West_DE,Germany,Wheat,516677,7.085,6.619482040405273,16.616642634073894,21.95166269938151,12.471696058909098,1.4967207411925,5.4227151075998945,12.122105598449709,5.180881182352702,11.019678870836897,17.03688414891561,20.82432651519775,22.13030242919922,22.308019638061523,2.0168278217315674,11.193927526474,9.829557100931805,991.7710983753204,1533.3195734024048,263.31200408935547,189.58022046089172,319.7878952026367,199.33562088012695,68.70827221870422,206.0324935913086,217.59576416015625,972.0157406330108,51.68158009431863,35940.659990000306,102264.29791813256,114.49755668640135,654.3279266357422,708.2835083007812,269.29194259643555,488.5221710205078,488.68641662597656,2.2079496106091208,30.0,5.0,10.0,2.0,2089.113149741489,5448.189322792888,15548.000669753335,1,0,0,0
2007,West_DE,Germany,Winter_Barley,290495,5.728,6.619482040405273,16.616642634073894,21.95166269938151,12.471696058909098,1.4967207411925,5.4227151075998945,12.122105598449709,5.180881182352702,11.019678870836897,17.03688414891561,20.82432651519775,22.13030242919922,22.308019638061523,2.0168278217315674,11.193927526474,9.829557100931805,991.7710983753204,1533.3195734024048,263.31200408935547,189.58022046089172,319.7878952026367,199.33562088012695,68.70827221870422,206.0324935913086,217.59576416015625,972.0157406330108,51.68158009431863,35940.659990000306,102264.29791813256,114.49755668640135,654.3279266357422,708.2835083007812,269.29194259643555,488.5221710205078,488.68641662597656,2.2079496106091208,30.0,5.0,10.0,2.0,2089.113149741489,5448.189322792888,15548.000669753335,1,0,0,0
2008,Nord_DE,Germany,Oats,31236,4.094,6.05109969774882,13.41529369354248,22.56737200419108,13.030959129333496,1.1371868997812271,3.969344655672709,12.182816823323568,6.222452322642009,8.692319174607595,17.375094413757324,21.14488410949707,22.930258750915527,23.487154006958008,1.32856023311615,9.445949037869772,10.384555180867514,782.3087257146835,1563.7584972381592,167.1167812347412,145.7306489944458,233.83236694335935,176.0294532775879,130.1775665283203,135.85325622558594,193.36627197265625,722.7092504501343,197.62491008855784,21237.42205634237,54677.575830333866,109.77229309082033,613.2619934082031,756.1658935546875,246.3101348876953,560.2325744628906,614.6743469238281,3.2200241533871337,26.0,15.0,8.0,4.0,1266.7373145824304,4062.859452633216,17064.677016730187,1,1,0,1
2008,Nord_DE,Germany,Oilseed_Rape,503550,3.921,6.05109969774882,13.41529369354248,22.56737200419108,13.030959129333496,1.1371868997812271,3.969344655672709,12.182816823323568,6.222452322642009,8.692319174607595,17.375094413757324,21.14488410949707,22.930258750915527,23.487154006958008,1.32856023311615,9.445949037869772,10.384555180867514,782.3087257146835,1563.7584972381592,167.1167812347412,145.7306489944458,233.83236694335935,176.0294532775879,130.1775665283203,135.85325622558594,193.36627197265625,722.7092504501343,197.62491008855784,21237.42205634237,54677.575830333866,109.77229309082033,613.2619934082031,756.1658935546875,246.3101348876953,560.2325744628906,614.6743469238281,3.2200241533871337,26.0,15.0,8.0,4.0,1266.7373145824304,4062.859452633216,17064.677016730187,1,1,0,1
2008,Nord_DE,Germany,Spring_Barley,68877,4.33,6.05109969774882,13.41529369354248,22.56737200419108,13.030959129333496,1.1371868997812271,3.969344655672709,12.182816823323568,6.222452322642009,8.692319174607595,17.375094413757324,21.14488410949707,22.930258750915527,23.487154006958008,1.32856023311615,9.445949037869772,10.384555180867514,782.3087257146835,1563.7584972381592,167.1167812347412,145.7306489944458,233.83236694335935,176.0294532775879,130.1775665283203,135.85325622558594,193.36627197265625,722.7092504501343,197.62491008855784,21237.42205634237,54677.575830333866,109.77229309082033,613.2619934082031,756.1658935546875,246.3101348876953,560.2325744628906,614.6743469238281,3.2200241533871337,26.0,15.0,8.0,4.0,1266.7373145824304,4062.859452633216,17064.677016730187,1,1,0,1
2008,Nord_DE,Germany,Wheat,894756,8.762,6.05109969774882,13.41529369354248,22.56737200419108,13.030959129333496,1.1371868997812271,3.969344655672709,12.182816823323568,6.222452322642009,8.692319174607595,17.375094413757324,21.14488410949707,22.930258750915527,23.487154006958008,1.32856023311615,9.445949037869772,10.384555180867514,782.3087257146835,1563.7584972381592,167.1167812347412,145.7306489944458,233.83236694335935,176.0294532775879,130.1775665283203,135.85325622558594,193.36627197265625,722.7092504501343,197.62491008855784,21237.42205634237,54677.575830333866,109.77229309082033,613.2619934082031,756.1658935546875,246.3101348876953,560.2325744628906,614.6743469238281,3.2200241533871337,26.0,15.0,8.0,4.0,1266.7373145824304,4062.859452633216,17064.677016730187,1,1,0,1
2008,Nord_DE,Germany,Winter_Barley,385083,7.128,6.05109969774882,13.41529369354248,22.56737200419108,13.030959129333496,1.1371868997812271,3.969344655672709,12.182816823323568,6.222452322642009,8.692319174607595,17.375094413757324,21.14488410949707,22.930258750915527,23.487154006958008,1.32856023311615,9.445949037869772,10.384555180867514,782.3087257146835,1563.7584972381592,167.1167812347412,145.7306489944458,233.83236694335935,176.0294532775879,130.1775665283203,135.85325622558594,193.36627197265625,722.7092504501343,197.62491008855784,21237.42205634237,54677.575830333866,109.77229309082033,613.2619934082031,756.1658935546875,246.3101348876953,560.2325744628906,614.6743469238281,3.2200241533871337,26.0,15.0,8.0,4.0,1266.7373145824304,4062.859452633216,17064.677016730187,1,1,0,1
2008,Ost_DE,Germany,Oats,29805,3.24,5.654439608256022,13.71836280822754,23.822014490763348,12.819746335347494,0.1309521297613779,3.8451300859451294,12.05453904469808,5.22872010866801,8.781746447086334,17.938276767730713,22.137425422668457,24.097980499267575,24.574108123779297,0.5632652044296265,9.87323272228241,11.767475446065268,790.3571802377701,1614.4449090957642,139.70713424682617,156.31070518493652,174.5338134765625,149.65959358215332,141.08001708984375,111.59812927246094,128.0634307861328,620.2112464904785,300.1229140482136,24433.03655541214,30462.05204667151,132.39742851257324,590.1608963012695,775.8887939453125,255.7175750732422,560.2310180664062,596.7828063964844,4.420167138047794,40.0,15.0,12.0,1.0,1372.680979899376,3130.8358514700667,18483.23409258613,1,1,0,1
2008,Ost_DE,Germany,Oilseed_Rape,571575,3.755,5.654439608256022,13.71836280822754,23.822014490763348,12.819746335347494,0.1309521297613779,3.8451300859451294,12.05453904469808,5.22872010866801,8.781746447086334,17.938276767730713,22.137425422668457,24.097980499267575,24.574108123779297,0.5632652044296265,9.87323272228241,11.767475446065268,790.3571802377701,1614.4449090957642,139.70713424682617,156.31070518493652,174.5338134765625,149.65959358215332,141.08001708984375,111.59812927246094,128.0634307861328,620.2112464904785,300.1229140482136,24433.03655541214,30462.05204667151,132.39742851257324,590.1608963012695,775.8887939453125,255.7175750732422,560.2310180664062,596.7828063964844,4.420167138047794,40.0,15.0,12.0,1.0,1372.680979899376,3130.8358514700667,18483.23409258613,1,1,0,1
2008,Ost_DE,Germany,Spring_Barley,100000,4.687,5.654439608256022,13.71836280822754,23.822014490763348,12.819746335347494,0.1309521297613779,3.8451300859451294,12.05453904469808,5.22872010866801,8.781746447086334,17.938276767730713,22.137425422668457,24.097980499267575,24.574108123779297,0.5632652044296265,9.87323272228241,11.767475446065268,790.3571802377701,1614.4449090957642,139.70713424682617,156.31070518493652,174.5338134765625,149.65959358215332,141.08001708984375,111.59812927246094,128.0634307861328,620.2112464904785,300.1229140482136,24433.03655541214,30462.05204667151,132.39742851257324,590.1608963012695,775.8887939453125,255.7175750732422,560.2310180664062,596.7828063964844,4.420167138047794,40.0,15.0,12.0,1.0,1372.680979899376,3130.8358514700667,18483.23409258613,1,1,0,1
2008,Ost_DE,Germany,Wheat,826359,7.804,5.654439608256022,13.71836280822754,23.822014490763348,12.819746335347494,0.1309521297613779,3.8451300859451294,12.05453904469808,5.22872010866801,8.781746447086334,17.938276767730713,22.137425422668457,24.097980499267575,24.574108123779297,0.5632652044296265,9.87323272228241,11.767475446065268,790.3571802377701,1614.4449090957642,139.70713424682617,156.31070518493652,174.5338134765625,149.65959358215332,141.08001708984375,111.59812927246094,128.0634307861328,620.2112464904785,300.1229140482136,24433.03655541214,30462.05204667151,132.39742851257324,590.1608963012695,775.8887939453125,255.7175750732422,560.2310180664062,596.7828063964844,4.420167138047794,40.0,15.0,12.0,1.0,1372.680979899376,3130.8358514700667,18483.23409258613,1,1,0,1
2008,Ost_DE,Germany,Winter_Barley,336088,6.715,5.654439608256022,13.71836280822754,23.822014490763348,12.819746335347494,0.1309521297613779,3.8451300859451294,12.05453904469808,5.22872010866801,8.781746447086334,17.938276767730713,22.137425422668457,24.097980499267575,24.574108123779297,0.5632652044296265,9.87323272228241,11.767475446065268,790.3571802377701,1614.4449090957642,139.70713424682617,156.31070518493652,174.5338134765625,149.65959358215332,141.08001708984375,111.59812927246094,128.0634307861328,620.2112464904785,300.1229140482136,24433.03655541214,30462.05204667151,132.39742851257324,590.1608963012695,775.8887939453125,255.7175750732422,560.2310180664062,596.7828063964844,4.420167138047794,40.0,15.0,12.0,1.0,1372.680979899376,3130.8358514700667,18483.23409258613,1,1,0,1
2008,Sued_DE,Germany,Oats,67546,4.982,5.351564089457194,13.411705334981283,23.0651003519694,12.420310179392496,-1.7045880556106567,3.556180059909821,11.723138809204102,4.035716265439987,8.483942697445553,17.394119580586754,21.53013324737549,23.12509536743164,23.629709243774418,-0.3583856225013733,9.855525275071464,11.3419615427653,763.5548427700996,1565.4707622528076,162.6642189025879,243.5914192199707,269.1227569580078,180.77218627929688,205.27770233154297,171.75440979003906,194.5911102294922,856.1505813598633,64.18357917882884,59336.77951759951,72427.05831267894,191.06065368652344,611.4113311767578,789.2859954833984,298.2890434265137,546.4589233398438,568.439453125,2.9219529830509527,64.0,19.0,16.0,2.0,2066.6156422516688,4681.153416384774,18204.960692228655,1,1,0,0
2008,Sued_DE,Germany,Oilseed_Rape,240958,3.568,5.351564089457194,13.411705334981283,23.0651003519694,12.420310179392496,-1.7045880556106567,3.556180059909821,11.723138809204102,4.035716265439987,8.483942697445553,17.394119580586754,21.53013324737549,23.12509536743164,23.629709243774418,-0.3583856225013733,9.855525275071464,11.3419615427653,763.5548427700996,1565.4707622528076,162.6642189025879,243.5914192199707,269.1227569580078,180.77218627929688,205.27770233154297,171.75440979003906,194.5911102294922,856.1505813598633,64.18357917882884,59336.77951759951,72427.05831267894,191.06065368652344,611.4113311767578,789.2859954833984,298.2890434265137,546.4589233398438,568.439453125,2.9219529830509527,64.0,19.0,16.0,2.0,2066.6156422516688,4681.153416384774,18204.960692228655,1,1,0,0
2008,Sued_DE,Germany,Spring_Barley,223109,4.791,5.351564089457194,13.411705334981283,23.0651003519694,12.420310179392496,-1.7045880556106567,3.556180059909821,11.723138809204102,4.035716265439987,8.483942697445553,17.394119580586754,21.53013324737549,23.12509536743164,23.629709243774418,-0.3583856225013733,9.855525275071464,11.3419615427653,763.5548427700996,1565.4707622528076,162.6642189025879,243.5914192199707,269.1227569580078,180.77218627929688,205.27770233154297,171.75440979003906,194.5911102294922,856.1505813598633,64.18357917882884,59336.77951759951,72427.05831267894,191.06065368652344,611.4113311767578,789.2859954833984,298.2890434265137,546.4589233398438,568.439453125,2.9219529830509527,64.0,19.0,16.0,2.0,2066.6156422516688,4681.153416384774,18204.960692228655,1,1,0,0
2008,Sued_DE,Germany,Wheat,662521,7.399,5.351564089457194,13.411705334981283,23.0651003519694,12.420310179392496,-1.7045880556106567,3.556180059909821,11.723138809204102,4.035716265439987,8.483942697445553,17.394119580586754,21.53013324737549,23.12509536743164,23.629709243774418,-0.3583856225013733,9.855525275071464,11.3419615427653,763.5548427700996,1565.4707622528076,162.6642189025879,243.5914192199707,269.1227569580078,180.77218627929688,205.27770233154297,171.75440979003906,194.5911102294922,856.1505813598633,64.18357917882884,59336.77951759951,72427.05831267894,191.06065368652344,611.4113311767578,789.2859954833984,298.2890434265137,546.4589233398438,568.439453125,2.9219529830509527,64.0,19.0,16.0,2.0,2066.6156422516688,4681.153416384774,18204.960692228655,1,1,0,0
2008,Sued_DE,Germany,Winter_Barley,396387,5.777,5.351564089457194,13.411705334981283,23.0651003519694,12.420310179392496,-1.7045880556106567,3.556180059909821,11.723138809204102,4.035716265439987,8.483942697445553,17.394119580586754,21.53013324737549,23.12509536743164,23.629709243774418,-0.3583856225013733,9.855525275071464,11.3419615427653,763.5548427700996,1565.4707622528076,162.6642189025879,243.5914192199707,269.1227569580078,180.77218627929688,205.27770233154297,171.75440979003906,194.5911102294922,856.1505813598633,64.18357917882884,59336.77951759951,72427.05831267894,191.06065368652344,611.4113311767578,789.2859954833984,298.2890434265137,546.4589233398438,568.439453125,2.9219529830509527,64.0,19.0,16.0,2.0,2066.6156422516688,4681.153416384774,18204.960692228655,1,1,0,0
2008,West_DE,Germany,Oats,38200,4.927,6.1351237297058105,13.779892603556316,22.794022878011067,12.781157811482748,0.2099888051549593,4.626177430152893,12.08723004659017,5.2458367347717285,9.203035016854605,17.440626462300617,21.689946174621586,23.02407741546631,23.59786796569824,1.2737983465194702,9.15371517340342,10.706792831420897,828.2731515169144,1569.6563816070557,172.55379104614258,198.38759231567383,217.3253288269043,167.9115104675293,154.5919303894043,140.7626609802246,156.51019287109375,756.17822265625,164.15593788244212,39357.636784810005,47230.29854972208,141.7141513824463,561.1802368164062,739.1325988769531,258.89626693725586,531.7923278808594,558.2091369628906,3.3854642649500484,48.0,15.0,9.0,4.0,1825.7679589906213,3790.28988086669,16847.805368685047,1,1,0,0
2008,West_DE,Germany,Oilseed_Rape,181152,3.679,6.1351237297058105,13.779892603556316,22.794022878011067,12.781157811482748,0.2099888051549593,4.626177430152893,12.08723004659017,5.2458367347717285,9.203035016854605,17.440626462300617,21.689946174621586,23.02407741546631,23.59786796569824,1.2737983465194702,9.15371517340342,10.706792831420897,828.2731515169144,1569.6563816070557,172.55379104614258,198.38759231567383,217.3253288269043,167.9115104675293,154.5919303894043,140.7626609802246,156.51019287109375,756.17822265625,164.15593788244212,39357.636784810005,47230.29854972208,141.7141513824463,561.1802368164062,739.1325988769531,258.89626693725586,531.7923278808594,558.2091369628906,3.3854642649500484,48.0,15.0,9.0,4.0,1825.7679589906213,3790.28988086669,16847.805368685047,1,1,0,0
2008,West_DE,Germany,Spring_Barley,91402,5.176,6.1351237297058105,13.779892603556316,22.794022878011067,12.781157811482748,0.2099888051549593,4.626177430152893,12.08723004659017,5.2458367347717285,9.203035016854605,17.440626462300617,21.689946174621586,23.02407741546631,23.59786796569824,1.2737983465194702,9.15371517340342,10.706792831420897,828.2731515169144,1569.6563816070557,172.55379104614258,198.38759231567383,217.3253288269043,167.9115104675293,154.5919303894043,140.7626609802246,156.51019287109375,756.17822265625,164.15593788244212,39357.636784810005,47230.29854972208,141.7141513824463,561.1802368164062,739.1325988769531,258.89626693725586,531.7923278808594,558.2091369628906,3.3854642649500484,48.0,15.0,9.0,4.0,1825.7679589906213,3790.28988086669,16847.805368685047,1,1,0,0
2008,West_DE,Germany,Wheat,514332,8.503,6.1351237297058105,13.779892603556316,22.794022878011067,12.781157811482748,0.2099888051549593,4.626177430152893,12.08723004659017,5.2458367347717285,9.203035016854605,17.440626462300617,21.689946174621586,23.02407741546631,23.59786796569824,1.2737983465194702,9.15371517340342,10.706792831420897,828.2731515169144,1569.6563816070557,172.55379104614258,198.38759231567383,217.3253288269043,167.9115104675293,154.5919303894043,140.7626609802246,156.51019287109375,756.17822265625,164.15593788244212,39357.636784810005,47230.29854972208,141.7141513824463,561.1802368164062,739.1325988769531,258.89626693725586,531.7923278808594,558.2091369628906,3.3854642649500484,48.0,15.0,9.0,4.0,1825.7679589906213,3790.28988086669,16847.805368685047,1,1,0,0
2008,West_DE,Germany,Winter_Barley,290057,6.823,6.1351237297058105,13.779892603556316,22.794022878011067,12.781157811482748,0.2099888051549593,4.626177430152893,12.08723004659017,5.2458367347717285,9.203035016854605,17.440626462300617,21.689946174621586,23.02407741546631,23.59786796569824,1.2737983465194702,9.15371517340342,10.706792831420897,828.2731515169144,1569.6563816070557,172.55379104614258,198.38759231567383,217.3253288269043,167.9115104675293,154.5919303894043,140.7626609802246,156.51019287109375,756.17822265625,164.15593788244212,39357.636784810005,47230.29854972208,141.7141513824463,561.1802368164062,739.1325988769531,258.89626693725586,531.7923278808594,558.2091369628906,3.3854642649500484,48.0,15.0,9.0,4.0,1825.7679589906213,3790.28988086669,16847.805368685047,1,1,0,0
2009,Nord_DE,Germany,Oats,18266,4.986,2.711875597635905,14.921912829081217,22.393277486165363,13.90675926208496,-2.034534235795339,4.793338418006897,11.675097147623696,6.8858747482299805,9.857625623544056,17.03418731689453,18.89173412322998,21.345921516418457,24.48798942565918,1.5398420095443726,10.12857441107432,10.718180338541666,887.1863061189651,1533.0768585205078,143.6145534515381,127.72637176513672,191.8970069885254,214.7255172729492,76.24845886230469,159.7230339050293,129.2050552368164,677.9634494781494,242.3707110605427,16314.026044285914,36824.46129115416,97.54308128356934,634.626106262207,773.8842163085938,262.7650337219238,527.6333923339844,545.6758728027344,4.011903701308485,63.0,7.0,0.0,0.0,1259.0787551143258,3268.8095625939604,17329.803997961957,1,1,0,1
2009,Nord_DE,Germany,Oilseed_Rape,482569,4.516,2.711875597635905,14.921912829081217,22.393277486165363,13.90675926208496,-2.034534235795339,4.793338418006897,11.675097147623696,6.8858747482299805,9.857625623544056,17.03418731689453,18.89173412322998,21.345921516418457,24.48798942565918,1.5398420095443726,10.12857441107432,10.718180338541666,887.1863061189651,1533.0768585205078,143.6145534515381,127.72637176513672,191.8970069885254,214.7255172729492,76.24845886230469,159.7230339050293,129.2050552368164,677.9634494781494,242.3707110605427,16314.026044285914,36824.46129115416,97.54308128356934,634.626106262207,773.8842163085938,262.7650337219238,527.6333923339844,545.6758728027344,4.011903701308485,63.0,7.0,0.0,0.0,1259.0787551143258,3268.8095625939604,17329.803997961957,1,1,0,1
2009,Nord_DE,Germany,Spring_Barley,39441,5.164,2.711875597635905,14.921912829081217,22.393277486165363,13.90675926208496,-2.034534235795339,4.793338418006897,11.675097147623696,6.8858747482299805,9.857625623544056,17.03418731689453,18.89173412322998,21.345921516418457,24.48798942565918,1.5398420095443726,10.12857441107432,10.718180338541666,887.1863061189651,1533.0768585205078,143.6145534515381,127.72637176513672,191.8970069885254,214.7255172729492,76.24845886230469,159.7230339050293,129.2050552368164,677.9634494781494,242.3707110605427,16314.026044285914,36824.46129115416,97.54308128356934,634.626106262207,773.8842163085938,262.7650337219238,527.6333923339844,545.6758728027344,4.011903701308485,63.0,7.0,0.0,0.0,1259.0787551143258,3268.8095625939604,17329.803997961957,1,1,0,1
2009,Nord_DE,Germany,Wheat,976355,8.535,2.711875597635905,14.921912829081217,22.393277486165363,13.90675926208496,-2.034534235795339,4.793338418006897,11.675097147623696,6.8858747482299805,9.857625623544056,17.03418731689453,18.89173412322998,21.345921516418457,24.48798942565918,1.5398420095443726,10.12857441107432,10.718180338541666,887.1863061189651,1533.0768585205078,143.6145534515381,127.72637176513672,191.8970069885254,214.7255172729492,76.24845886230469,159.7230339050293,129.2050552368164,677.9634494781494,242.3707110605427,16314.026044285914,36824.46129115416,97.54308128356934,634.626106262207,773.8842163085938,262.7650337219238,527.6333923339844,545.6758728027344,4.011903701308485,63.0,7.0,0.0,0.0,1259.0787551143258,3268.8095625939604,17329.803997961957,1,1,0,1
2009,Nord_DE,Germany,Winter_Barley,323308,7.249,2.711875597635905,14.921912829081217,22.393277486165363,13.90675926208496,-2.034534235795339,4.793338418006897,11.675097147623696,6.8858747482299805,9.857625623544056,17.03418731689453,18.89173412322998,21.345921516418457,24.48798942565918,1.5398420095443726,10.12857441107432,10.718180338541666,887.1863061189651,1533.0768585205078,143.6145534515381,127.72637176513672,191.8970069885254,214.7255172729492,76.24845886230469,159.7230339050293,129.2050552368164,677.9634494781494,242.3707110605427,16314.026044285914,36824.46129115416,97.54308128356934,634.626106262207,773.8842163085938,262.7650337219238,527.6333923339844,545.6758728027344,4.011903701308485,63.0,7.0,0.0,0.0,1259.0787551143258,3268.8095625939604,17329.803997961957,1,1,0,1
2009,Ost_DE,Germany,Oats,27861,4.704,1.7561630805333457,15.493688901265465,23.205685297648113,13.95683224995931,-3.765560309092203,4.515045523643494,11.682782491048178,6.123613039652507,10.00436721245448,17.444233894348145,19.64141273498535,22.009641647338867,25.5977725982666,1.0050760507583618,10.97864337762197,11.522902806599935,900.393049120903,1569.981050491333,144.0223045349121,149.1969699859619,183.60482025146484,189.5462188720703,75.06467628479004,146.74335479736328,117.04959869384766,666.3703136444092,253.96384689428294,22259.73585299202,33710.730019572715,110.80870628356934,626.1640930175781,766.4584350585938,277.1716651916504,506.0031433105469,513.2286376953125,4.151887442670999,75.0,11.0,5.0,1.0,1492.6212747251125,3202.8454285963016,17786.19323769759,1,1,0,1
2009,Ost_DE,Germany,Oilseed_Rape,558778,4.242,1.7561630805333457,15.493688901265465,23.205685297648113,13.95683224995931,-3.765560309092203,4.515045523643494,11.682782491048178,6.123613039652507,10.00436721245448,17.444233894348145,19.64141273498535,22.009641647338867,25.5977725982666,1.0050760507583618,10.97864337762197,11.522902806599935,900.393049120903,1569.981050491333,144.0223045349121,149.1969699859619,183.60482025146484,189.5462188720703,75.06467628479004,146.74335479736328,117.04959869384766,666.3703136444092,253.96384689428294,22259.73585299202,33710.730019572715,110.80870628356934,626.1640930175781,766.4584350585938,277.1716651916504,506.0031433105469,513.2286376953125,4.151887442670999,75.0,11.0,5.0,1.0,1492.6212747251125,3202.8454285963016,17786.19323769759,1,1,0,1
2009,Ost_DE,Germany,Spring_Barley,73504,5.135,1.7561630805333457,15.493688901265465,23.205685297648113,13.95683224995931,-3.765560309092203,4.515045523643494,11.682782491048178,6.123613039652507,10.00436721245448,17.444233894348145,19.64141273498535,22.009641647338867,25.5977725982666,1.0050760507583618,10.97864337762197,11.522902806599935,900.393049120903,1569.981050491333,144.0223045349121,149.1969699859619,183.60482025146484,189.5462188720703,75.06467628479004,146.74335479736328,117.04959869384766,666.3703136444092,253.96384689428294,22259.73585299202,33710.730019572715,110.80870628356934,626.1640930175781,766.4584350585938,277.1716651916504,506.0031433105469,513.2286376953125,4.151887442670999,75.0,11.0,5.0,1.0,1492.6212747251125,3202.8454285963016,17786.19323769759,1,1,0,1
2009,Ost_DE,Germany,Wheat,894707,7.536,1.7561630805333457,15.493688901265465,23.205685297648113,13.95683224995931,-3.765560309092203,4.515045523643494,11.682782491048178,6.123613039652507,10.00436721245448,17.444233894348145,19.64141273498535,22.009641647338867,25.5977725982666,1.0050760507583618,10.97864337762197,11.522902806599935,900.393049120903,1569.981050491333,144.0223045349121,149.1969699859619,183.60482025146484,189.5462188720703,75.06467628479004,146.74335479736328,117.04959869384766,666.3703136444092,253.96384689428294,22259.73585299202,33710.730019572715,110.80870628356934,626.1640930175781,766.4584350585938,277.1716651916504,506.0031433105469,513.2286376953125,4.151887442670999,75.0,11.0,5.0,1.0,1492.6212747251125,3202.8454285963016,17786.19323769759,1,1,0,1
2009,Ost_DE,Germany,Winter_Barley,322488,6.944,1.7561630805333457,15.493688901265465,23.205685297648113,13.95683224995931,-3.765560309092203,4.515045523643494,11.682782491048178,6.123613039652507,10.00436721245448,17.444233894348145,19.64141273498535,22.009641647338867,25.5977725982666,1.0050760507583618,10.97864337762197,11.522902806599935,900.393049120903,1569.981050491333,144.0223045349121,149.1969699859619,183.60482025146484,189.5462188720703,75.06467628479004,146.74335479736328,117.04959869384766,666.3703136444092,253.96384689428294,22259.73585299202,33710.730019572715,110.80870628356934,626.1640930175781,766.4584350585938,277.1716651916504,506.0031433105469,513.2286376953125,4.151887442670999,75.0,11.0,5.0,1.0,1492.6212747251125,3202.8454285963016,17786.19323769759,1,1,0,1
2009,Sued_DE,Germany,Oats,57065,5.26,1.7460035147766273,14.848085721333822,22.872456868489586,14.052079200744627,-4.705963770548503,4.1964390724897385,11.40057627360026,5.379637002944946,9.52226239691178,17.136516571044922,20.01984214782715,21.814088821411133,24.989192962646484,-0.2301312536001205,10.651646648844084,11.471880594889322,857.0036157220602,1542.286491394043,188.29640769958496,239.3021469116211,295.5562438964844,195.4164047241211,134.37847137451172,243.57379150390625,183.4480438232422,918.5712032318116,1.7629573068804802,57265.517516511085,87353.49330619816,153.17422485351562,633.6857376098633,799.6871948242188,324.24940490722656,530.5473937988281,535.36572265625,2.696578511775853,79.0,16.0,9.0,0.0,2278.697835036788,5064.804471207899,18290.81087190037,1,1,0,0
2009,Sued_DE,Germany,Oilseed_Rape,214390,3.983,1.7460035147766273,14.848085721333822,22.872456868489586,14.052079200744627,-4.705963770548503,4.1964390724897385,11.40057627360026,5.379637002944946,9.52226239691178,17.136516571044922,20.01984214782715,21.814088821411133,24.989192962646484,-0.2301312536001205,10.651646648844084,11.471880594889322,857.0036157220602,1542.286491394043,188.29640769958496,239.3021469116211,295.5562438964844,195.4164047241211,134.37847137451172,243.57379150390625,183.4480438232422,918.5712032318116,1.7629573068804802,57265.517516511085,87353.49330619816,153.17422485351562,633.6857376098633,799.6871948242188,324.24940490722656,530.5473937988281,535.36572265625,2.696578511775853,79.0,16.0,9.0,0.0,2278.697835036788,5064.804471207899,18290.81087190037,1,1,0,0
2009,Sued_DE,Germany,Spring_Barley,160539,5.166,1.7460035147766273,14.848085721333822,22.872456868489586,14.052079200744627,-4.705963770548503,4.1964390724897385,11.40057627360026,5.379637002944946,9.52226239691178,17.136516571044922,20.01984214782715,21.814088821411133,24.989192962646484,-0.2301312536001205,10.651646648844084,11.471880594889322,857.0036157220602,1542.286491394043,188.29640769958496,239.3021469116211,295.5562438964844,195.4164047241211,134.37847137451172,243.57379150390625,183.4480438232422,918.5712032318116,1.7629573068804802,57265.517516511085,87353.49330619816,153.17422485351562,633.6857376098633,799.6871948242188,324.24940490722656,530.5473937988281,535.36572265625,2.696578511775853,79.0,16.0,9.0,0.0,2278.697835036788,5064.804471207899,18290.81087190037,1,1,0,0
2009,Sued_DE,Germany,Wheat,739356,7.04,1.7460035147766273,14.848085721333822,22.872456868489586,14.052079200744627,-4.705963770548503,4.1964390724897385,11.40057627360026,5.379637002944946,9.52226239691178,17.136516571044922,20.01984214782715,21.814088821411133,24.989192962646484,-0.2301312536001205,10.651646648844084,11.471880594889322,857.0036157220602,1542.286491394043,188.29640769958496,239.3021469116211,295.5562438964844,195.4164047241211,134.37847137451172,243.57379150390625,183.4480438232422,918.5712032318116,1.7629573068804802,57265.517516511085,87353.49330619816,153.17422485351562,633.6857376098633,799.6871948242188,324.24940490722656,530.5473937988281,535.36572265625,2.696578511775853,79.0,16.0,9.0,0.0,2278.697835036788,5064.804471207899,18290.81087190037,1,1,0,0
2009,Sued_DE,Germany,Winter_Barley,362568,6.328,1.7460035147766273,14.848085721333822,22.872456868489586,14.052079200744627,-4.705963770548503,4.1964390724897385,11.40057627360026,5.379637002944946,9.52226239691178,17.136516571044922,20.01984214782715,21.814088821411133,24.989192962646484,-0.2301312536001205,10.651646648844084,11.471880594889322,857.0036157220602,1542.286491394043,188.29640769958496,239.3021469116211,295.5562438964844,195.4164047241211,134.37847137451172,243.57379150390625,183.4480438232422,918.5712032318116,1.7629573068804802,57265.517516511085,87353.49330619816,153.17422485351562,633.6857376098633,799.6871948242188,324.24940490722656,530.5473937988281,535.36572265625,2.696578511775853,79.0,16.0,9.0,0.0,2278.697835036788,5064.804471207899,18290.81087190037,1,1,0,0
2009,West_DE,Germany,Oats,30414,5.068,3.156338016192118,15.339221318562826,22.87216567993164,14.440282185872396,-2.7120643059412637,5.147211631139119,11.60966682434082,6.769572575887044,10.243216474850971,17.24091625213623,19.82352066040039,21.886488914489743,24.84351921081543,0.940605401992798,10.192009687423706,11.26249885559082,921.8894827365876,1551.6824626922607,198.57497787475583,170.47256088256836,207.9242286682129,225.7901077270508,118.76811981201172,172.5011215209961,132.84440231323242,802.7618751525879,117.57228538610423,29060.894013860976,43232.48486727128,120.77816390991212,590.464469909668,774.4687347412109,273.93835830688477,519.0027008056641,512.8718414306641,3.7069359531829336,63.0,10.0,4.0,0.0,1746.1873441423595,3584.8042132586816,17713.777214928006,1,1,0,1
2009,West_DE,Germany,Oilseed_Rape,151672,4.322,3.156338016192118,15.339221318562826,22.87216567993164,14.440282185872396,-2.7120643059412637,5.147211631139119,11.60966682434082,6.769572575887044,10.243216474850971,17.24091625213623,19.82352066040039,21.886488914489743,24.84351921081543,0.940605401992798,10.192009687423706,11.26249885559082,921.8894827365876,1551.6824626922607,198.57497787475583,170.47256088256836,207.9242286682129,225.7901077270508,118.76811981201172,172.5011215209961,132.84440231323242,802.7618751525879,117.57228538610423,29060.894013860976,43232.48486727128,120.77816390991212,590.464469909668,774.4687347412109,273.93835830688477,519.0027008056641,512.8718414306641,3.7069359531829336,63.0,10.0,4.0,0.0,1746.1873441423595,3584.8042132586816,17713.777214928006,1,1,0,1
2009,West_DE,Germany,Spring_Barley,66926,5.262,3.156338016192118,15.339221318562826,22.87216567993164,14.440282185872396,-2.7120643059412637,5.147211631139119,11.60966682434082,6.769572575887044,10.243216474850971,17.24091625213623,19.82352066040039,21.886488914489743,24.84351921081543,0.940605401992798,10.192009687423706,11.26249885559082,921.8894827365876,1551.6824626922607,198.57497787475583,170.47256088256836,207.9242286682129,225.7901077270508,118.76811981201172,172.5011215209961,132.84440231323242,802.7618751525879,117.57228538610423,29060.894013860976,43232.48486727128,120.77816390991212,590.464469909668,774.4687347412109,273.93835830688477,519.0027008056641,512.8718414306641,3.7069359531829336,63.0,10.0,4.0,0.0,1746.1873441423595,3584.8042132586816,17713.777214928006,1,1,0,1
2009,West_DE,Germany,Wheat,545622,8.179,3.156338016192118,15.339221318562826,22.87216567993164,14.440282185872396,-2.7120643059412637,5.147211631139119,11.60966682434082,6.769572575887044,10.243216474850971,17.24091625213623,19.82352066040039,21.886488914489743,24.84351921081543,0.940605401992798,10.192009687423706,11.26249885559082,921.8894827365876,1551.6824626922607,198.57497787475583,170.47256088256836,207.9242286682129,225.7901077270508,118.76811981201172,172.5011215209961,132.84440231323242,802.7618751525879,117.57228538610423,29060.894013860976,43232.48486727128,120.77816390991212,590.464469909668,774.4687347412109,273.93835830688477,519.0027008056641,512.8718414306641,3.7069359531829336,63.0,10.0,4.0,0.0,1746.1873441423595,3584.8042132586816,17713.777214928006,1,1,0,1
2009,West_DE,Germany,Winter_Barley,267690,7.253,3.156338016192118,15.339221318562826,22.87216567993164,14.440282185872396,-2.7120643059412637,5.147211631139119,11.60966682434082,6.769572575887044,10.243216474850971,17.24091625213623,19.82352066040039,21.886488914489743,24.84351921081543,0.940605401992798,10.192009687423706,11.26249885559082,921.8894827365876,1551.6824626922607,198.57497787475583,170.47256088256836,207.9242286682129,225.7901077270508,118.76811981201172,172.5011215209961,132.84440231323242,802.7618751525879,117.57228538610423,29060.894013860976,43232.48486727128,120.77816390991212,590.464469909668,774.4687347412109,273.93835830688477,519.0027008056641,512.8718414306641,3.7069359531829336,63.0,10.0,4.0,0.0,1746.1873441423595,3584.8042132586816,17713.777214928006,1,1,0,1
2010,Nord_DE,Germany,Oats,20228,4.087,-0.5189682245254517,12.082722345987955,23.16833559672038,12.126952171325684,-5.522531747817993,3.2464676102002463,12.19899845123291,5.632618347803752,7.664594978094101,17.683667023976646,17.62836456298828,24.031716346740723,26.82794952392578,0.5722091794013977,8.836254735787708,10.969337145487469,689.8135480284691,1591.530032157898,143.5283432006836,151.76763725280762,219.5654983520508,239.59640502929688,76.56661033630371,71.32405853271484,187.4851036071777,754.4578838348389,165.87627670385325,23033.4157172998,48209.008066584414,89.57910919189453,541.0369033813477,781.2481689453125,250.72996520996097,597.470947265625,499.5679931640625,3.54202345689778,84.0,14.0,10.0,2.0,1163.2374703250764,3882.723162811159,18100.2197624483,1,1,0,1
2010,Nord_DE,Germany,Oilseed_Rape,484188,4.089,-0.5189682245254517,12.082722345987955,23.16833559672038,12.126952171325684,-5.522531747817993,3.2464676102002463,12.19899845123291,5.632618347803752,7.664594978094101,17.683667023976646,17.62836456298828,24.031716346740723,26.82794952392578,0.5722091794013977,8.836254735787708,10.969337145487469,689.8135480284691,1591.530032157898,143.5283432006836,151.76763725280762,219.5654983520508,239.59640502929688,76.56661033630371,71.32405853271484,187.4851036071777,754.4578838348389,165.87627670385325,23033.4157172998,48209.008066584414,89.57910919189453,541.0369033813477,781.2481689453125,250.72996520996097,597.470947265625,499.5679931640625,3.54202345689778,84.0,14.0,10.0,2.0,1163.2374703250764,3882.723162811159,18100.2197624483,1,1,0,1
2010,Nord_DE,Germany,Spring_Barley,40975,4.397,-0.5189682245254517,12.082722345987955,23.16833559672038,12.126952171325684,-5.522531747817993,3.2464676102002463,12.19899845123291,5.632618347803752,7.664594978094101,17.683667023976646,17.62836456298828,24.031716346740723,26.82794952392578,0.5722091794013977,8.836254735787708,10.969337145487469,689.8135480284691,1591.530032157898,143.5283432006836,151.76763725280762,219.5654983520508,239.59640502929688,76.56661033630371,71.32405853271484,187.4851036071777,754.4578838348389,165.87627670385325,23033.4157172998,48209.008066584414,89.57910919189453,541.0369033813477,781.2481689453125,250.72996520996097,597.470947265625,499.5679931640625,3.54202345689778,84.0,14.0,10.0,2.0,1163.2374703250764,3882.723162811159,18100.2197624483,1,1,0,1
2010,Nord_DE,Germany,Wheat,976971,7.812,-0.5189682245254517,12.082722345987955,23.16833559672038,12.126952171325684,-5.522531747817993,3.2464676102002463,12.19899845123291,5.632618347803752,7.664594978094101,17.683667023976646,17.62836456298828,24.031716346740723,26.82794952392578,0.5722091794013977,8.836254735787708,10.969337145487469,689.8135480284691,1591.530032157898,143.5283432006836,151.76763725280762,219.5654983520508,239.59640502929688,76.56661033630371,71.32405853271484,187.4851036071777,754.4578838348389,165.87627670385325,23033.4157172998,48209.008066584414,89.57910919189453,541.0369033813477,781.2481689453125,250.72996520996097,597.470947265625,499.5679931640625,3.54202345689778,84.0,14.0,10.0,2.0,1163.2374703250764,3882.723162811159,18100.2197624483,1,1,0,1
2010,Nord_DE,Germany,Winter_Barley,324466,7.241,-0.5189682245254517,12.082722345987955,23.16833559672038,12.126952171325684,-5.522531747817993,3.2464676102002463,12.19899845123291,5.632618347803752,7.664594978094101,17.683667023976646,17.62836456298828,24.031716346740723,26.82794952392578,0.5722091794013977,8.836254735787708,10.969337145487469,689.8135480284691,1591.530032157898,143.5283432006836,151.76763725280762,219.5654983520508,239.59640502929688,76.56661033630371,71.32405853271484,187.4851036071777,754.4578838348389,165.87627670385325,23033.4157172998,48209.008066584414,89.57910919189453,541.0369033813477,781.2481689453125,250.72996520996097,597.470947265625,499.5679931640625,3.54202345689778,84.0,14.0,10.0,2.0,1163.2374703250764,3882.723162811159,18100.2197624483,1,1,0,1
2010,Ost_DE,Germany,Oats,28273,3.847,-0.9981487194697062,12.57247543334961,24.03143056233724,12.073842207590738,-6.789951165517171,2.984346066912015,12.305460294087728,4.642268737157186,7.778410750130813,18.168445428212483,18.55123710632324,25.010870933532715,27.52898597717285,-0.2423541694879531,9.588129366437594,11.72597026824951,700.0569675117731,1635.1600885391235,142.53345489501953,167.78546714782715,253.8662796020508,229.6200714111328,59.60375022888184,96.32042694091795,233.46369171142575,793.8052730560303,126.52888748266184,28151.962986014583,64448.087918986625,104.37109756469728,532.907585144043,786.3361358642578,271.16919898986816,598.6955261230469,483.51490783691406,3.0852890272186895,85.0,19.0,9.0,5.0,1305.104281378379,4612.355647013192,18896.782247678493,1,1,0,1
2010,Ost_DE,Germany,Oilseed_Rape,557986,3.871,-0.9981487194697062,12.57247543334961,24.03143056233724,12.073842207590738,-6.789951165517171,2.984346066912015,12.305460294087728,4.642268737157186,7.778410750130813,18.168445428212483,18.55123710632324,25.010870933532715,27.52898597717285,-0.2423541694879531,9.588129366437594,11.72597026824951,700.0569675117731,1635.1600885391235,142.53345489501953,167.78546714782715,253.8662796020508,229.6200714111328,59.60375022888184,96.32042694091795,233.46369171142575,793.8052730560303,126.52888748266184,28151.962986014583,64448.087918986625,104.37109756469728,532.907585144043,786.3361358642578,271.16919898986816,598.6955261230469,483.51490783691406,3.0852890272186895,85.0,19.0,9.0,5.0,1305.104281378379,4612.355647013192,18896.782247678493,1,1,0,1
2010,Ost_DE,Germany,Spring_Barley,72957,4.98,-0.9981487194697062,12.57247543334961,24.03143056233724,12.073842207590738,-6.789951165517171,2.984346066912015,12.305460294087728,4.642268737157186,7.778410750130813,18.168445428212483,18.55123710632324,25.010870933532715,27.52898597717285,-0.2423541694879531,9.588129366437594,11.72597026824951,700.0569675117731,1635.1600885391235,142.53345489501953,167.78546714782715,253.8662796020508,229.6200714111328,59.60375022888184,96.32042694091795,233.46369171142575,793.8052730560303,126.52888748266184,28151.962986014583,64448.087918986625,104.37109756469728,532.907585144043,786.3361358642578,271.16919898986816,598.6955261230469,483.51490783691406,3.0852890272186895,85.0,19.0,9.0,5.0,1305.104281378379,4612.355647013192,18896.782247678493,1,1,0,1
2010,Ost_DE,Germany,Wheat,895570,6.869,-0.9981487194697062,12.57247543334961,24.03143056233724,12.073842207590738,-6.789951165517171,2.984346066912015,12.305460294087728,4.642268737157186,7.778410750130813,18.168445428212483,18.55123710632324,25.010870933532715,27.52898597717285,-0.2423541694879531,9.588129366437594,11.72597026824951,700.0569675117731,1635.1600885391235,142.53345489501953,167.78546714782715,253.8662796020508,229.6200714111328,59.60375022888184,96.32042694091795,233.46369171142575,793.8052730560303,126.52888748266184,28151.962986014583,64448.087918986625,104.37109756469728,532.907585144043,786.3361358642578,271.16919898986816,598.6955261230469,483.51490783691406,3.0852890272186895,85.0,19.0,9.0,5.0,1305.104281378379,4612.355647013192,18896.782247678493,1,1,0,1
2010,Ost_DE,Germany,Winter_Barley,311381,6.924,-0.9981487194697062,12.57247543334961,24.03143056233724,12.073842207590738,-6.789951165517171,2.984346066912015,12.305460294087728,4.642268737157186,7.778410750130813,18.168445428212483,18.55123710632324,25.010870933532715,27.52898597717285,-0.2423541694879531,9.588129366437594,11.72597026824951,700.0569675117731,1635.1600885391235,142.53345489501953,167.78546714782715,253.8662796020508,229.6200714111328,59.60375022888184,96.32042694091795,233.46369171142575,793.8052730560303,126.52888748266184,28151.962986014583,64448.087918986625,104.37109756469728,532.907585144043,786.3361358642578,271.16919898986816,598.6955261230469,483.51490783691406,3.0852890272186895,85.0,19.0,9.0,5.0,1305.104281378379,4612.355647013192,18896.782247678493,1,1,0,1
2010,Sued_DE,Germany,Oats,57065,4.367,0.2708807388941447,12.61580499013265,22.838448842366535,12.122929255167644,-5.448086659113566,2.5282724698384604,11.79794184366862,3.795948346455892,7.572038729985556,17.318195343017578,18.271448612213135,23.699397087097168,25.789594650268555,-1.1132152080535889,10.08753252029419,11.040506998697916,681.4834856987,1558.637580871582,215.86176300048828,200.43992233276367,377.4636917114258,175.69249725341797,72.4709587097168,208.59418487548828,290.00231170654297,969.4578742980956,49.12371375940347,40176.16246476433,142478.83856041828,138.38669967651367,585.6998748779297,779.6021118164062,318.8926887512207,573.7840270996094,462.9317779541016,2.0599125593554795,83.0,22.0,12.0,6.0,1517.7388549389832,6536.989947955037,17804.90294811991,1,1,1,0
2010,Sued_DE,Germany,Oilseed_Rape,212827,3.501,0.2708807388941447,12.61580499013265,22.838448842366535,12.122929255167644,-5.448086659113566,2.5282724698384604,11.79794184366862,3.795948346455892,7.572038729985556,17.318195343017578,18.271448612213135,23.699397087097168,25.789594650268555,-1.1132152080535889,10.08753252029419,11.040506998697916,681.4834856987,1558.637580871582,215.86176300048828,200.43992233276367,377.4636917114258,175.69249725341797,72.4709587097168,208.59418487548828,290.00231170654297,969.4578742980956,49.12371375940347,40176.16246476433,142478.83856041828,138.38669967651367,585.6998748779297,779.6021118164062,318.8926887512207,573.7840270996094,462.9317779541016,2.0599125593554795,83.0,22.0,12.0,6.0,1517.7388549389832,6536.989947955037,17804.90294811991,1,1,1,0
2010,Sued_DE,Germany,Spring_Barley,160456,4.878,0.2708807388941447,12.61580499013265,22.838448842366535,12.122929255167644,-5.448086659113566,2.5282724698384604,11.79794184366862,3.795948346455892,7.572038729985556,17.318195343017578,18.271448612213135,23.699397087097168,25.789594650268555,-1.1132152080535889,10.08753252029419,11.040506998697916,681.4834856987,1558.637580871582,215.86176300048828,200.43992233276367,377.4636917114258,175.69249725341797,72.4709587097168,208.59418487548828,290.00231170654297,969.4578742980956,49.12371375940347,40176.16246476433,142478.83856041828,138.38669967651367,585.6998748779297,779.6021118164062,318.8926887512207,573.7840270996094,462.9317779541016,2.0599125593554795,83.0,22.0,12.0,6.0,1517.7388549389832,6536.989947955037,17804.90294811991,1,1,1,0
2010,Sued_DE,Germany,Wheat,739356,6.682,0.2708807388941447,12.61580499013265,22.838448842366535,12.122929255167644,-5.448086659113566,2.5282724698384604,11.79794184366862,3.795948346455892,7.572038729985556,17.318195343017578,18.271448612213135,23.699397087097168,25.789594650268555,-1.1132152080535889,10.08753252029419,11.040506998697916,681.4834856987,1558.637580871582,215.86176300048828,200.43992233276367,377.4636917114258,175.69249725341797,72.4709587097168,208.59418487548828,290.00231170654297,969.4578742980956,49.12371375940347,40176.16246476433,142478.83856041828,138.38669967651367,585.6998748779297,779.6021118164062,318.8926887512207,573.7840270996094,462.9317779541016,2.0599125593554795,83.0,22.0,12.0,6.0,1517.7388549389832,6536.989947955037,17804.90294811991,1,1,1,0
2010,Sued_DE,Germany,Winter_Barley,362339,5.96,0.2708807388941447,12.61580499013265,22.838448842366535,12.122929255167644,-5.448086659113566,2.5282724698384604,11.79794184366862,3.795948346455892,7.572038729985556,17.318195343017578,18.271448612213135,23.699397087097168,25.789594650268555,-1.1132152080535889,10.08753252029419,11.040506998697916,681.4834856987,1558.637580871582,215.86176300048828,200.43992233276367,377.4636917114258,175.69249725341797,72.4709587097168,208.59418487548828,290.00231170654297,969.4578742980956,49.12371375940347,40176.16246476433,142478.83856041828,138.38669967651367,585.6998748779297,779.6021118164062,318.8926887512207,573.7840270996094,462.9317779541016,2.0599125593554795,83.0,22.0,12.0,6.0,1517.7388549389832,6536.989947955037,17804.90294811991,1,1,1,0
2010,West_DE,Germany,Oats,28952,4.486,0.679350733757019,12.983230590820312,23.62847646077474,12.503574848175049,-4.364712158838908,3.265300194422404,12.058770179748535,5.502196868260701,8.124265392621359,17.843623320261635,18.762753009796143,24.74612331390381,26.774188995361328,0.7719647884368896,9.71793039639791,11.569706281026203,731.1838853359222,1605.9260988235474,197.40888214111328,156.65146350860596,264.62734603881836,197.90373611450195,70.66306781768799,104.77679061889648,226.0432891845703,816.5914278030396,103.74273273565257,24539.681019388103,70027.63227154851,100.24161338806152,552.8609924316406,789.8113098144531,271.94393157958984,597.7970581054688,494.1858825683594,2.9733810226716315,78.0,16.0,9.0,4.0,1272.678063686455,4721.910682957205,18662.03794240447,1,1,0,1
2010,West_DE,Germany,Oilseed_Rape,150764,3.978,0.679350733757019,12.983230590820312,23.62847646077474,12.503574848175049,-4.364712158838908,3.265300194422404,12.058770179748535,5.502196868260701,8.124265392621359,17.843623320261635,18.762753009796143,24.74612331390381,26.774188995361328,0.7719647884368896,9.71793039639791,11.569706281026203,731.1838853359222,1605.9260988235474,197.40888214111328,156.65146350860596,264.62734603881836,197.90373611450195,70.66306781768799,104.77679061889648,226.0432891845703,816.5914278030396,103.74273273565257,24539.681019388103,70027.63227154851,100.24161338806152,552.8609924316406,789.8113098144531,271.94393157958984,597.7970581054688,494.1858825683594,2.9733810226716315,78.0,16.0,9.0,4.0,1272.678063686455,4721.910682957205,18662.03794240447,1,1,0,1
2010,West_DE,Germany,Spring_Barley,65639,5.271,0.679350733757019,12.983230590820312,23.62847646077474,12.503574848175049,-4.364712158838908,3.265300194422404,12.058770179748535,5.502196868260701,8.124265392621359,17.843623320261635,18.762753009796143,24.74612331390381,26.774188995361328,0.7719647884368896,9.71793039639791,11.569706281026203,731.1838853359222,1605.9260988235474,197.40888214111328,156.65146350860596,264.62734603881836,197.90373611450195,70.66306781768799,104.77679061889648,226.0432891845703,816.5914278030396,103.74273273565257,24539.681019388103,70027.63227154851,100.24161338806152,552.8609924316406,789.8113098144531,271.94393157958984,597.7970581054688,494.1858825683594,2.9733810226716315,78.0,16.0,9.0,4.0,1272.678063686455,4721.910682957205,18662.03794240447,1,1,0,1
2010,West_DE,Germany,Wheat,545531,7.627,0.679350733757019,12.983230590820312,23.62847646077474,12.503574848175049,-4.364712158838908,3.265300194422404,12.058770179748535,5.502196868260701,8.124265392621359,17.843623320261635,18.762753009796143,24.74612331390381,26.774188995361328,0.7719647884368896,9.71793039639791,11.569706281026203,731.1838853359222,1605.9260988235474,197.40888214111328,156.65146350860596,264.62734603881836,197.90373611450195,70.66306781768799,104.77679061889648,226.0432891845703,816.5914278030396,103.74273273565257,24539.681019388103,70027.63227154851,100.24161338806152,552.8609924316406,789.8113098144531,271.94393157958984,597.7970581054688,494.1858825683594,2.9733810226716315,78.0,16.0,9.0,4.0,1272.678063686455,4721.910682957205,18662.03794240447,1,1,0,1
2010,West_DE,Germany,Winter_Barley,265596,6.688,0.679350733757019,12.983230590820312,23.62847646077474,12.503574848175049,-4.364712158838908,3.265300194422404,12.058770179748535,5.502196868260701,8.124265392621359,17.843623320261635,18.762753009796143,24.74612331390381,26.774188995361328,0.7719647884368896,9.71793039639791,11.569706281026203,731.1838853359222,1605.9260988235474,197.40888214111328,156.65146350860596,264.62734603881836,197.90373611450195,70.66306781768799,104.77679061889648,226.0432891845703,816.5914278030396,103.74273273565257,24539.681019388103,70027.63227154851,100.24161338806152,552.8609924316406,789.8113098144531,271.94393157958984,597.7970581054688,494.1858825683594,2.9733810226716315,78.0,16.0,9.0,4.0,1272.678063686455,4721.910682957205,18662.03794240447,1,1,0,1
2011,Nord_DE,Germany,Oats,20228,4.446,4.6404203573862715,15.16152826944987,21.41039911905925,14.178930600484213,0.2145147124926249,4.233063454429309,12.04473622639974,6.202877044677734,9.697295861939589,16.727567672729492,20.53201389312744,21.214937210083008,21.80132293701172,-0.1620004326105117,10.92846481502056,9.365662892659506,872.756627574563,1505.4810905456543,213.77731323242188,70.98776054382324,328.5356216430664,109.72671365737916,33.8586483001709,205.55377197265625,239.15196990966797,723.0274090766907,197.30675146200144,5039.262147027188,107935.65468839608,102.70650672912598,652.2980346679688,681.7323303222656,288.44126892089844,485.503662109375,559.27783203125,2.0687667297488037,39.0,19.0,9.0,3.0,688.3893165699756,5495.601843936645,14596.161284566042,1,1,0,1
2011,Nord_DE,Germany,Oilseed_Rape,484188,2.968,4.6404203573862715,15.16152826944987,21.41039911905925,14.178930600484213,0.2145147124926249,4.233063454429309,12.04473622639974,6.202877044677734,9.697295861939589,16.727567672729492,20.53201389312744,21.214937210083008,21.80132293701172,-0.1620004326105117,10.92846481502056,9.365662892659506,872.756627574563,1505.4810905456543,213.77731323242188,70.98776054382324,328.5356216430664,109.72671365737916,33.8586483001709,205.55377197265625,239.15196990966797,723.0274090766907,197.30675146200144,5039.262147027188,107935.65468839608,102.70650672912598,652.2980346679688,681.7323303222656,288.44126892089844,485.503662109375,559.27783203125,2.0687667297488037,39.0,19.0,9.0,3.0,688.3893165699756,5495.601843936645,14596.161284566042,1,1,0,1
2011,Nord_DE,Germany,Spring_Barley,40975,4.916,4.6404203573862715,15.16152826944987,21.41039911905925,14.178930600484213,0.2145147124926249,4.233063454429309,12.04473622639974,6.202877044677734,9.697295861939589,16.727567672729492,20.53201389312744,21.214937210083008,21.80132293701172,-0.1620004326105117,10.92846481502056,9.365662892659506,872.756627574563,1505.4810905456543,213.77731323242188,70.98776054382324,328.5356216430664,109.72671365737916,33.8586483001709,205.55377197265625,239.15196990966797,723.0274090766907,197.30675146200144,5039.262147027188,107935.65468839608,102.70650672912598,652.2980346679688,681.7323303222656,288.44126892089844,485.503662109375,559.27783203125,2.0687667297488037,39.0,19.0,9.0,3.0,688.3893165699756,5495.601843936645,14596.161284566042,1,1,0,1
2011,Nord_DE,Germany,Wheat,976971,7.424,4.6404203573862715,15.16152826944987,21.41039911905925,14.178930600484213,0.2145147124926249,4.233063454429309,12.04473622639974,6.202877044677734,9.697295861939589,16.727567672729492,20.53201389312744,21.214937210083008,21.80132293701172,-0.1620004326105117,10.92846481502056,9.365662892659506,872.756627574563,1505.4810905456543,213.77731323242188,70.98776054382324,328.5356216430664,109.72671365737916,33.8586483001709,205.55377197265625,239.15196990966797,723.0274090766907,197.30675146200144,5039.262147027188,107935.65468839608,102.70650672912598,652.2980346679688,681.7323303222656,288.44126892089844,485.503662109375,559.27783203125,2.0687667297488037,39.0,19.0,9.0,3.0,688.3893165699756,5495.601843936645,14596.161284566042,1,1,0,1
2011,Nord_DE,Germany,Winter_Barley,324466,5.863,4.6404203573862715,15.16152826944987,21.41039911905925,14.178930600484213,0.2145147124926249,4.233063454429309,12.04473622639974,6.202877044677734,9.697295861939589,16.727567672729492,20.53201389312744,21.214937210083008,21.80132293701172,-0.1620004326105117,10.92846481502056,9.365662892659506,872.756627574563,1505.4810905456543,213.77731323242188,70.98776054382324,328.5356216430664,109.72671365737916,33.8586483001709,205.55377197265625,239.15196990966797,723.0274090766907,197.30675146200144,5039.262147027188,107935.65468839608,102.70650672912598,652.2980346679688,681.7323303222656,288.44126892089844,485.503662109375,559.27783203125,2.0687667297488037,39.0,19.0,9.0,3.0,688.3893165699756,5495.601843936645,14596.161284566042,1,1,0,1
2011,Ost_DE,Germany,Oats,26689,3.525,4.205570062001546,16.22305742899577,22.742455800374348,14.62938912709554,-1.19795560836792,3.801837941010793,12.085628509521484,5.05115830898285,10.01244768500328,17.414042154947914,22.089098930358887,22.357796669006348,23.51177406311035,-0.8060020804405212,12.421219487984976,10.656827290852863,901.1202916502951,1567.2637939453125,135.23113250732422,76.94576644897461,291.7415771484375,102.8637829720974,44.23095703125,225.21267700195312,223.2861785888672,606.7822590768337,313.5519014618584,5920.650974420147,85113.14783705771,123.56442832946776,681.0690307617188,719.508544921875,330.2865905761719,501.7764892578125,581.0093688964844,2.457828341059463,47.0,21.0,22.0,2.0,770.4154611528389,5080.4001228138795,16363.391280877404,1,1,0,1
2011,Ost_DE,Germany,Oilseed_Rape,540501,2.913,4.205570062001546,16.22305742899577,22.742455800374348,14.62938912709554,-1.19795560836792,3.801837941010793,12.085628509521484,5.05115830898285,10.01244768500328,17.414042154947914,22.089098930358887,22.357796669006348,23.51177406311035,-0.8060020804405212,12.421219487984976,10.656827290852863,901.1202916502951,1567.2637939453125,135.23113250732422,76.94576644897461,291.7415771484375,102.8637829720974,44.23095703125,225.21267700195312,223.2861785888672,606.7822590768337,313.5519014618584,5920.650974420147,85113.14783705771,123.56442832946776,681.0690307617188,719.508544921875,330.2865905761719,501.7764892578125,581.0093688964844,2.457828341059463,47.0,21.0,22.0,2.0,770.4154611528389,5080.4001228138795,16363.391280877404,1,1,0,1
2011,Ost_DE,Germany,Spring_Barley,71748,5.188,4.205570062001546,16.22305742899577,22.742455800374348,14.62938912709554,-1.19795560836792,3.801837941010793,12.085628509521484,5.05115830898285,10.01244768500328,17.414042154947914,22.089098930358887,22.357796669006348,23.51177406311035,-0.8060020804405212,12.421219487984976,10.656827290852863,901.1202916502951,1567.2637939453125,135.23113250732422,76.94576644897461,291.7415771484375,102.8637829720974,44.23095703125,225.21267700195312,223.2861785888672,606.7822590768337,313.5519014618584,5920.650974420147,85113.14783705771,123.56442832946776,681.0690307617188,719.508544921875,330.2865905761719,501.7764892578125,581.0093688964844,2.457828341059463,47.0,21.0,22.0,2.0,770.4154611528389,5080.4001228138795,16363.391280877404,1,1,0,1
2011,Ost_DE,Germany,Wheat,894415,6.458,4.205570062001546,16.22305742899577,22.742455800374348,14.62938912709554,-1.19795560836792,3.801837941010793,12.085628509521484,5.05115830898285,10.01244768500328,17.414042154947914,22.089098930358887,22.357796669006348,23.51177406311035,-0.8060020804405212,12.421219487984976,10.656827290852863,901.1202916502951,1567.2637939453125,135.23113250732422,76.94576644897461,291.7415771484375,102.8637829720974,44.23095703125,225.21267700195312,223.2861785888672,606.7822590768337,313.5519014618584,5920.650974420147,85113.14783705771,123.56442832946776,681.0690307617188,719.508544921875,330.2865905761719,501.7764892578125,581.0093688964844,2.457828341059463,47.0,21.0,22.0,2.0,770.4154611528389,5080.4001228138795,16363.391280877404,1,1,0,1
2011,Ost_DE,Germany,Winter_Barley,322188,5.159,4.205570062001546,16.22305742899577,22.742455800374348,14.62938912709554,-1.19795560836792,3.801837941010793,12.085628509521484,5.05115830898285,10.01244768500328,17.414042154947914,22.089098930358887,22.357796669006348,23.51177406311035,-0.8060020804405212,12.421219487984976,10.656827290852863,901.1202916502951,1567.2637939453125,135.23113250732422,76.94576644897461,291.7415771484375,102.8637829720974,44.23095703125,225.21267700195312,223.2861785888672,606.7822590768337,313.5519014618584,5920.650974420147,85113.14783705771,123.56442832946776,681.0690307617188,719.508544921875,330.2865905761719,501.7764892578125,581.0093688964844,2.457828341059463,47.0,21.0,22.0,2.0,770.4154611528389,5080.4001228138795,16363.391280877404,1,1,0,1
2011,Sued_DE,Germany,Oats,52437,4.809,4.14724866549174,16.525936762491863,22.382193247477215,14.33007796605428,-1.885296960671743,3.35016323129336,11.292495091756184,4.5048200488090515,9.938049996892612,16.8373441696167,21.17598819732666,21.35306930541992,24.440441131591797,-0.4140264689922333,13.175773531198503,11.08969815572103,894.424499720335,1515.360975265503,237.91364860534668,122.58368110656738,324.4485092163086,127.489810526371,54.80950355529785,240.2167053222656,223.84114837646484,812.4356494545937,107.89851108409846,15026.758873636603,105266.83513268508,149.88833618164062,743.5052185058594,760.9381561279297,370.6599884033203,503.7377471923828,568.2237396240234,2.3381214987289245,57.0,21.0,25.0,4.0,1218.242751640207,5462.851214994043,17031.464859834312,1,1,0,1
2011,Sued_DE,Germany,Oilseed_Rape,205075,2.498,4.14724866549174,16.525936762491863,22.382193247477215,14.33007796605428,-1.885296960671743,3.35016323129336,11.292495091756184,4.5048200488090515,9.938049996892612,16.8373441696167,21.17598819732666,21.35306930541992,24.440441131591797,-0.4140264689922333,13.175773531198503,11.08969815572103,894.424499720335,1515.360975265503,237.91364860534668,122.58368110656738,324.4485092163086,127.489810526371,54.80950355529785,240.2167053222656,223.84114837646484,812.4356494545937,107.89851108409846,15026.758873636603,105266.83513268508,149.88833618164062,743.5052185058594,760.9381561279297,370.6599884033203,503.7377471923828,568.2237396240234,2.3381214987289245,57.0,21.0,25.0,4.0,1218.242751640207,5462.851214994043,17031.464859834312,1,1,0,1
2011,Sued_DE,Germany,Spring_Barley,157688,5.171,4.14724866549174,16.525936762491863,22.382193247477215,14.33007796605428,-1.885296960671743,3.35016323129336,11.292495091756184,4.5048200488090515,9.938049996892612,16.8373441696167,21.17598819732666,21.35306930541992,24.440441131591797,-0.4140264689922333,13.175773531198503,11.08969815572103,894.424499720335,1515.360975265503,237.91364860534668,122.58368110656738,324.4485092163086,127.489810526371,54.80950355529785,240.2167053222656,223.84114837646484,812.4356494545937,107.89851108409846,15026.758873636603,105266.83513268508,149.88833618164062,743.5052185058594,760.9381561279297,370.6599884033203,503.7377471923828,568.2237396240234,2.3381214987289245,57.0,21.0,25.0,4.0,1218.242751640207,5462.851214994043,17031.464859834312,1,1,0,1
2011,Sued_DE,Germany,Wheat,736352,7.097,4.14724866549174,16.525936762491863,22.382193247477215,14.33007796605428,-1.885296960671743,3.35016323129336,11.292495091756184,4.5048200488090515,9.938049996892612,16.8373441696167,21.17598819732666,21.35306930541992,24.440441131591797,-0.4140264689922333,13.175773531198503,11.08969815572103,894.424499720335,1515.360975265503,237.91364860534668,122.58368110656738,324.4485092163086,127.489810526371,54.80950355529785,240.2167053222656,223.84114837646484,812.4356494545937,107.89851108409846,15026.758873636603,105266.83513268508,149.88833618164062,743.5052185058594,760.9381561279297,370.6599884033203,503.7377471923828,568.2237396240234,2.3381214987289245,57.0,21.0,25.0,4.0,1218.242751640207,5462.851214994043,17031.464859834312,1,1,0,1
2011,Sued_DE,Germany,Winter_Barley,359031,5.665,4.14724866549174,16.525936762491863,22.382193247477215,14.33007796605428,-1.885296960671743,3.35016323129336,11.292495091756184,4.5048200488090515,9.938049996892612,16.8373441696167,21.17598819732666,21.35306930541992,24.440441131591797,-0.4140264689922333,13.175773531198503,11.08969815572103,894.424499720335,1515.360975265503,237.91364860534668,122.58368110656738,324.4485092163086,127.489810526371,54.80950355529785,240.2167053222656,223.84114837646484,812.4356494545937,107.89851108409846,15026.758873636603,105266.83513268508,149.88833618164062,743.5052185058594,760.9381561279297,370.6599884033203,503.7377471923828,568.2237396240234,2.3381214987289245,57.0,21.0,25.0,4.0,1218.242751640207,5462.851214994043,17031.464859834312,1,1,0,1
2011,West_DE,Germany,Oats,27760,4.391,5.445647557576497,16.94233512878418,21.868750254313152,15.162666002909342,0.3360759913921356,4.625534375508626,11.657432238260904,6.019967635472615,10.783934752146402,16.76309124628703,21.31995964050293,21.281472206115723,23.043306350708008,0.8273334503173828,12.316800753275556,10.211318016052248,970.5541276931764,1508.6782121658323,259.1498489379883,60.711708068847656,262.51221466064453,95.1007125377655,35.7275505065918,153.64117431640625,174.54914093017578,677.474484205246,242.85967633344615,3685.9114966369816,68912.66284603631,113.97541999816896,697.4771270751953,686.934814453125,325.4173164367676,471.2374572753906,554.5156707763672,2.606842401358022,38.0,14.0,11.0,1.0,654.7110985058134,4400.516207621272,15022.405898268336,1,1,0,1
2011,West_DE,Germany,Oilseed_Rape,151029,3.312,5.445647557576497,16.94233512878418,21.868750254313152,15.162666002909342,0.3360759913921356,4.625534375508626,11.657432238260904,6.019967635472615,10.783934752146402,16.76309124628703,21.31995964050293,21.281472206115723,23.043306350708008,0.8273334503173828,12.316800753275556,10.211318016052248,970.5541276931764,1508.6782121658323,259.1498489379883,60.711708068847656,262.51221466064453,95.1007125377655,35.7275505065918,153.64117431640625,174.54914093017578,677.474484205246,242.85967633344615,3685.9114966369816,68912.66284603631,113.97541999816896,697.4771270751953,686.934814453125,325.4173164367676,471.2374572753906,554.5156707763672,2.606842401358022,38.0,14.0,11.0,1.0,654.7110985058134,4400.516207621272,15022.405898268336,1,1,0,1
2011,West_DE,Germany,Spring_Barley,61820,4.385,5.445647557576497,16.94233512878418,21.868750254313152,15.162666002909342,0.3360759913921356,4.625534375508626,11.657432238260904,6.019967635472615,10.783934752146402,16.76309124628703,21.31995964050293,21.281472206115723,23.043306350708008,0.8273334503173828,12.316800753275556,10.211318016052248,970.5541276931764,1508.6782121658323,259.1498489379883,60.711708068847656,262.51221466064453,95.1007125377655,35.7275505065918,153.64117431640625,174.54914093017578,677.474484205246,242.85967633344615,3685.9114966369816,68912.66284603631,113.97541999816896,697.4771270751953,686.934814453125,325.4173164367676,471.2374572753906,554.5156707763672,2.606842401358022,38.0,14.0,11.0,1.0,654.7110985058134,4400.516207621272,15022.405898268336,1,1,0,1
2011,West_DE,Germany,Wheat,524181,7.485,5.445647557576497,16.94233512878418,21.868750254313152,15.162666002909342,0.3360759913921356,4.625534375508626,11.657432238260904,6.019967635472615,10.783934752146402,16.76309124628703,21.31995964050293,21.281472206115723,23.043306350708008,0.8273334503173828,12.316800753275556,10.211318016052248,970.5541276931764,1508.6782121658323,259.1498489379883,60.711708068847656,262.51221466064453,95.1007125377655,35.7275505065918,153.64117431640625,174.54914093017578,677.474484205246,242.85967633344615,3685.9114966369816,68912.66284603631,113.97541999816896,697.4771270751953,686.934814453125,325.4173164367676,471.2374572753906,554.5156707763672,2.606842401358022,38.0,14.0,11.0,1.0,654.7110985058134,4400.516207621272,15022.405898268336,1,1,0,1
2011,West_DE,Germany,Winter_Barley,262854,6.106,5.445647557576497,16.94233512878418,21.868750254313152,15.162666002909342,0.3360759913921356,4.625534375508626,11.657432238260904,6.019967635472615,10.783934752146402,16.76309124628703,21.31995964050293,21.281472206115723,23.043306350708008,0.8273334503173828,12.316800753275556,10.211318016052248,970.5541276931764,1508.6782121658323,259.1498489379883,60.711708068847656,262.51221466064453,95.1007125377655,35.7275505065918,153.64117431640625,174.54914093017578,677.474484205246,242.85967633344615,3685.9114966369816,68912.66284603631,113.97541999816896,697.4771270751953,686.934814453125,325.4173164367676,471.2374572753906,554.5156707763672,2.606842401358022,38.0,14.0,11.0,1.0,654.7110985058134,4400.516207621272,15022.405898268336,1,1,0,1
2012,Nord_DE,Germany,Oats,20228,5.185,3.6079135735829673,14.134848594665527,21.5402291615804,13.232468287150065,-1.694562166929245,4.797678311665853,11.564957936604818,6.048785924911499,9.46626345316569,16.55259354909261,19.0327730178833,20.60054874420166,23.41958999633789,2.999354124069214,9.337170282999676,9.975271224975584,851.9637107849121,1489.733419418335,207.38107872009277,86.29477977752686,217.81139373779297,149.37337112426758,47.252055168151855,164.18142700195312,148.58827209472656,660.8606233596802,259.47353717901194,7446.789016851858,47441.80324199988,112.33829116821288,575.1461486816406,714.0068664550781,262.3582572937012,480.0785217285156,495.44830322265625,3.263115572997492,51.0,8.0,8.0,6.0,816.8891200069841,3605.343470903062,15379.87152638432,1,0,0,1
2012,Nord_DE,Germany,Oilseed_Rape,484188,4.001,3.6079135735829673,14.134848594665527,21.5402291615804,13.232468287150065,-1.694562166929245,4.797678311665853,11.564957936604818,6.048785924911499,9.46626345316569,16.55259354909261,19.0327730178833,20.60054874420166,23.41958999633789,2.999354124069214,9.337170282999676,9.975271224975584,851.9637107849121,1489.733419418335,207.38107872009277,86.29477977752686,217.81139373779297,149.37337112426758,47.252055168151855,164.18142700195312,148.58827209472656,660.8606233596802,259.47353717901194,7446.789016851858,47441.80324199988,112.33829116821288,575.1461486816406,714.0068664550781,262.3582572937012,480.0785217285156,495.44830322265625,3.263115572997492,51.0,8.0,8.0,6.0,816.8891200069841,3605.343470903062,15379.87152638432,1,0,0,1
2012,Nord_DE,Germany,Spring_Barley,40975,5.617,3.6079135735829673,14.134848594665527,21.5402291615804,13.232468287150065,-1.694562166929245,4.797678311665853,11.564957936604818,6.048785924911499,9.46626345316569,16.55259354909261,19.0327730178833,20.60054874420166,23.41958999633789,2.999354124069214,9.337170282999676,9.975271224975584,851.9637107849121,1489.733419418335,207.38107872009277,86.29477977752686,217.81139373779297,149.37337112426758,47.252055168151855,164.18142700195312,148.58827209472656,660.8606233596802,259.47353717901194,7446.789016851858,47441.80324199988,112.33829116821288,575.1461486816406,714.0068664550781,262.3582572937012,480.0785217285156,495.44830322265625,3.263115572997492,51.0,8.0,8.0,6.0,816.8891200069841,3605.343470903062,15379.87152638432,1,0,0,1
2012,Nord_DE,Germany,Wheat,976971,7.903,3.6079135735829673,14.134848594665527,21.5402291615804,13.232468287150065,-1.694562166929245,4.797678311665853,11.564957936604818,6.048785924911499,9.46626345316569,16.55259354909261,19.0327730178833,20.60054874420166,23.41958999633789,2.999354124069214,9.337170282999676,9.975271224975584,851.9637107849121,1489.733419418335,207.38107872009277,86.29477977752686,217.81139373779297,149.37337112426758,47.252055168151855,164.18142700195312,148.58827209472656,660.8606233596802,259.47353717901194,7446.789016851858,47441.80324199988,112.33829116821288,575.1461486816406,714.0068664550781,262.3582572937012,480.0785217285156,495.44830322265625,3.263115572997492,51.0,8.0,8.0,6.0,816.8891200069841,3605.343470903062,15379.87152638432,1,0,0,1
2012,Nord_DE,Germany,Winter_Barley,324466,7.139,3.6079135735829673,14.134848594665527,21.5402291615804,13.232468287150065,-1.694562166929245,4.797678311665853,11.564957936604818,6.048785924911499,9.46626345316569,16.55259354909261,19.0327730178833,20.60054874420166,23.41958999633789,2.999354124069214,9.337170282999676,9.975271224975584,851.9637107849121,1489.733419418335,207.38107872009277,86.29477977752686,217.81139373779297,149.37337112426758,47.252055168151855,164.18142700195312,148.58827209472656,660.8606233596802,259.47353717901194,7446.789016851858,47441.80324199988,112.33829116821288,575.1461486816406,714.0068664550781,262.3582572937012,480.0785217285156,495.44830322265625,3.263115572997492,51.0,8.0,8.0,6.0,816.8891200069841,3605.343470903062,15379.87152638432,1,0,0,1
2012,Ost_DE,Germany,Oats,26524,4.429,2.4922742446263633,15.480800946553549,22.872753143310547,13.675582567850748,-3.214244564374288,4.429182291030884,11.764420827229818,4.940796375274658,9.954991618792215,17.318586985270183,20.71528720855713,22.0526065826416,24.51304626464844,2.083649158477783,11.051618655522663,11.108332316080729,895.9492456912994,1558.6728286743164,174.93970489501953,80.92596054077148,236.4591484069824,124.71374130249023,37.353702545166016,191.04835510253903,148.0297966003418,617.0385551452637,303.29560539342845,6549.011089446503,55912.92886535534,129.88328170776367,620.2891845703125,736.5861358642578,295.67529678344727,492.5368957519531,521.2534790039062,3.1019488649130467,53.0,15.0,11.0,7.0,805.6172589260898,4095.138330149237,16847.752854408172,1,0,0,1
2012,Ost_DE,Germany,Oilseed_Rape,558778,3.707,2.4922742446263633,15.480800946553549,22.872753143310547,13.675582567850748,-3.214244564374288,4.429182291030884,11.764420827229818,4.940796375274658,9.954991618792215,17.318586985270183,20.71528720855713,22.0526065826416,24.51304626464844,2.083649158477783,11.051618655522663,11.108332316080729,895.9492456912994,1558.6728286743164,174.93970489501953,80.92596054077148,236.4591484069824,124.71374130249023,37.353702545166016,191.04835510253903,148.0297966003418,617.0385551452637,303.29560539342845,6549.011089446503,55912.92886535534,129.88328170776367,620.2891845703125,736.5861358642578,295.67529678344727,492.5368957519531,521.2534790039062,3.1019488649130467,53.0,15.0,11.0,7.0,805.6172589260898,4095.138330149237,16847.752854408172,1,0,0,1
2012,Ost_DE,Germany,Spring_Barley,72200,5.456,2.4922742446263633,15.480800946553549,22.872753143310547,13.675582567850748,-3.214244564374288,4.429182291030884,11.764420827229818,4.940796375274658,9.954991618792215,17.318586985270183,20.71528720855713,22.0526065826416,24.51304626464844,2.083649158477783,11.051618655522663,11.108332316080729,895.9492456912994,1558.6728286743164,174.93970489501953,80.92596054077148,236.4591484069824,124.71374130249023,37.353702545166016,191.04835510253903,148.0297966003418,617.0385551452637,303.29560539342845,6549.011089446503,55912.92886535534,129.88328170776367,620.2891845703125,736.5861358642578,295.67529678344727,492.5368957519531,521.2534790039062,3.1019488649130467,53.0,15.0,11.0,7.0,805.6172589260898,4095.138330149237,16847.752854408172,1,0,0,1
2012,Ost_DE,Germany,Wheat,896673,6.991,2.4922742446263633,15.480800946553549,22.872753143310547,13.675582567850748,-3.214244564374288,4.429182291030884,11.764420827229818,4.940796375274658,9.954991618792215,17.318586985270183,20.71528720855713,22.0526065826416,24.51304626464844,2.083649158477783,11.051618655522663,11.108332316080729,895.9492456912994,1558.6728286743164,174.93970489501953,80.92596054077148,236.4591484069824,124.71374130249023,37.353702545166016,191.04835510253903,148.0297966003418,617.0385551452637,303.29560539342845,6549.011089446503,55912.92886535534,129.88328170776367,620.2891845703125,736.5861358642578,295.67529678344727,492.5368957519531,521.2534790039062,3.1019488649130467,53.0,15.0,11.0,7.0,805.6172589260898,4095.138330149237,16847.752854408172,1,0,0,1
2012,Ost_DE,Germany,Winter_Barley,322289,6.291,2.4922742446263633,15.480800946553549,22.872753143310547,13.675582567850748,-3.214244564374288,4.429182291030884,11.764420827229818,4.940796375274658,9.954991618792215,17.318586985270183,20.71528720855713,22.0526065826416,24.51304626464844,2.083649158477783,11.051618655522663,11.108332316080729,895.9492456912994,1558.6728286743164,174.93970489501953,80.92596054077148,236.4591484069824,124.71374130249023,37.353702545166016,191.04835510253903,148.0297966003418,617.0385551452637,303.29560539342845,6549.011089446503,55912.92886535534,129.88328170776367,620.2891845703125,736.5861358642578,295.67529678344727,492.5368957519531,521.2534790039062,3.1019488649130467,53.0,15.0,11.0,7.0,805.6172589260898,4095.138330149237,16847.752854408172,1,0,0,1
2012,Sued_DE,Germany,Oats,52733,5.446,2.244542956352234,15.38156827290853,23.341275533040363,13.352497736612955,-4.036004662513733,3.656141837437948,11.76359208424886,4.377657691637675,9.51885505517324,17.55243380864461,21.301465034484863,22.49451732635498,25.034791946411133,0.826545238494873,11.72542643547058,11.577683448791502,856.6969549655914,1579.7190427780151,261.537166595459,133.80973625183103,314.6823043823242,217.54996490478516,69.92743492126465,213.2563247680664,194.17770385742188,927.5791721343994,7.245011595707297,17905.04551578459,99024.95269136976,166.94684982299805,677.4096069335938,799.6155090332031,327.27093505859375,532.1152038574219,570.2366638183594,2.532975393086289,60.0,17.0,10.0,7.0,1273.7154843521398,5523.440318422502,18664.04591683632,1,1,0,1
2012,Sued_DE,Germany,Oilseed_Rape,203573,3.265,2.244542956352234,15.38156827290853,23.341275533040363,13.352497736612955,-4.036004662513733,3.656141837437948,11.76359208424886,4.377657691637675,9.51885505517324,17.55243380864461,21.301465034484863,22.49451732635498,25.034791946411133,0.826545238494873,11.72542643547058,11.577683448791502,856.6969549655914,1579.7190427780151,261.537166595459,133.80973625183103,314.6823043823242,217.54996490478516,69.92743492126465,213.2563247680664,194.17770385742188,927.5791721343994,7.245011595707297,17905.04551578459,99024.95269136976,166.94684982299805,677.4096069335938,799.6155090332031,327.27093505859375,532.1152038574219,570.2366638183594,2.532975393086289,60.0,17.0,10.0,7.0,1273.7154843521398,5523.440318422502,18664.04591683632,1,1,0,1
2012,Sued_DE,Germany,Spring_Barley,156438,5.63,2.244542956352234,15.38156827290853,23.341275533040363,13.352497736612955,-4.036004662513733,3.656141837437948,11.76359208424886,4.377657691637675,9.51885505517324,17.55243380864461,21.301465034484863,22.49451732635498,25.034791946411133,0.826545238494873,11.72542643547058,11.577683448791502,856.6969549655914,1579.7190427780151,261.537166595459,133.80973625183103,314.6823043823242,217.54996490478516,69.92743492126465,213.2563247680664,194.17770385742188,927.5791721343994,7.245011595707297,17905.04551578459,99024.95269136976,166.94684982299805,677.4096069335938,799.6155090332031,327.27093505859375,532.1152038574219,570.2366638183594,2.532975393086289,60.0,17.0,10.0,7.0,1273.7154843521398,5523.440318422502,18664.04591683632,1,1,0,1
2012,Sued_DE,Germany,Wheat,736352,6.95,2.244542956352234,15.38156827290853,23.341275533040363,13.352497736612955,-4.036004662513733,3.656141837437948,11.76359208424886,4.377657691637675,9.51885505517324,17.55243380864461,21.301465034484863,22.49451732635498,25.034791946411133,0.826545238494873,11.72542643547058,11.577683448791502,856.6969549655914,1579.7190427780151,261.537166595459,133.80973625183103,314.6823043823242,217.54996490478516,69.92743492126465,213.2563247680664,194.17770385742188,927.5791721343994,7.245011595707297,17905.04551578459,99024.95269136976,166.94684982299805,677.4096069335938,799.6155090332031,327.27093505859375,532.1152038574219,570.2366638183594,2.532975393086289,60.0,17.0,10.0,7.0,1273.7154843521398,5523.440318422502,18664.04591683632,1,1,0,1
2012,Sued_DE,Germany,Winter_Barley,360742,6.002,2.244542956352234,15.38156827290853,23.341275533040363,13.352497736612955,-4.036004662513733,3.656141837437948,11.76359208424886,4.377657691637675,9.51885505517324,17.55243380864461,21.301465034484863,22.49451732635498,25.034791946411133,0.826545238494873,11.72542643547058,11.577683448791502,856.6969549655914,1579.7190427780151,261.537166595459,133.80973625183103,314.6823043823242,217.54996490478516,69.92743492126465,213.2563247680664,194.17770385742188,927.5791721343994,7.245011595707297,17905.04551578459,99024.95269136976,166.94684982299805,677.4096069335938,799.6155090332031,327.27093505859375,532.1152038574219,570.2366638183594,2.532975393086289,60.0,17.0,10.0,7.0,1273.7154843521398,5523.440318422502,18664.04591683632,1,1,0,1
2012,West_DE,Germany,Oats,27198,5.794,4.099326332410176,15.17441209157308,22.18016179402669,13.664637565612791,-1.319709738095601,5.0507112344106035,11.80426343282064,5.257508039474487,10.112561662991842,16.992212613423664,19.9081449508667,21.00095844268799,24.5385684967041,2.8381712436676025,10.123700857162476,10.375898361206051,910.1305496692656,1529.29913520813,251.8357219696045,120.99929618835448,246.27003479003903,158.41936874389648,65.06427955627441,204.9613571166992,147.9474334716797,777.5244216918945,142.8097388467976,14640.829678077138,60648.93003548705,129.98551177978516,589.5247955322266,722.8258819580078,292.0280570983887,474.9642028808594,490.7523193359375,2.923224735143386,47.0,10.0,5.0,4.0,1223.612843883349,4184.672791467587,16032.395010738652,1,0,0,1
2012,West_DE,Germany,Oilseed_Rape,150823,3.606,4.099326332410176,15.17441209157308,22.18016179402669,13.664637565612791,-1.319709738095601,5.0507112344106035,11.80426343282064,5.257508039474487,10.112561662991842,16.992212613423664,19.9081449508667,21.00095844268799,24.5385684967041,2.8381712436676025,10.123700857162476,10.375898361206051,910.1305496692656,1529.29913520813,251.8357219696045,120.99929618835448,246.27003479003903,158.41936874389648,65.06427955627441,204.9613571166992,147.9474334716797,777.5244216918945,142.8097388467976,14640.829678077138,60648.93003548705,129.98551177978516,589.5247955322266,722.8258819580078,292.0280570983887,474.9642028808594,490.7523193359375,2.923224735143386,47.0,10.0,5.0,4.0,1223.612843883349,4184.672791467587,16032.395010738652,1,0,0,1
2012,West_DE,Germany,Spring_Barley,62817,5.745,4.099326332410176,15.17441209157308,22.18016179402669,13.664637565612791,-1.319709738095601,5.0507112344106035,11.80426343282064,5.257508039474487,10.112561662991842,16.992212613423664,19.9081449508667,21.00095844268799,24.5385684967041,2.8381712436676025,10.123700857162476,10.375898361206051,910.1305496692656,1529.29913520813,251.8357219696045,120.99929618835448,246.27003479003903,158.41936874389648,65.06427955627441,204.9613571166992,147.9474334716797,777.5244216918945,142.8097388467976,14640.829678077138,60648.93003548705,129.98551177978516,589.5247955322266,722.8258819580078,292.0280570983887,474.9642028808594,490.7523193359375,2.923224735143386,47.0,10.0,5.0,4.0,1223.612843883349,4184.672791467587,16032.395010738652,1,0,0,1
2012,West_DE,Germany,Wheat,540512,7.538,4.099326332410176,15.17441209157308,22.18016179402669,13.664637565612791,-1.319709738095601,5.0507112344106035,11.80426343282064,5.257508039474487,10.112561662991842,16.992212613423664,19.9081449508667,21.00095844268799,24.5385684967041,2.8381712436676025,10.123700857162476,10.375898361206051,910.1305496692656,1529.29913520813,251.8357219696045,120.99929618835448,246.27003479003903,158.41936874389648,65.06427955627441,204.9613571166992,147.9474334716797,777.5244216918945,142.8097388467976,14640.829678077138,60648.93003548705,129.98551177978516,589.5247955322266,722.8258819580078,292.0280570983887,474.9642028808594,490.7523193359375,2.923224735143386,47.0,10.0,5.0,4.0,1223.612843883349,4184.672791467587,16032.395010738652,1,0,0,1
2012,West_DE,Germany,Winter_Barley,262194,6.279,4.099326332410176,15.17441209157308,22.18016179402669,13.664637565612791,-1.319709738095601,5.0507112344106035,11.80426343282064,5.257508039474487,10.112561662991842,16.992212613423664,19.9081449508667,21.00095844268799,24.5385684967041,2.8381712436676025,10.123700857162476,10.375898361206051,910.1305496692656,1529.29913520813,251.8357219696045,120.99929618835448,246.27003479003903,158.41936874389648,65.06427955627441,204.9613571166992,147.9474334716797,777.5244216918945,142.8097388467976,14640.829678077138,60648.93003548705,129.98551177978516,589.5247955322266,722.8258819580078,292.0280570983887,474.9642028808594,490.7523193359375,2.923224735143386,47.0,10.0,5.0,4.0,1223.612843883349,4184.672791467587,16032.395010738652,1,0,0,1
2013,Nord_DE,Germany,Oats,16382,5.079,3.9299705028533936,10.719555616378784,22.832905451456707,13.488896052042644,-0.4037693738937378,2.150256315867106,11.751948356628418,6.580083847045898,6.434905966122945,17.292426904042564,18.621384620666504,22.43223285675049,24.58654403686523,-3.840852975845337,8.569299300511679,11.080957094828287,593.2171833515167,1556.3184213638306,157.2434959411621,156.80642127990723,148.9395637512207,209.1781768798828,49.04135322570801,108.93699264526369,75.56755447387695,672.1676578521729,248.16650268651927,24588.253754611746,22182.993650403936,88.8260612487793,539.9001770019531,800.4510803222656,248.0107192993164,562.5956420898438,488.23976135253906,5.3384914581342375,45.0,37.0,6.0,8.0,1009.0345758204628,2575.5265192879715,18276.62383551467,1,1,0,1
2013,Nord_DE,Germany,Oilseed_Rape,484188,4.105,3.9299705028533936,10.719555616378784,22.832905451456707,13.488896052042644,-0.4037693738937378,2.150256315867106,11.751948356628418,6.580083847045898,6.434905966122945,17.292426904042564,18.621384620666504,22.43223285675049,24.58654403686523,-3.840852975845337,8.569299300511679,11.080957094828287,593.2171833515167,1556.3184213638306,157.2434959411621,156.80642127990723,148.9395637512207,209.1781768798828,49.04135322570801,108.93699264526369,75.56755447387695,672.1676578521729,248.16650268651927,24588.253754611746,22182.993650403936,88.8260612487793,539.9001770019531,800.4510803222656,248.0107192993164,562.5956420898438,488.23976135253906,5.3384914581342375,45.0,37.0,6.0,8.0,1009.0345758204628,2575.5265192879715,18276.62383551467,1,1,0,1
2013,Nord_DE,Germany,Spring_Barley,36905,5.802,3.9299705028533936,10.719555616378784,22.832905451456707,13.488896052042644,-0.4037693738937378,2.150256315867106,11.751948356628418,6.580083847045898,6.434905966122945,17.292426904042564,18.621384620666504,22.43223285675049,24.58654403686523,-3.840852975845337,8.569299300511679,11.080957094828287,593.2171833515167,1556.3184213638306,157.2434959411621,156.80642127990723,148.9395637512207,209.1781768798828,49.04135322570801,108.93699264526369,75.56755447387695,672.1676578521729,248.16650268651927,24588.253754611746,22182.993650403936,88.8260612487793,539.9001770019531,800.4510803222656,248.0107192993164,562.5956420898438,488.23976135253906,5.3384914581342375,45.0,37.0,6.0,8.0,1009.0345758204628,2575.5265192879715,18276.62383551467,1,1,0,1
2013,Nord_DE,Germany,Wheat,976971,8.679,3.9299705028533936,10.719555616378784,22.832905451456707,13.488896052042644,-0.4037693738937378,2.150256315867106,11.751948356628418,6.580083847045898,6.434905966122945,17.292426904042564,18.621384620666504,22.43223285675049,24.58654403686523,-3.840852975845337,8.569299300511679,11.080957094828287,593.2171833515167,1556.3184213638306,157.2434959411621,156.80642127990723,148.9395637512207,209.1781768798828,49.04135322570801,108.93699264526369,75.56755447387695,672.1676578521729,248.16650268651927,24588.253754611746,22182.993650403936,88.8260612487793,539.9001770019531,800.4510803222656,248.0107192993164,562.5956420898438,488.23976135253906,5.3384914581342375,45.0,37.0,6.0,8.0,1009.0345758204628,2575.5265192879715,18276.62383551467,1,1,0,1
2013,Nord_DE,Germany,Winter_Barley,324466,7.7,3.9299705028533936,10.719555616378784,22.832905451456707,13.488896052042644,-0.4037693738937378,2.150256315867106,11.751948356628418,6.580083847045898,6.434905966122945,17.292426904042564,18.621384620666504,22.43223285675049,24.58654403686523,-3.840852975845337,8.569299300511679,11.080957094828287,593.2171833515167,1556.3184213638306,157.2434959411621,156.80642127990723,148.9395637512207,209.1781768798828,49.04135322570801,108.93699264526369,75.56755447387695,672.1676578521729,248.16650268651927,24588.253754611746,22182.993650403936,88.8260612487793,539.9001770019531,800.4510803222656,248.0107192993164,562.5956420898438,488.23976135253906,5.3384914581342375,45.0,37.0,6.0,8.0,1009.0345758204628,2575.5265192879715,18276.62383551467,1,1,0,1
2013,Ost_DE,Germany,Oats,28763,4.283,3.0492547750473022,11.000585794448853,24.095319747924805,13.27650753657023,-1.4193733135859172,2.0567924976348877,12.008413314819336,5.6517453988393145,6.52868914604187,18.05186653137207,19.51608657836914,23.82277774810791,26.136043548583984,-5.045351505279541,8.943793296813965,12.086906433105469,626.9743716716766,1624.6679878234863,138.12060737609863,185.843713760376,173.9880485534668,179.11730575561523,62.863962173461914,129.52863693237305,82.12640762329102,677.0696754455566,243.26448509313548,34537.885944248555,30271.84103944352,97.12585258483888,514.1706695556641,809.6948852539062,254.14083099365232,567.9529418945312,474.6446075439453,4.627143921811938,54.0,38.0,8.0,8.0,1213.3158368874788,3140.809030541066,19509.857158452156,1,1,0,0
2013,Ost_DE,Germany,Oilseed_Rape,558778,3.847,3.0492547750473022,11.000585794448853,24.095319747924805,13.27650753657023,-1.4193733135859172,2.0567924976348877,12.008413314819336,5.6517453988393145,6.52868914604187,18.05186653137207,19.51608657836914,23.82277774810791,26.136043548583984,-5.045351505279541,8.943793296813965,12.086906433105469,626.9743716716766,1624.6679878234863,138.12060737609863,185.843713760376,173.9880485534668,179.11730575561523,62.863962173461914,129.52863693237305,82.12640762329102,677.0696754455566,243.26448509313548,34537.885944248555,30271.84103944352,97.12585258483888,514.1706695556641,809.6948852539062,254.14083099365232,567.9529418945312,474.6446075439453,4.627143921811938,54.0,38.0,8.0,8.0,1213.3158368874788,3140.809030541066,19509.857158452156,1,1,0,0
2013,Ost_DE,Germany,Spring_Barley,72643,5.117,3.0492547750473022,11.000585794448853,24.095319747924805,13.27650753657023,-1.4193733135859172,2.0567924976348877,12.008413314819336,5.6517453988393145,6.52868914604187,18.05186653137207,19.51608657836914,23.82277774810791,26.136043548583984,-5.045351505279541,8.943793296813965,12.086906433105469,626.9743716716766,1624.6679878234863,138.12060737609863,185.843713760376,173.9880485534668,179.11730575561523,62.863962173461914,129.52863693237305,82.12640762329102,677.0696754455566,243.26448509313548,34537.885944248555,30271.84103944352,97.12585258483888,514.1706695556641,809.6948852539062,254.14083099365232,567.9529418945312,474.6446075439453,4.627143921811938,54.0,38.0,8.0,8.0,1213.3158368874788,3140.809030541066,19509.857158452156,1,1,0,0
2013,Ost_DE,Germany,Wheat,895767,7.507,3.0492547750473022,11.000585794448853,24.095319747924805,13.27650753657023,-1.4193733135859172,2.0567924976348877,12.008413314819336,5.6517453988393145,6.52868914604187,18.05186653137207,19.51608657836914,23.82277774810791,26.136043548583984,-5.045351505279541,8.943793296813965,12.086906433105469,626.9743716716766,1624.6679878234863,138.12060737609863,185.843713760376,173.9880485534668,179.11730575561523,62.863962173461914,129.52863693237305,82.12640762329102,677.0696754455566,243.26448509313548,34537.885944248555,30271.84103944352,97.12585258483888,514.1706695556641,809.6948852539062,254.14083099365232,567.9529418945312,474.6446075439453,4.627143921811938,54.0,38.0,8.0,8.0,1213.3158368874788,3140.809030541066,19509.857158452156,1,1,0,0
2013,Ost_DE,Germany,Winter_Barley,321761,6.544,3.0492547750473022,11.000585794448853,24.095319747924805,13.27650753657023,-1.4193733135859172,2.0567924976348877,12.008413314819336,5.6517453988393145,6.52868914604187,18.05186653137207,19.51608657836914,23.82277774810791,26.136043548583984,-5.045351505279541,8.943793296813965,12.086906433105469,626.9743716716766,1624.6679878234863,138.12060737609863,185.843713760376,173.9880485534668,179.11730575561523,62.863962173461914,129.52863693237305,82.12640762329102,677.0696754455566,243.26448509313548,34537.885944248555,30271.84103944352,97.12585258483888,514.1706695556641,809.6948852539062,254.14083099365232,567.9529418945312,474.6446075439453,4.627143921811938,54.0,38.0,8.0,8.0,1213.3158368874788,3140.809030541066,19509.857158452156,1,1,0,0
2013,Sued_DE,Germany,Oats,50706,4.512,2.639537493387858,11.277553876241049,23.620248794555664,12.859861056009928,-2.7988313833872476,2.5084049701690674,11.51354948679606,5.072941899299622,6.892979423205058,17.56689914067586,18.153664112091064,23.489004135131836,26.262592315673828,-2.8184800148010254,8.769148906071981,12.106699307759603,620.3681480884552,1581.0209226608276,172.48452377319336,248.06000518798828,245.15357208251953,266.20084381103516,92.5424575805664,160.16092681884766,128.7562484741211,931.8989448547364,11.564784316044324,61533.76617386477,60100.2739048191,138.2694549560547,516.6778411865234,849.1280059814453,296.202938079834,593.6712646484375,471.3292388916016,3.4495863651200116,67.0,32.0,9.0,7.0,1709.872511480943,4306.5880747500305,20056.61475970669,1,1,0,0
2013,Sued_DE,Germany,Oilseed_Rape,202322,3.756,2.639537493387858,11.277553876241049,23.620248794555664,12.859861056009928,-2.7988313833872476,2.5084049701690674,11.51354948679606,5.072941899299622,6.892979423205058,17.56689914067586,18.153664112091064,23.489004135131836,26.262592315673828,-2.8184800148010254,8.769148906071981,12.106699307759603,620.3681480884552,1581.0209226608276,172.48452377319336,248.06000518798828,245.15357208251953,266.20084381103516,92.5424575805664,160.16092681884766,128.7562484741211,931.8989448547364,11.564784316044324,61533.76617386477,60100.2739048191,138.2694549560547,516.6778411865234,849.1280059814453,296.202938079834,593.6712646484375,471.3292388916016,3.4495863651200116,67.0,32.0,9.0,7.0,1709.872511480943,4306.5880747500305,20056.61475970669,1,1,0,0
2013,Sued_DE,Germany,Spring_Barley,155863,5.386,2.639537493387858,11.277553876241049,23.620248794555664,12.859861056009928,-2.7988313833872476,2.5084049701690674,11.51354948679606,5.072941899299622,6.892979423205058,17.56689914067586,18.153664112091064,23.489004135131836,26.262592315673828,-2.8184800148010254,8.769148906071981,12.106699307759603,620.3681480884552,1581.0209226608276,172.48452377319336,248.06000518798828,245.15357208251953,266.20084381103516,92.5424575805664,160.16092681884766,128.7562484741211,931.8989448547364,11.564784316044324,61533.76617386477,60100.2739048191,138.2694549560547,516.6778411865234,849.1280059814453,296.202938079834,593.6712646484375,471.3292388916016,3.4495863651200116,67.0,32.0,9.0,7.0,1709.872511480943,4306.5880747500305,20056.61475970669,1,1,0,0
2013,Sued_DE,Germany,Wheat,736352,7.526,2.639537493387858,11.277553876241049,23.620248794555664,12.859861056009928,-2.7988313833872476,2.5084049701690674,11.51354948679606,5.072941899299622,6.892979423205058,17.56689914067586,18.153664112091064,23.489004135131836,26.262592315673828,-2.8184800148010254,8.769148906071981,12.106699307759603,620.3681480884552,1581.0209226608276,172.48452377319336,248.06000518798828,245.15357208251953,266.20084381103516,92.5424575805664,160.16092681884766,128.7562484741211,931.8989448547364,11.564784316044324,61533.76617386477,60100.2739048191,138.2694549560547,516.6778411865234,849.1280059814453,296.202938079834,593.6712646484375,471.3292388916016,3.4495863651200116,67.0,32.0,9.0,7.0,1709.872511480943,4306.5880747500305,20056.61475970669,1,1,0,0
2013,Sued_DE,Germany,Winter_Barley,359895,6.273,2.639537493387858,11.277553876241049,23.620248794555664,12.859861056009928,-2.7988313833872476,2.5084049701690674,11.51354948679606,5.072941899299622,6.892979423205058,17.56689914067586,18.153664112091064,23.489004135131836,26.262592315673828,-2.8184800148010254,8.769148906071981,12.106699307759603,620.3681480884552,1581.0209226608276,172.48452377319336,248.06000518798828,245.15357208251953,266.20084381103516,92.5424575805664,160.16092681884766,128.7562484741211,931.8989448547364,11.564784316044324,61533.76617386477,60100.2739048191,138.2694549560547,516.6778411865234,849.1280059814453,296.202938079834,593.6712646484375,471.3292388916016,3.4495863651200116,67.0,32.0,9.0,7.0,1709.872511480943,4306.5880747500305,20056.61475970669,1,1,0,0
2013,West_DE,Germany,Oats,24423,5.545,3.756510098775228,11.303868611653646,23.477053960164387,13.455067793528238,-0.8041190703709921,2.672011693318685,11.77284049987793,6.401715437571208,6.987940152486166,17.624947230021156,18.360827922821045,23.175787925720215,25.566429138183594,-2.666760206222534,8.631856918334961,11.704213460286455,628.9146137237549,1586.2452507019043,148.78153610229492,194.3190765380859,150.2050437927246,259.18749237060547,77.89102172851562,105.46689987182616,78.0943489074707,752.4931488037109,167.84101173498118,37759.9035066145,22561.55518077432,104.15103912353516,496.80879974365234,796.0302581787109,259.5659713745117,559.4077758789062,454.41851806640625,5.264574766896849,45.0,32.0,7.0,8.0,1357.8900773345233,2647.355970529788,18688.445325185185,1,1,0,0
2013,West_DE,Germany,Oilseed_Rape,150596,4.014,3.756510098775228,11.303868611653646,23.477053960164387,13.455067793528238,-0.8041190703709921,2.672011693318685,11.77284049987793,6.401715437571208,6.987940152486166,17.624947230021156,18.360827922821045,23.175787925720215,25.566429138183594,-2.666760206222534,8.631856918334961,11.704213460286455,628.9146137237549,1586.2452507019043,148.78153610229492,194.3190765380859,150.2050437927246,259.18749237060547,77.89102172851562,105.46689987182616,78.0943489074707,752.4931488037109,167.84101173498118,37759.9035066145,22561.55518077432,104.15103912353516,496.80879974365234,796.0302581787109,259.5659713745117,559.4077758789062,454.41851806640625,5.264574766896849,45.0,32.0,7.0,8.0,1357.8900773345233,2647.355970529788,18688.445325185185,1,1,0,0
2013,West_DE,Germany,Spring_Barley,61570,5.756,3.756510098775228,11.303868611653646,23.477053960164387,13.455067793528238,-0.8041190703709921,2.672011693318685,11.77284049987793,6.401715437571208,6.987940152486166,17.624947230021156,18.360827922821045,23.175787925720215,25.566429138183594,-2.666760206222534,8.631856918334961,11.704213460286455,628.9146137237549,1586.2452507019043,148.78153610229492,194.3190765380859,150.2050437927246,259.18749237060547,77.89102172851562,105.46689987182616,78.0943489074707,752.4931488037109,167.84101173498118,37759.9035066145,22561.55518077432,104.15103912353516,496.80879974365234,796.0302581787109,259.5659713745117,559.4077758789062,454.41851806640625,5.264574766896849,45.0,32.0,7.0,8.0,1357.8900773345233,2647.355970529788,18688.445325185185,1,1,0,0
2013,West_DE,Germany,Wheat,535000,8.657,3.756510098775228,11.303868611653646,23.477053960164387,13.455067793528238,-0.8041190703709921,2.672011693318685,11.77284049987793,6.401715437571208,6.987940152486166,17.624947230021156,18.360827922821045,23.175787925720215,25.566429138183594,-2.666760206222534,8.631856918334961,11.704213460286455,628.9146137237549,1586.2452507019043,148.78153610229492,194.3190765380859,150.2050437927246,259.18749237060547,77.89102172851562,105.46689987182616,78.0943489074707,752.4931488037109,167.84101173498118,37759.9035066145,22561.55518077432,104.15103912353516,496.80879974365234,796.0302581787109,259.5659713745117,559.4077758789062,454.41851806640625,5.264574766896849,45.0,32.0,7.0,8.0,1357.8900773345233,2647.355970529788,18688.445325185185,1,1,0,0
2013,West_DE,Germany,Winter_Barley,239539,7.304,3.756510098775228,11.303868611653646,23.477053960164387,13.455067793528238,-0.8041190703709921,2.672011693318685,11.77284049987793,6.401715437571208,6.987940152486166,17.624947230021156,18.360827922821045,23.175787925720215,25.566429138183594,-2.666760206222534,8.631856918334961,11.704213460286455,628.9146137237549,1586.2452507019043,148.78153610229492,194.3190765380859,150.2050437927246,259.18749237060547,77.89102172851562,105.46689987182616,78.0943489074707,752.4931488037109,167.84101173498118,37759.9035066145,22561.55518077432,104.15103912353516,496.80879974365234,796.0302581787109,259.5659713745117,559.4077758789062,454.41851806640625,5.264574766896849,45.0,32.0,7.0,8.0,1357.8900773345233,2647.355970529788,18688.445325185185,1,1,0,0
2014,Nord_DE,Germany,Oats,15223,4.899,5.824766556421916,15.02428658803304,22.5499324798584,15.227953592936196,0.6906644900639852,5.221330086390178,12.107364654541016,8.391285260518393,10.122808337211609,17.328648567199707,18.993106842041016,23.13068675994873,25.508621215820312,2.164210557937622,9.802956501642864,10.442567825317385,911.0527503490448,1559.5783710479736,183.23656272888184,150.62885093688965,228.22996520996097,114.26969146728516,67.65119743347168,151.37354278564453,162.91121673583984,676.3650703430176,243.96909019567454,22689.05073456772,52088.91701973998,109.85270500183104,572.1602783203125,770.9316864013672,266.00917053222656,548.6170959472656,504.7093963623047,3.3631366025608385,29.0,8.0,2.0,1.0,1524.7869880885512,3954.9168596276286,17384.4574749342,1,0,0,1
2014,Nord_DE,Germany,Oilseed_Rape,411443,4.439,5.824766556421916,15.02428658803304,22.5499324798584,15.227953592936196,0.6906644900639852,5.221330086390178,12.107364654541016,8.391285260518393,10.122808337211609,17.328648567199707,18.993106842041016,23.13068675994873,25.508621215820312,2.164210557937622,9.802956501642864,10.442567825317385,911.0527503490448,1559.5783710479736,183.23656272888184,150.62885093688965,228.22996520996097,114.26969146728516,67.65119743347168,151.37354278564453,162.91121673583984,676.3650703430176,243.96909019567454,22689.05073456772,52088.91701973998,109.85270500183104,572.1602783203125,770.9316864013672,266.00917053222656,548.6170959472656,504.7093963623047,3.3631366025608385,29.0,8.0,2.0,1.0,1524.7869880885512,3954.9168596276286,17384.4574749342,1,0,0,1
2014,Nord_DE,Germany,Spring_Barley,62353,6.063,5.824766556421916,15.02428658803304,22.5499324798584,15.227953592936196,0.6906644900639852,5.221330086390178,12.107364654541016,8.391285260518393,10.122808337211609,17.328648567199707,18.993106842041016,23.13068675994873,25.508621215820312,2.164210557937622,9.802956501642864,10.442567825317385,911.0527503490448,1559.5783710479736,183.23656272888184,150.62885093688965,228.22996520996097,114.26969146728516,67.65119743347168,151.37354278564453,162.91121673583984,676.3650703430176,243.96909019567454,22689.05073456772,52088.91701973998,109.85270500183104,572.1602783203125,770.9316864013672,266.00917053222656,548.6170959472656,504.7093963623047,3.3631366025608385,29.0,8.0,2.0,1.0,1524.7869880885512,3954.9168596276286,17384.4574749342,1,0,0,1
2014,Nord_DE,Germany,Wheat,917174,9.299,5.824766556421916,15.02428658803304,22.5499324798584,15.227953592936196,0.6906644900639852,5.221330086390178,12.107364654541016,8.391285260518393,10.122808337211609,17.328648567199707,18.993106842041016,23.13068675994873,25.508621215820312,2.164210557937622,9.802956501642864,10.442567825317385,911.0527503490448,1559.5783710479736,183.23656272888184,150.62885093688965,228.22996520996097,114.26969146728516,67.65119743347168,151.37354278564453,162.91121673583984,676.3650703430176,243.96909019567454,22689.05073456772,52088.91701973998,109.85270500183104,572.1602783203125,770.9316864013672,266.00917053222656,548.6170959472656,504.7093963623047,3.3631366025608385,29.0,8.0,2.0,1.0,1524.7869880885512,3954.9168596276286,17384.4574749342,1,0,0,1
2014,Nord_DE,Germany,Winter_Barley,326910,8.336,5.824766556421916,15.02428658803304,22.5499324798584,15.227953592936196,0.6906644900639852,5.221330086390178,12.107364654541016,8.391285260518393,10.122808337211609,17.328648567199707,18.993106842041016,23.13068675994873,25.508621215820312,2.164210557937622,9.802956501642864,10.442567825317385,911.0527503490448,1559.5783710479736,183.23656272888184,150.62885093688965,228.22996520996097,114.26969146728516,67.65119743347168,151.37354278564453,162.91121673583984,676.3650703430176,243.96909019567454,22689.05073456772,52088.91701973998,109.85270500183104,572.1602783203125,770.9316864013672,266.00917053222656,548.6170959472656,504.7093963623047,3.3631366025608385,29.0,8.0,2.0,1.0,1524.7869880885512,3954.9168596276286,17384.4574749342,1,0,0,1
2014,Ost_DE,Germany,Oats,26717,4.625,5.506436983744304,15.772287050882976,23.378746032714844,15.050736427307127,-0.437649518251419,4.781896630922954,11.830314954121908,7.556198596954346,10.277091840902964,17.604530493418377,19.862492561340332,24.079236030578613,26.299068450927734,1.611316800117493,10.990390419960022,11.548431078592936,924.9382656812668,1584.4077444076538,92.91935920715332,138.92668056488037,225.4595947265625,110.74906349182127,47.92381954193115,147.67190551757812,180.93345642089844,568.0546979904175,352.27946254827464,19300.62257277631,50832.02885426581,127.06134033203124,585.5596008300781,769.1224212646484,268.2496757507324,547.5718383789062,511.4117736816406,3.396289842315233,41.0,15.0,5.0,2.0,1427.7622553170645,3969.110310397519,17981.117754812934,1,1,0,1
2014,Ost_DE,Germany,Oilseed_Rape,530722,4.566,5.506436983744304,15.772287050882976,23.378746032714844,15.050736427307127,-0.437649518251419,4.781896630922954,11.830314954121908,7.556198596954346,10.277091840902964,17.604530493418377,19.862492561340332,24.079236030578613,26.299068450927734,1.611316800117493,10.990390419960022,11.548431078592936,924.9382656812668,1584.4077444076538,92.91935920715332,138.92668056488037,225.4595947265625,110.74906349182127,47.92381954193115,147.67190551757812,180.93345642089844,568.0546979904175,352.27946254827464,19300.62257277631,50832.02885426581,127.06134033203124,585.5596008300781,769.1224212646484,268.2496757507324,547.5718383789062,511.4117736816406,3.396289842315233,41.0,15.0,5.0,2.0,1427.7622553170645,3969.110310397519,17981.117754812934,1,1,0,1
2014,Ost_DE,Germany,Spring_Barley,61165,6.122,5.506436983744304,15.772287050882976,23.378746032714844,15.050736427307127,-0.437649518251419,4.781896630922954,11.830314954121908,7.556198596954346,10.277091840902964,17.604530493418377,19.862492561340332,24.079236030578613,26.299068450927734,1.611316800117493,10.990390419960022,11.548431078592936,924.9382656812668,1584.4077444076538,92.91935920715332,138.92668056488037,225.4595947265625,110.74906349182127,47.92381954193115,147.67190551757812,180.93345642089844,568.0546979904175,352.27946254827464,19300.62257277631,50832.02885426581,127.06134033203124,585.5596008300781,769.1224212646484,268.2496757507324,547.5718383789062,511.4117736816406,3.396289842315233,41.0,15.0,5.0,2.0,1427.7622553170645,3969.110310397519,17981.117754812934,1,1,0,1
2014,Ost_DE,Germany,Wheat,906663,8.435,5.506436983744304,15.772287050882976,23.378746032714844,15.050736427307127,-0.437649518251419,4.781896630922954,11.830314954121908,7.556198596954346,10.277091840902964,17.604530493418377,19.862492561340332,24.079236030578613,26.299068450927734,1.611316800117493,10.990390419960022,11.548431078592936,924.9382656812668,1584.4077444076538,92.91935920715332,138.92668056488037,225.4595947265625,110.74906349182127,47.92381954193115,147.67190551757812,180.93345642089844,568.0546979904175,352.27946254827464,19300.62257277631,50832.02885426581,127.06134033203124,585.5596008300781,769.1224212646484,268.2496757507324,547.5718383789062,511.4117736816406,3.396289842315233,41.0,15.0,5.0,2.0,1427.7622553170645,3969.110310397519,17981.117754812934,1,1,0,1
2014,Ost_DE,Germany,Winter_Barley,352387,7.807,5.506436983744304,15.772287050882976,23.378746032714844,15.050736427307127,-0.437649518251419,4.781896630922954,11.830314954121908,7.556198596954346,10.277091840902964,17.604530493418377,19.862492561340332,24.079236030578613,26.299068450927734,1.611316800117493,10.990390419960022,11.548431078592936,924.9382656812668,1584.4077444076538,92.91935920715332,138.92668056488037,225.4595947265625,110.74906349182127,47.92381954193115,147.67190551757812,180.93345642089844,568.0546979904175,352.27946254827464,19300.62257277631,50832.02885426581,127.06134033203124,585.5596008300781,769.1224212646484,268.2496757507324,547.5718383789062,511.4117736816406,3.396289842315233,41.0,15.0,5.0,2.0,1427.7622553170645,3969.110310397519,17981.117754812934,1,1,0,1
2014,Sued_DE,Germany,Oats,33582,5.149,5.723925749460856,15.43296750386556,22.627753575642902,14.630749066670736,-0.6719065109888712,3.919614732265472,11.045202255249023,6.637717008590698,9.676291118065516,16.83647791544596,20.18874454498291,23.491719245910645,23.918275833129883,0.5341523289680481,11.513352771600088,11.58255132039388,870.8662006258965,1515.2830123901367,149.37716674804688,157.65020179748535,323.4008560180664,185.98980712890625,63.50835609436035,203.3926544189453,279.64974212646484,816.4180316925049,103.91612884618723,24853.586126787857,104588.11367321812,153.50544548034668,636.5205078125,791.4018096923828,304.6248474121094,573.7561340332031,565.9956359863281,2.4395799055730865,51.0,18.0,0.0,2.0,1525.469247414244,5444.931370184494,17907.64512903708,1,1,0,1
2014,Sued_DE,Germany,Oilseed_Rape,144509,4.552,5.723925749460856,15.43296750386556,22.627753575642902,14.630749066670736,-0.6719065109888712,3.919614732265472,11.045202255249023,6.637717008590698,9.676291118065516,16.83647791544596,20.18874454498291,23.491719245910645,23.918275833129883,0.5341523289680481,11.513352771600088,11.58255132039388,870.8662006258965,1515.2830123901367,149.37716674804688,157.65020179748535,323.4008560180664,185.98980712890625,63.50835609436035,203.3926544189453,279.64974212646484,816.4180316925049,103.91612884618723,24853.586126787857,104588.11367321812,153.50544548034668,636.5205078125,791.4018096923828,304.6248474121094,573.7561340332031,565.9956359863281,2.4395799055730865,51.0,18.0,0.0,2.0,1525.469247414244,5444.931370184494,17907.64512903708,1,1,0,1
2014,Sued_DE,Germany,Spring_Barley,135974,6.08,5.723925749460856,15.43296750386556,22.627753575642902,14.630749066670736,-0.6719065109888712,3.919614732265472,11.045202255249023,6.637717008590698,9.676291118065516,16.83647791544596,20.18874454498291,23.491719245910645,23.918275833129883,0.5341523289680481,11.513352771600088,11.58255132039388,870.8662006258965,1515.2830123901367,149.37716674804688,157.65020179748535,323.4008560180664,185.98980712890625,63.50835609436035,203.3926544189453,279.64974212646484,816.4180316925049,103.91612884618723,24853.586126787857,104588.11367321812,153.50544548034668,636.5205078125,791.4018096923828,304.6248474121094,573.7561340332031,565.9956359863281,2.4395799055730865,51.0,18.0,0.0,2.0,1525.469247414244,5444.931370184494,17907.64512903708,1,1,0,1
2014,Sued_DE,Germany,Wheat,733780,8.308,5.723925749460856,15.43296750386556,22.627753575642902,14.630749066670736,-0.6719065109888712,3.919614732265472,11.045202255249023,6.637717008590698,9.676291118065516,16.83647791544596,20.18874454498291,23.491719245910645,23.918275833129883,0.5341523289680481,11.513352771600088,11.58255132039388,870.8662006258965,1515.2830123901367,149.37716674804688,157.65020179748535,323.4008560180664,185.98980712890625,63.50835609436035,203.3926544189453,279.64974212646484,816.4180316925049,103.91612884618723,24853.586126787857,104588.11367321812,153.50544548034668,636.5205078125,791.4018096923828,304.6248474121094,573.7561340332031,565.9956359863281,2.4395799055730865,51.0,18.0,0.0,2.0,1525.469247414244,5444.931370184494,17907.64512903708,1,1,0,1
2014,Sued_DE,Germany,Winter_Barley,323253,7.412,5.723925749460856,15.43296750386556,22.627753575642902,14.630749066670736,-0.6719065109888712,3.919614732265472,11.045202255249023,6.637717008590698,9.676291118065516,16.83647791544596,20.18874454498291,23.491719245910645,23.918275833129883,0.5341523289680481,11.513352771600088,11.58255132039388,870.8662006258965,1515.2830123901367,149.37716674804688,157.65020179748535,323.4008560180664,185.98980712890625,63.50835609436035,203.3926544189453,279.64974212646484,816.4180316925049,103.91612884618723,24853.586126787857,104588.11367321812,153.50544548034668,636.5205078125,791.4018096923828,304.6248474121094,573.7561340332031,565.9956359863281,2.4395799055730865,51.0,18.0,0.0,2.0,1525.469247414244,5444.931370184494,17907.64512903708,1,1,0,1
2014,West_DE,Germany,Oats,17178,5.324,6.544254779815674,16.01220417022705,22.446605682373047,15.242059071858725,1.3261088132858276,5.1298418045043945,11.699346860249838,7.884205500284831,10.571022987365724,17.072976271311443,19.697083473205566,23.281086921691895,24.76046562194824,2.0725226402282715,10.882362365722656,10.747258822123207,951.392068862915,1536.5678644180298,174.98224639892578,140.3313808441162,304.07820892333984,153.06256484985352,50.14611625671387,195.56297302246097,253.76236724853516,772.4544010162354,147.87975952245677,19692.896449616383,92463.55714202631,119.00883865356444,587.8554534912109,745.923095703125,273.59288787841797,535.9342346191406,513.9674224853516,2.4450225348299486,24.0,9.0,1.0,1.0,1483.4462527519263,5191.520045571065,16743.44159862306,1,0,0,1
2014,West_DE,Germany,Oilseed_Rape,151819,4.382,6.544254779815674,16.01220417022705,22.446605682373047,15.242059071858725,1.3261088132858276,5.1298418045043945,11.699346860249838,7.884205500284831,10.571022987365724,17.072976271311443,19.697083473205566,23.281086921691895,24.76046562194824,2.0725226402282715,10.882362365722656,10.747258822123207,951.392068862915,1536.5678644180298,174.98224639892578,140.3313808441162,304.07820892333984,153.06256484985352,50.14611625671387,195.56297302246097,253.76236724853516,772.4544010162354,147.87975952245677,19692.896449616383,92463.55714202631,119.00883865356444,587.8554534912109,745.923095703125,273.59288787841797,535.9342346191406,513.9674224853516,2.4450225348299486,24.0,9.0,1.0,1.0,1483.4462527519263,5191.520045571065,16743.44159862306,1,0,0,1
2014,West_DE,Germany,Spring_Barley,51311,5.732,6.544254779815674,16.01220417022705,22.446605682373047,15.242059071858725,1.3261088132858276,5.1298418045043945,11.699346860249838,7.884205500284831,10.571022987365724,17.072976271311443,19.697083473205566,23.281086921691895,24.76046562194824,2.0725226402282715,10.882362365722656,10.747258822123207,951.392068862915,1536.5678644180298,174.98224639892578,140.3313808441162,304.07820892333984,153.06256484985352,50.14611625671387,195.56297302246097,253.76236724853516,772.4544010162354,147.87975952245677,19692.896449616383,92463.55714202631,119.00883865356444,587.8554534912109,745.923095703125,273.59288787841797,535.9342346191406,513.9674224853516,2.4450225348299486,24.0,9.0,1.0,1.0,1483.4462527519263,5191.520045571065,16743.44159862306,1,0,0,1
2014,West_DE,Germany,Wheat,522891,8.522,6.544254779815674,16.01220417022705,22.446605682373047,15.242059071858725,1.3261088132858276,5.1298418045043945,11.699346860249838,7.884205500284831,10.571022987365724,17.072976271311443,19.697083473205566,23.281086921691895,24.76046562194824,2.0725226402282715,10.882362365722656,10.747258822123207,951.392068862915,1536.5678644180298,174.98224639892578,140.3313808441162,304.07820892333984,153.06256484985352,50.14611625671387,195.56297302246097,253.76236724853516,772.4544010162354,147.87975952245677,19692.896449616383,92463.55714202631,119.00883865356444,587.8554534912109,745.923095703125,273.59288787841797,535.9342346191406,513.9674224853516,2.4450225348299486,24.0,9.0,1.0,1.0,1483.4462527519263,5191.520045571065,16743.44159862306,1,0,0,1
2014,West_DE,Germany,Winter_Barley,224663,7.429,6.544254779815674,16.01220417022705,22.446605682373047,15.242059071858725,1.3261088132858276,5.1298418045043945,11.699346860249838,7.884205500284831,10.571022987365724,17.072976271311443,19.697083473205566,23.281086921691895,24.76046562194824,2.0725226402282715,10.882362365722656,10.747258822123207,951.392068862915,1536.5678644180298,174.98224639892578,140.3313808441162,304.07820892333984,153.06256484985352,50.14611625671387,195.56297302246097,253.76236724853516,772.4544010162354,147.87975952245677,19692.896449616383,92463.55714202631,119.00883865356444,587.8554534912109,745.923095703125,273.59288787841797,535.9342346191406,513.9674224853516,2.4450225348299486,24.0,9.0,1.0,1.0,1483.4462527519263,5191.520045571065,16743.44159862306,1,0,0,1
2015,Nord_DE,Germany,Oats,15223,4.799,6.569764296213786,13.244501113891602,22.562746047973633,13.652758916219076,1.7719290057818096,3.376699924468994,11.647770881652832,6.669532457987468,8.310600519180298,17.105258464813232,18.28913974761963,21.5206241607666,24.646989822387695,1.763810157775879,9.867801189422607,10.9149751663208,747.9540467262268,1539.473261833191,156.95103454589844,139.85916328430176,225.87765884399417,232.0776596069336,94.91087532043456,139.8723487854004,190.17611694335935,754.7655162811279,165.5686442575642,19560.58555458498,51020.716764843804,110.60938453674316,591.9031829833984,767.7541198730469,264.1237373352051,523.91748046875,510.2729187011719,3.384000539255259,29.0,9.0,2.0,3.0,1162.3136350026402,3863.6957359534263,17322.641233981063,1,1,0,1
2015,Nord_DE,Germany,Oilseed_Rape,411443,4.066,6.569764296213786,13.244501113891602,22.562746047973633,13.652758916219076,1.7719290057818096,3.376699924468994,11.647770881652832,6.669532457987468,8.310600519180298,17.105258464813232,18.28913974761963,21.5206241607666,24.646989822387695,1.763810157775879,9.867801189422607,10.9149751663208,747.9540467262268,1539.473261833191,156.95103454589844,139.85916328430176,225.87765884399417,232.0776596069336,94.91087532043456,139.8723487854004,190.17611694335935,754.7655162811279,165.5686442575642,19560.58555458498,51020.716764843804,110.60938453674316,591.9031829833984,767.7541198730469,264.1237373352051,523.91748046875,510.2729187011719,3.384000539255259,29.0,9.0,2.0,3.0,1162.3136350026402,3863.6957359534263,17322.641233981063,1,1,0,1
2015,Nord_DE,Germany,Spring_Barley,62374,5.678,6.569764296213786,13.244501113891602,22.562746047973633,13.652758916219076,1.7719290057818096,3.376699924468994,11.647770881652832,6.669532457987468,8.310600519180298,17.105258464813232,18.28913974761963,21.5206241607666,24.646989822387695,1.763810157775879,9.867801189422607,10.9149751663208,747.9540467262268,1539.473261833191,156.95103454589844,139.85916328430176,225.87765884399417,232.0776596069336,94.91087532043456,139.8723487854004,190.17611694335935,754.7655162811279,165.5686442575642,19560.58555458498,51020.716764843804,110.60938453674316,591.9031829833984,767.7541198730469,264.1237373352051,523.91748046875,510.2729187011719,3.384000539255259,29.0,9.0,2.0,3.0,1162.3136350026402,3863.6957359534263,17322.641233981063,1,1,0,1
2015,Nord_DE,Germany,Wheat,917174,9.065,6.569764296213786,13.244501113891602,22.562746047973633,13.652758916219076,1.7719290057818096,3.376699924468994,11.647770881652832,6.669532457987468,8.310600519180298,17.105258464813232,18.28913974761963,21.5206241607666,24.646989822387695,1.763810157775879,9.867801189422607,10.9149751663208,747.9540467262268,1539.473261833191,156.95103454589844,139.85916328430176,225.87765884399417,232.0776596069336,94.91087532043456,139.8723487854004,190.17611694335935,754.7655162811279,165.5686442575642,19560.58555458498,51020.716764843804,110.60938453674316,591.9031829833984,767.7541198730469,264.1237373352051,523.91748046875,510.2729187011719,3.384000539255259,29.0,9.0,2.0,3.0,1162.3136350026402,3863.6957359534263,17322.641233981063,1,1,0,1
2015,Nord_DE,Germany,Winter_Barley,326980,8.752,6.569764296213786,13.244501113891602,22.562746047973633,13.652758916219076,1.7719290057818096,3.376699924468994,11.647770881652832,6.669532457987468,8.310600519180298,17.105258464813232,18.28913974761963,21.5206241607666,24.646989822387695,1.763810157775879,9.867801189422607,10.9149751663208,747.9540467262268,1539.473261833191,156.95103454589844,139.85916328430176,225.87765884399417,232.0776596069336,94.91087532043456,139.8723487854004,190.17611694335935,754.7655162811279,165.5686442575642,19560.58555458498,51020.716764843804,110.60938453674316,591.9031829833984,767.7541198730469,264.1237373352051,523.91748046875,510.2729187011719,3.384000539255259,29.0,9.0,2.0,3.0,1162.3136350026402,3863.6957359534263,17322.641233981063,1,1,0,1
2015,Ost_DE,Germany,Oats,26717,3.623,6.207737286885579,14.178413073221842,24.88500150044759,13.890589396158852,0.386836181084315,2.814306159814199,12.436041196187338,5.558590094248454,8.49635961651802,18.660521348317463,20.02128219604492,23.56340217590332,27.528200149536133,0.7916859984397888,11.364106913407642,12.448960304260252,764.6723654866219,1679.4469213485718,97.51668167114258,96.26467704772948,201.24933624267575,171.73765182495117,75.15985870361328,129.85941314697266,152.06396484375,566.768346786499,353.5658137521931,9266.888047103655,40501.295338117576,131.65237998962402,620.112548828125,796.7968902587891,281.94361114501953,537.9764556884766,519.1823272705078,3.9396761693335054,44.0,17.0,10.0,7.0,817.8993145654781,3755.41753529117,19828.291809641934,1,1,0,1
2015,Ost_DE,Germany,Oilseed_Rape,530722,3.756,6.207737286885579,14.178413073221842,24.88500150044759,13.890589396158852,0.386836181084315,2.814306159814199,12.436041196187338,5.558590094248454,8.49635961651802,18.660521348317463,20.02128219604492,23.56340217590332,27.528200149536133,0.7916859984397888,11.364106913407642,12.448960304260252,764.6723654866219,1679.4469213485718,97.51668167114258,96.26467704772948,201.24933624267575,171.73765182495117,75.15985870361328,129.85941314697266,152.06396484375,566.768346786499,353.5658137521931,9266.888047103655,40501.295338117576,131.65237998962402,620.112548828125,796.7968902587891,281.94361114501953,537.9764556884766,519.1823272705078,3.9396761693335054,44.0,17.0,10.0,7.0,817.8993145654781,3755.41753529117,19828.291809641934,1,1,0,1
2015,Ost_DE,Germany,Spring_Barley,60699,5.286,6.207737286885579,14.178413073221842,24.88500150044759,13.890589396158852,0.386836181084315,2.814306159814199,12.436041196187338,5.558590094248454,8.49635961651802,18.660521348317463,20.02128219604492,23.56340217590332,27.528200149536133,0.7916859984397888,11.364106913407642,12.448960304260252,764.6723654866219,1679.4469213485718,97.51668167114258,96.26467704772948,201.24933624267575,171.73765182495117,75.15985870361328,129.85941314697266,152.06396484375,566.768346786499,353.5658137521931,9266.888047103655,40501.295338117576,131.65237998962402,620.112548828125,796.7968902587891,281.94361114501953,537.9764556884766,519.1823272705078,3.9396761693335054,44.0,17.0,10.0,7.0,817.8993145654781,3755.41753529117,19828.291809641934,1,1,0,1
2015,Ost_DE,Germany,Wheat,905895,7.451,6.207737286885579,14.178413073221842,24.88500150044759,13.890589396158852,0.386836181084315,2.814306159814199,12.436041196187338,5.558590094248454,8.49635961651802,18.660521348317463,20.02128219604492,23.56340217590332,27.528200149536133,0.7916859984397888,11.364106913407642,12.448960304260252,764.6723654866219,1679.4469213485718,97.51668167114258,96.26467704772948,201.24933624267575,171.73765182495117,75.15985870361328,129.85941314697266,152.06396484375,566.768346786499,353.5658137521931,9266.888047103655,40501.295338117576,131.65237998962402,620.112548828125,796.7968902587891,281.94361114501953,537.9764556884766,519.1823272705078,3.9396761693335054,44.0,17.0,10.0,7.0,817.8993145654781,3755.41753529117,19828.291809641934,1,1,0,1
2015,Ost_DE,Germany,Winter_Barley,352719,7.37,6.207737286885579,14.178413073221842,24.88500150044759,13.890589396158852,0.386836181084315,2.814306159814199,12.436041196187338,5.558590094248454,8.49635961651802,18.660521348317463,20.02128219604492,23.56340217590332,27.528200149536133,0.7916859984397888,11.364106913407642,12.448960304260252,764.6723654866219,1679.4469213485718,97.51668167114258,96.26467704772948,201.24933624267575,171.73765182495117,75.15985870361328,129.85941314697266,152.06396484375,566.768346786499,353.5658137521931,9266.888047103655,40501.295338117576,131.65237998962402,620.112548828125,796.7968902587891,281.94361114501953,537.9764556884766,519.1823272705078,3.9396761693335054,44.0,17.0,10.0,7.0,817.8993145654781,3755.41753529117,19828.291809641934,1,1,0,1
2015,Sued_DE,Germany,Oats,31308,4.711,5.000569979349772,14.322660764058432,25.414892832438152,13.69216283162435,-1.640773018201192,2.9473314185937247,12.6749849319458,4.851709842681885,8.634996091326078,19.04493888219198,20.046679496765137,24.536389350891113,27.171899795532227,-0.2751783430576324,11.375329345464706,12.739907900492351,777.149648219347,1714.0444993972778,145.38582801818848,204.17762756347656,180.85855102539065,190.59272003173828,110.6059799194336,126.48222732543944,94.72268676757812,721.014726638794,199.31943389989817,41688.503597449744,32709.815479003824,164.33079147338867,645.2796936035156,835.6268920898438,311.15735626220703,570.3334350585938,509.0048065185547,4.594927691759601,66.0,26.0,10.0,7.0,1763.073015946852,3444.440050600364,21237.36791036674,1,1,0,0
2015,Sued_DE,Germany,Oilseed_Rape,143578,3.996,5.000569979349772,14.322660764058432,25.414892832438152,13.69216283162435,-1.640773018201192,2.9473314185937247,12.6749849319458,4.851709842681885,8.634996091326078,19.04493888219198,20.046679496765137,24.536389350891113,27.171899795532227,-0.2751783430576324,11.375329345464706,12.739907900492351,777.149648219347,1714.0444993972778,145.38582801818848,204.17762756347656,180.85855102539065,190.59272003173828,110.6059799194336,126.48222732543944,94.72268676757812,721.014726638794,199.31943389989817,41688.503597449744,32709.815479003824,164.33079147338867,645.2796936035156,835.6268920898438,311.15735626220703,570.3334350585938,509.0048065185547,4.594927691759601,66.0,26.0,10.0,7.0,1763.073015946852,3444.440050600364,21237.36791036674,1,1,0,0
2015,Sued_DE,Germany,Spring_Barley,134582,5.456,5.000569979349772,14.322660764058432,25.414892832438152,13.69216283162435,-1.640773018201192,2.9473314185937247,12.6749849319458,4.851709842681885,8.634996091326078,19.04493888219198,20.046679496765137,24.536389350891113,27.171899795532227,-0.2751783430576324,11.375329345464706,12.739907900492351,777.149648219347,1714.0444993972778,145.38582801818848,204.17762756347656,180.85855102539065,190.59272003173828,110.6059799194336,126.48222732543944,94.72268676757812,721.014726638794,199.31943389989817,41688.503597449744,32709.815479003824,164.33079147338867,645.2796936035156,835.6268920898438,311.15735626220703,570.3334350585938,509.0048065185547,4.594927691759601,66.0,26.0,10.0,7.0,1763.073015946852,3444.440050600364,21237.36791036674,1,1,0,0
2015,Sued_DE,Germany,Wheat,730642,7.812,5.000569979349772,14.322660764058432,25.414892832438152,13.69216283162435,-1.640773018201192,2.9473314185937247,12.6749849319458,4.851709842681885,8.634996091326078,19.04493888219198,20.046679496765137,24.536389350891113,27.171899795532227,-0.2751783430576324,11.375329345464706,12.739907900492351,777.149648219347,1714.0444993972778,145.38582801818848,204.17762756347656,180.85855102539065,190.59272003173828,110.6059799194336,126.48222732543944,94.72268676757812,721.014726638794,199.31943389989817,41688.503597449744,32709.815479003824,164.33079147338867,645.2796936035156,835.6268920898438,311.15735626220703,570.3334350585938,509.0048065185547,4.594927691759601,66.0,26.0,10.0,7.0,1763.073015946852,3444.440050600364,21237.36791036674,1,1,0,0
2015,Sued_DE,Germany,Winter_Barley,322646,6.854,5.000569979349772,14.322660764058432,25.414892832438152,13.69216283162435,-1.640773018201192,2.9473314185937247,12.6749849319458,4.851709842681885,8.634996091326078,19.04493888219198,20.046679496765137,24.536389350891113,27.171899795532227,-0.2751783430576324,11.375329345464706,12.739907900492351,777.149648219347,1714.0444993972778,145.38582801818848,204.17762756347656,180.85855102539065,190.59272003173828,110.6059799194336,126.48222732543944,94.72268676757812,721.014726638794,199.31943389989817,41688.503597449744,32709.815479003824,164.33079147338867,645.2796936035156,835.6268920898438,311.15735626220703,570.3334350585938,509.0048065185547,4.594927691759601,66.0,26.0,10.0,7.0,1763.073015946852,3444.440050600364,21237.36791036674,1,1,0,0
2015,West_DE,Germany,Oats,15456,4.963,6.400905768076579,14.314968744913736,24.148104985555012,13.673781712849935,1.0357863542934258,3.383389929930369,12.371404329935707,6.396166960398356,8.849179337422052,18.25975465774536,19.803162574768063,23.47441864013672,25.4954776763916,0.9806227087974548,10.931578814983368,11.776700655619305,796.4261403679848,1643.3779191970823,165.05631256103516,123.2826442718506,206.9583282470703,216.72906494140625,94.14066696166992,114.02825164794922,159.46852111816406,712.0263500213623,208.3078105173298,15198.610378659654,42831.7496308221,126.87124061584473,613.3621826171875,786.4729919433594,268.2948570251465,543.9613037109375,520.1380157470703,3.7818778337598946,36.0,12.0,7.0,5.0,1090.950228353213,3779.008298168635,18991.8323777518,1,1,0,1
2015,West_DE,Germany,Oilseed_Rape,151769,3.936,6.400905768076579,14.314968744913736,24.148104985555012,13.673781712849935,1.0357863542934258,3.383389929930369,12.371404329935707,6.396166960398356,8.849179337422052,18.25975465774536,19.803162574768063,23.47441864013672,25.4954776763916,0.9806227087974548,10.931578814983368,11.776700655619305,796.4261403679848,1643.3779191970823,165.05631256103516,123.2826442718506,206.9583282470703,216.72906494140625,94.14066696166992,114.02825164794922,159.46852111816406,712.0263500213623,208.3078105173298,15198.610378659654,42831.7496308221,126.87124061584473,613.3621826171875,786.4729919433594,268.2948570251465,543.9613037109375,520.1380157470703,3.7818778337598946,36.0,12.0,7.0,5.0,1090.950228353213,3779.008298168635,18991.8323777518,1,1,0,1
2015,West_DE,Germany,Spring_Barley,52298,5.293,6.400905768076579,14.314968744913736,24.148104985555012,13.673781712849935,1.0357863542934258,3.383389929930369,12.371404329935707,6.396166960398356,8.849179337422052,18.25975465774536,19.803162574768063,23.47441864013672,25.4954776763916,0.9806227087974548,10.931578814983368,11.776700655619305,796.4261403679848,1643.3779191970823,165.05631256103516,123.2826442718506,206.9583282470703,216.72906494140625,94.14066696166992,114.02825164794922,159.46852111816406,712.0263500213623,208.3078105173298,15198.610378659654,42831.7496308221,126.87124061584473,613.3621826171875,786.4729919433594,268.2948570251465,543.9613037109375,520.1380157470703,3.7818778337598946,36.0,12.0,7.0,5.0,1090.950228353213,3779.008298168635,18991.8323777518,1,1,0,1
2015,West_DE,Germany,Wheat,419908,8.163,6.400905768076579,14.314968744913736,24.148104985555012,13.673781712849935,1.0357863542934258,3.383389929930369,12.371404329935707,6.396166960398356,8.849179337422052,18.25975465774536,19.803162574768063,23.47441864013672,25.4954776763916,0.9806227087974548,10.931578814983368,11.776700655619305,796.4261403679848,1643.3779191970823,165.05631256103516,123.2826442718506,206.9583282470703,216.72906494140625,94.14066696166992,114.02825164794922,159.46852111816406,712.0263500213623,208.3078105173298,15198.610378659654,42831.7496308221,126.87124061584473,613.3621826171875,786.4729919433594,268.2948570251465,543.9613037109375,520.1380157470703,3.7818778337598946,36.0,12.0,7.0,5.0,1090.950228353213,3779.008298168635,18991.8323777518,1,1,0,1
2015,West_DE,Germany,Winter_Barley,212639,7.92,6.400905768076579,14.314968744913736,24.148104985555012,13.673781712849935,1.0357863542934258,3.383389929930369,12.371404329935707,6.396166960398356,8.849179337422052,18.25975465774536,19.803162574768063,23.47441864013672,25.4954776763916,0.9806227087974548,10.931578814983368,11.776700655619305,796.4261403679848,1643.3779191970823,165.05631256103516,123.2826442718506,206.9583282470703,216.72906494140625,94.14066696166992,114.02825164794922,159.46852111816406,712.0263500213623,208.3078105173298,15198.610378659654,42831.7496308221,126.87124061584473,613.3621826171875,786.4729919433594,268.2948570251465,543.9613037109375,520.1380157470703,3.7818778337598946,36.0,12.0,7.0,5.0,1090.950228353213,3779.008298168635,18991.8323777518,1,1,0,1
2016,Nord_DE,Germany,Oats,13326,4.584,5.195135037104289,13.437677701314293,22.7247797648112,13.972688992818195,0.0489767789840698,4.287665804227193,12.624815305074057,6.155227700869243,8.862671752770742,17.674797534942627,20.960514068603516,22.7273473739624,23.17079734802246,0.9386900663375854,9.150011897087095,10.099964459737144,797.6404577493668,1590.7317781448364,179.13604736328125,115.2113037109375,205.2823715209961,121.98946952819824,78.41695404052734,161.63587951660156,106.810791015625,621.6191921234131,298.71496841527903,13273.64450277388,42140.85205728427,112.28404235839844,581.5082168579102,715.3739776611328,276.5011291503906,491.79876708984375,523.5153656005859,3.467935589388547,44.0,15.0,14.0,2.0,1021.0799669988168,3628.3243541264783,16256.716091826209,1,1,0,1
2016,Nord_DE,Germany,Oilseed_Rape,410871,3.013,5.195135037104289,13.437677701314293,22.7247797648112,13.972688992818195,0.0489767789840698,4.287665804227193,12.624815305074057,6.155227700869243,8.862671752770742,17.674797534942627,20.960514068603516,22.7273473739624,23.17079734802246,0.9386900663375854,9.150011897087095,10.099964459737144,797.6404577493668,1590.7317781448364,179.13604736328125,115.2113037109375,205.2823715209961,121.98946952819824,78.41695404052734,161.63587951660156,106.810791015625,621.6191921234131,298.71496841527903,13273.64450277388,42140.85205728427,112.28404235839844,581.5082168579102,715.3739776611328,276.5011291503906,491.79876708984375,523.5153656005859,3.467935589388547,44.0,15.0,14.0,2.0,1021.0799669988168,3628.3243541264783,16256.716091826209,1,1,0,1
2016,Nord_DE,Germany,Spring_Barley,65886,5.384,5.195135037104289,13.437677701314293,22.7247797648112,13.972688992818195,0.0489767789840698,4.287665804227193,12.624815305074057,6.155227700869243,8.862671752770742,17.674797534942627,20.960514068603516,22.7273473739624,23.17079734802246,0.9386900663375854,9.150011897087095,10.099964459737144,797.6404577493668,1590.7317781448364,179.13604736328125,115.2113037109375,205.2823715209961,121.98946952819824,78.41695404052734,161.63587951660156,106.810791015625,621.6191921234131,298.71496841527903,13273.64450277388,42140.85205728427,112.28404235839844,581.5082168579102,715.3739776611328,276.5011291503906,491.79876708984375,523.5153656005859,3.467935589388547,44.0,15.0,14.0,2.0,1021.0799669988168,3628.3243541264783,16256.716091826209,1,1,0,1
2016,Nord_DE,Germany,Wheat,916032,7.899,5.195135037104289,13.437677701314293,22.7247797648112,13.972688992818195,0.0489767789840698,4.287665804227193,12.624815305074057,6.155227700869243,8.862671752770742,17.674797534942627,20.960514068603516,22.7273473739624,23.17079734802246,0.9386900663375854,9.150011897087095,10.099964459737144,797.6404577493668,1590.7317781448364,179.13604736328125,115.2113037109375,205.2823715209961,121.98946952819824,78.41695404052734,161.63587951660156,106.810791015625,621.6191921234131,298.71496841527903,13273.64450277388,42140.85205728427,112.28404235839844,581.5082168579102,715.3739776611328,276.5011291503906,491.79876708984375,523.5153656005859,3.467935589388547,44.0,15.0,14.0,2.0,1021.0799669988168,3628.3243541264783,16256.716091826209,1,1,0,1
2016,Nord_DE,Germany,Winter_Barley,324268,6.859,5.195135037104289,13.437677701314293,22.7247797648112,13.972688992818195,0.0489767789840698,4.287665804227193,12.624815305074057,6.155227700869243,8.862671752770742,17.674797534942627,20.960514068603516,22.7273473739624,23.17079734802246,0.9386900663375854,9.150011897087095,10.099964459737144,797.6404577493668,1590.7317781448364,179.13604736328125,115.2113037109375,205.2823715209961,121.98946952819824,78.41695404052734,161.63587951660156,106.810791015625,621.6191921234131,298.71496841527903,13273.64450277388,42140.85205728427,112.28404235839844,581.5082168579102,715.3739776611328,276.5011291503906,491.79876708984375,523.5153656005859,3.467935589388547,44.0,15.0,14.0,2.0,1021.0799669988168,3628.3243541264783,16256.716091826209,1,1,0,1
2016,Ost_DE,Germany,Oats,26373,3.913,4.708517869313558,13.83927838007609,24.22413444519043,13.880736509958902,-1.1990698873996737,3.733554800351461,12.465614636739096,5.6918149292469025,8.786416590213776,18.344874540964764,21.93899917602539,24.273417472839355,24.9269962310791,0.4361802339553833,10.105723579724629,11.758519808451334,790.7774931192398,1651.0387086868286,134.56815719604492,110.48662185668944,173.33193588256836,142.32970809936523,66.22417831420898,140.76752853393555,93.06949234008788,560.716423034668,359.61773750402415,12207.293609303088,30043.95999679879,124.28878021240234,586.559814453125,738.4019622802734,283.95685958862305,503.68409729003906,529.8223266601562,4.235609261963729,52.0,19.0,15.0,6.0,970.7814872782922,3179.752617708265,17887.148408869776,1,1,0,1
2016,Ost_DE,Germany,Oilseed_Rape,530722,3.605,4.708517869313558,13.83927838007609,24.22413444519043,13.880736509958902,-1.1990698873996737,3.733554800351461,12.465614636739096,5.6918149292469025,8.786416590213776,18.344874540964764,21.93899917602539,24.273417472839355,24.9269962310791,0.4361802339553833,10.105723579724629,11.758519808451334,790.7774931192398,1651.0387086868286,134.56815719604492,110.48662185668944,173.33193588256836,142.32970809936523,66.22417831420898,140.76752853393555,93.06949234008788,560.716423034668,359.61773750402415,12207.293609303088,30043.95999679879,124.28878021240234,586.559814453125,738.4019622802734,283.95685958862305,503.68409729003906,529.8223266601562,4.235609261963729,52.0,19.0,15.0,6.0,970.7814872782922,3179.752617708265,17887.148408869776,1,1,0,1
2016,Ost_DE,Germany,Spring_Barley,60994,5.558,4.708517869313558,13.83927838007609,24.22413444519043,13.880736509958902,-1.1990698873996737,3.733554800351461,12.465614636739096,5.6918149292469025,8.786416590213776,18.344874540964764,21.93899917602539,24.273417472839355,24.9269962310791,0.4361802339553833,10.105723579724629,11.758519808451334,790.7774931192398,1651.0387086868286,134.56815719604492,110.48662185668944,173.33193588256836,142.32970809936523,66.22417831420898,140.76752853393555,93.06949234008788,560.716423034668,359.61773750402415,12207.293609303088,30043.95999679879,124.28878021240234,586.559814453125,738.4019622802734,283.95685958862305,503.68409729003906,529.8223266601562,4.235609261963729,52.0,19.0,15.0,6.0,970.7814872782922,3179.752617708265,17887.148408869776,1,1,0,1
2016,Ost_DE,Germany,Wheat,905895,8.07,4.708517869313558,13.83927838007609,24.22413444519043,13.880736509958902,-1.1990698873996737,3.733554800351461,12.465614636739096,5.6918149292469025,8.786416590213776,18.344874540964764,21.93899917602539,24.273417472839355,24.9269962310791,0.4361802339553833,10.105723579724629,11.758519808451334,790.7774931192398,1651.0387086868286,134.56815719604492,110.48662185668944,173.33193588256836,142.32970809936523,66.22417831420898,140.76752853393555,93.06949234008788,560.716423034668,359.61773750402415,12207.293609303088,30043.95999679879,124.28878021240234,586.559814453125,738.4019622802734,283.95685958862305,503.68409729003906,529.8223266601562,4.235609261963729,52.0,19.0,15.0,6.0,970.7814872782922,3179.752617708265,17887.148408869776,1,1,0,1
2016,Ost_DE,Germany,Winter_Barley,351591,7.347,4.708517869313558,13.83927838007609,24.22413444519043,13.880736509958902,-1.1990698873996737,3.733554800351461,12.465614636739096,5.6918149292469025,8.786416590213776,18.344874540964764,21.93899917602539,24.273417472839355,24.9269962310791,0.4361802339553833,10.105723579724629,11.758519808451334,790.7774931192398,1651.0387086868286,134.56815719604492,110.48662185668944,173.33193588256836,142.32970809936523,66.22417831420898,140.76752853393555,93.06949234008788,560.716423034668,359.61773750402415,12207.293609303088,30043.95999679879,124.28878021240234,586.559814453125,738.4019622802734,283.95685958862305,503.68409729003906,529.8223266601562,4.235609261963729,52.0,19.0,15.0,6.0,970.7814872782922,3179.752617708265,17887.148408869776,1,1,0,1
2016,Sued_DE,Germany,Oats,31532,4.642,4.667430877685547,13.106311639149984,23.39854685465495,13.796302477518717,-1.6291187616686027,3.169456422328949,12.000391324361166,4.858820942540963,8.137884030739468,17.699469089508057,19.94193649291992,23.034639358520508,24.36574363708496,-0.3630880713462829,9.936855216821035,11.398155530293783,732.409562766552,1592.952218055725,203.12743282318115,233.2071304321289,295.6867561340332,183.49295043945312,120.68551635742188,234.72544860839844,156.86337661743164,915.5142698287964,4.819890709895731,54385.565684387984,87430.65775306722,152.89036178588867,583.0551300048828,756.6862182617188,326.89984130859375,495.3125,485.8267059326172,2.5504549920653456,64.0,22.0,13.0,5.0,1897.812582598198,5233.498600371227,17705.35793226849,1,1,0,0
2016,Sued_DE,Germany,Oilseed_Rape,144915,3.929,4.667430877685547,13.106311639149984,23.39854685465495,13.796302477518717,-1.6291187616686027,3.169456422328949,12.000391324361166,4.858820942540963,8.137884030739468,17.699469089508057,19.94193649291992,23.034639358520508,24.36574363708496,-0.3630880713462829,9.936855216821035,11.398155530293783,732.409562766552,1592.952218055725,203.12743282318115,233.2071304321289,295.6867561340332,183.49295043945312,120.68551635742188,234.72544860839844,156.86337661743164,915.5142698287964,4.819890709895731,54385.565684387984,87430.65775306722,152.89036178588867,583.0551300048828,756.6862182617188,326.89984130859375,495.3125,485.8267059326172,2.5504549920653456,64.0,22.0,13.0,5.0,1897.812582598198,5233.498600371227,17705.35793226849,1,1,0,0
2016,Sued_DE,Germany,Spring_Barley,135081,5.188,4.667430877685547,13.106311639149984,23.39854685465495,13.796302477518717,-1.6291187616686027,3.169456422328949,12.000391324361166,4.858820942540963,8.137884030739468,17.699469089508057,19.94193649291992,23.034639358520508,24.36574363708496,-0.3630880713462829,9.936855216821035,11.398155530293783,732.409562766552,1592.952218055725,203.12743282318115,233.2071304321289,295.6867561340332,183.49295043945312,120.68551635742188,234.72544860839844,156.86337661743164,915.5142698287964,4.819890709895731,54385.565684387984,87430.65775306722,152.89036178588867,583.0551300048828,756.6862182617188,326.89984130859375,495.3125,485.8267059326172,2.5504549920653456,64.0,22.0,13.0,5.0,1897.812582598198,5233.498600371227,17705.35793226849,1,1,0,0
2016,Sued_DE,Germany,Wheat,738498,7.136,4.667430877685547,13.106311639149984,23.39854685465495,13.796302477518717,-1.6291187616686027,3.169456422328949,12.000391324361166,4.858820942540963,8.137884030739468,17.699469089508057,19.94193649291992,23.034639358520508,24.36574363708496,-0.3630880713462829,9.936855216821035,11.398155530293783,732.409562766552,1592.952218055725,203.12743282318115,233.2071304321289,295.6867561340332,183.49295043945312,120.68551635742188,234.72544860839844,156.86337661743164,915.5142698287964,4.819890709895731,54385.565684387984,87430.65775306722,152.89036178588867,583.0551300048828,756.6862182617188,326.89984130859375,495.3125,485.8267059326172,2.5504549920653456,64.0,22.0,13.0,5.0,1897.812582598198,5233.498600371227,17705.35793226849,1,1,0,0
2016,Sued_DE,Germany,Winter_Barley,325791,6.958,4.667430877685547,13.106311639149984,23.39854685465495,13.796302477518717,-1.6291187616686027,3.169456422328949,12.000391324361166,4.858820942540963,8.137884030739468,17.699469089508057,19.94193649291992,23.034639358520508,24.36574363708496,-0.3630880713462829,9.936855216821035,11.398155530293783,732.409562766552,1592.952218055725,203.12743282318115,233.2071304321289,295.6867561340332,183.49295043945312,120.68551635742188,234.72544860839844,156.86337661743164,915.5142698287964,4.819890709895731,54385.565684387984,87430.65775306722,152.89036178588867,583.0551300048828,756.6862182617188,326.89984130859375,495.3125,485.8267059326172,2.5504549920653456,64.0,22.0,13.0,5.0,1897.812582598198,5233.498600371227,17705.35793226849,1,1,0,0
2016,West_DE,Germany,Oats,9292,4.957,5.5820991198221845,13.324331124623615,23.20359484354655,14.4042387008667,0.1239625165859858,4.034847219785054,12.56972599029541,6.124433279037476,8.679589172204336,17.886660416920982,20.39082431793213,22.82432460784912,23.962135314941406,0.7560170888900757,9.289483904838562,10.63386885325114,781.1630254983902,1609.7994375228882,195.5218048095703,179.46397399902344,221.73875427246097,141.47134399414062,116.24722290039062,184.52603912353516,85.87477111816406,738.1958770751953,182.1382834634968,32207.31796352216,49168.075146302814,126.1455078125,553.7516860961914,708.4410095214844,293.68144607543945,471.2594604492187,474.2111358642578,3.1805915941098304,41.0,17.0,10.0,2.0,1557.6735655226844,3966.1657989425953,16438.378155489627,1,1,0,1
2016,West_DE,Germany,Oilseed_Rape,143461,3.705,5.5820991198221845,13.324331124623615,23.20359484354655,14.4042387008667,0.1239625165859858,4.034847219785054,12.56972599029541,6.124433279037476,8.679589172204336,17.886660416920982,20.39082431793213,22.82432460784912,23.962135314941406,0.7560170888900757,9.289483904838562,10.63386885325114,781.1630254983902,1609.7994375228882,195.5218048095703,179.46397399902344,221.73875427246097,141.47134399414062,116.24722290039062,184.52603912353516,85.87477111816406,738.1958770751953,182.1382834634968,32207.31796352216,49168.075146302814,126.1455078125,553.7516860961914,708.4410095214844,293.68144607543945,471.2594604492187,474.2111358642578,3.1805915941098304,41.0,17.0,10.0,2.0,1557.6735655226844,3966.1657989425953,16438.378155489627,1,1,0,1
2016,West_DE,Germany,Spring_Barley,46007,5.079,5.5820991198221845,13.324331124623615,23.20359484354655,14.4042387008667,0.1239625165859858,4.034847219785054,12.56972599029541,6.124433279037476,8.679589172204336,17.886660416920982,20.39082431793213,22.82432460784912,23.962135314941406,0.7560170888900757,9.289483904838562,10.63386885325114,781.1630254983902,1609.7994375228882,195.5218048095703,179.46397399902344,221.73875427246097,141.47134399414062,116.24722290039062,184.52603912353516,85.87477111816406,738.1958770751953,182.1382834634968,32207.31796352216,49168.075146302814,126.1455078125,553.7516860961914,708.4410095214844,293.68144607543945,471.2594604492187,474.2111358642578,3.1805915941098304,41.0,17.0,10.0,2.0,1557.6735655226844,3966.1657989425953,16438.378155489627,1,1,0,1
2016,West_DE,Germany,Wheat,507130,7.528,5.5820991198221845,13.324331124623615,23.20359484354655,14.4042387008667,0.1239625165859858,4.034847219785054,12.56972599029541,6.124433279037476,8.679589172204336,17.886660416920982,20.39082431793213,22.82432460784912,23.962135314941406,0.7560170888900757,9.289483904838562,10.63386885325114,781.1630254983902,1609.7994375228882,195.5218048095703,179.46397399902344,221.73875427246097,141.47134399414062,116.24722290039062,184.52603912353516,85.87477111816406,738.1958770751953,182.1382834634968,32207.31796352216,49168.075146302814,126.1455078125,553.7516860961914,708.4410095214844,293.68144607543945,471.2594604492187,474.2111358642578,3.1805915941098304,41.0,17.0,10.0,2.0,1557.6735655226844,3966.1657989425953,16438.378155489627,1,1,0,1
2016,West_DE,Germany,Winter_Barley,220370,7.125,5.5820991198221845,13.324331124623615,23.20359484354655,14.4042387008667,0.1239625165859858,4.034847219785054,12.56972599029541,6.124433279037476,8.679589172204336,17.886660416920982,20.39082431793213,22.82432460784912,23.962135314941406,0.7560170888900757,9.289483904838562,10.63386885325114,781.1630254983902,1609.7994375228882,195.5218048095703,179.46397399902344,221.73875427246097,141.47134399414062,116.24722290039062,184.52603912353516,85.87477111816406,738.1958770751953,182.1382834634968,32207.31796352216,49168.075146302814,126.1455078125,553.7516860961914,708.4410095214844,293.68144607543945,471.2594604492187,474.2111358642578,3.1805915941098304,41.0,17.0,10.0,2.0,1557.6735655226844,3966.1657989425953,16438.378155489627,1,1,0,1
